drop schema if exists msbx5405_finalproject;
create database msbx5405_finalproject;

use msbx5405_finalproject;

create table if not exists country
(
	countryCode int not null,
    name varchar(50),
    primary key (countryCode)
);

create table customers
(
	customerId int not null,
    custFirstName varchar(45),
    custLastName varchar(45),
    custEmail varchar(45),
    custAddress varchar(100),
    city varchar(50),
    countryCode int,
    postalCode varchar(15),
    primary key (customerId),
    foreign key (countryCode) references country(countryCode)
);

create table employees
(
	employeeId int not null,
    jobId varchar(10) not null, 
    firstName varchar(45),
    lastName varchar(45),
    gender varchar(20),
    salariedInd boolean,
    hourlyRate decimal(10,2),
    city varchar(50),
    countryCode int,
    warehouseId int,
    primary key (employeeId),
    foreign key (jobId) references positions(job_id),
    foreign key (countryCode) references country(countryCode),
    foreign key (warehouseId) references warehouse(warehouseId)
);







CREATE TABLE IF NOT EXISTS orders
(
	orderId varchar(10) NOT NULL,
    paymentAmt varchar(50),
    shippingStatus varchar(20),
    orderDate date,
    customerId int,
    primary key (orderID),
    Foreign key (customerId) references customers(customerId)
);

CREATE TABLE IF NOT EXISTS orderDetails
(
	orderId varchar(10) NOT NULL,
    productID varchar(10) NOT NULL,
    orderLineNum int,
    qtyOrdered int,
    pricePerUnit decimal(10,2),
    PRIMARY KEY (orderId,productID),
    foreign key (orderId) references orders(orderId),
    foreign key (productID) references products(productId)
);
CREATE TABLE IF NOT EXISTS returns
(
    returnId varchar(10) NOT NULL,
    orderId varchar(10),
    qtyReturned int,
    returnDate date,
    returnReason varchar(20),
    refundAmt decimal(10,2),
    resale boolean,
    PRIMARY KEY (returnId),
    foreign key (orderId) references orders(orderId)
);


CREATE TABLE IF NOT EXISTS pricing
(
    productId varchar(10) NOT NULL,
    productSize decimal(10,2),
    Unit varchar(5),
    pricePerUnit decimal(10,2),
    PRIMARY KEY (productId,productSize),
    foreign key (productId) references products(productId)
);


CREATE TABLE IF NOT EXISTS payments (
	`order_Id` VARCHAR(20) NOT NULL,
    `payment_amt` DECIMAL(18,2) NOT NULL,
    `payment_type` VARCHAR(45) NOT NULL,
    PRIMARY KEY(`order_Id`),
foreign key (`order_Id`) references orders(orderID)
);
    
CREATE TABLE IF NOT EXISTS products (
	`productId`  VARCHAR(45) NOT NULL,
     `colorId` varchar(15) NOT NULL,
    `producttype` VARCHAR(45),
    -- `Productline_id` int,
    PRIMARY KEY(`productId`),
    Foreign key (`colorId`) references productline(`colorId`)
    -- Foreign key (`Productline_id`) references productline(Productline_id)
);
    
CREATE TABLE IF NOT EXISTS productline (
	Productline_id int NOT NULL,
	`colorId` VARCHAR(15) NOT NULL,
    `toneBucket` VARCHAR(40),
    `underTone` VARCHAR(30),
    `amtBlue` DECIMAL(18,10),
    `amtRed` DECIMAL(18,10),
    `amtYellow` DECIMAL(18,10),
    `amtBlack` DECIMAL(18,10),
    PRIMARY KEY(`Productline_id`,`colorId`)
);

## Need to add index to use colorId as foreign key for products table
ALTER TABLE productline ADD INDEX colorId_idx (colorId);

    
CREATE TABLE IF NOT EXISTS warehouse (
	`warehouseId` INT NOT NULL,
    `productLine_Id` INT NOT NULL,
    `countryCode` INT NOT NULL,
    PRIMARY KEY(`warehouseId`, `productLine_Id`, `countryCode`),
foreign key (`productLine_Id`) references productLine(`Productline_id`),
foreign key (`countryCode`) references country(`countryCode`)
);


create table if not exists positions
(
	Job_id varchar(10) not null,
    Job_Title varchar(45),
    Job_Type varchar(15),
    primary key (Job_id)
);

ALTER TABLE positions ADD INDEX jobTitle_idx (Job_Title);

CREATE TABLE IF NOT EXISTS benefits
(
	`Job_Title` varchar(45) NOT NULL,
    `Job_Type` varchar(15),
    `Roth_401k` boolean,
    `HealthIns` varchar(15),
    `DentalIns` varchar(15),
    `VisionIns` varchar(15),
    primary key (`Job_title`, `Job_Type`),
    foreign key (`Job_Title`) references positions(`Job_Title`)
);

/*!40101 SET @OLD_CHARACTER_SET_CLIENT=@@CHARACTER_SET_CLIENT */;
/*!40101 SET @OLD_CHARACTER_SET_RESULTS=@@CHARACTER_SET_RESULTS */;
/*!40101 SET @OLD_COLLATION_CONNECTION=@@COLLATION_CONNECTION */;
/*!50503 SET NAMES utf8 */;
/*!40103 SET @OLD_TIME_ZONE=@@TIME_ZONE */;
/*!40103 SET TIME_ZONE='+00:00' */;
/*!40014 SET @OLD_UNIQUE_CHECKS=@@UNIQUE_CHECKS, UNIQUE_CHECKS=0 */;
/*!40014 SET @OLD_FOREIGN_KEY_CHECKS=@@FOREIGN_KEY_CHECKS, FOREIGN_KEY_CHECKS=0 */;
/*!40101 SET @OLD_SQL_MODE=@@SQL_MODE, SQL_MODE='NO_AUTO_VALUE_ON_ZERO' */;
/*!40111 SET @OLD_SQL_NOTES=@@SQL_NOTES, SQL_NOTES=0 */;

--
-- Table structure for table `warehouse`
--

DROP TABLE IF EXISTS `warehouse`;
/*!40101 SET @saved_cs_client     = @@character_set_client */;
/*!50503 SET character_set_client = utf8mb4 */;
CREATE TABLE `warehouse` (
  `warehouseId` int NOT NULL,
  `productLine_Id` int NOT NULL,
  `countryCode` int NOT NULL,
  PRIMARY KEY (`warehouseId`,`productLine_Id`,`countryCode`),
  KEY `productLine_Id` (`productLine_Id`),
  KEY `countryCode` (`countryCode`),
  CONSTRAINT `warehouse_ibfk_1` FOREIGN KEY (`productLine_Id`) REFERENCES `productline` (`Productline_id`),
  CONSTRAINT `warehouse_ibfk_2` FOREIGN KEY (`countryCode`) REFERENCES `country` (`countryCode`)
) ENGINE=InnoDB DEFAULT CHARSET=utf8mb4 COLLATE=utf8mb4_0900_ai_ci;
/*!40101 SET character_set_client = @saved_cs_client */;

--
-- Dumping data for table `warehouse`
--

LOCK TABLES `warehouse` WRITE;
/*!40000 ALTER TABLE `warehouse` DISABLE KEYS */;
INSERT INTO `warehouse` VALUES (4,1,4),(4,1,5),(4,1,7),(4,1,11),(4,1,18),(4,1,20),(4,1,22),(4,1,27),(4,1,35),(4,1,39),(4,2,4),(4,2,5),(4,2,7),(4,2,11),(4,2,18),(4,2,20),(4,2,22),(4,2,27),(4,2,35),(4,2,39),(3,3,1),(3,3,3),(3,3,10),(3,3,12),(3,3,17),(3,3,23),(3,3,24),(3,3,33),(3,3,40),(3,3,41),(2,4,14),(2,4,15),(2,4,16),(2,4,19),(2,4,25),(2,4,26),(2,4,30),(2,4,36),(3,5,1),(3,5,3),(3,5,10),(3,5,12),(3,5,17),(3,5,23),(3,5,24),(3,5,33),(3,5,40),(3,5,41),(4,6,4),(4,6,5),(4,6,7),(4,6,11),(4,6,18),(4,6,20),(4,6,22),(4,6,27),(4,6,35),(4,6,39),(3,7,1),(3,7,3),(3,7,10),(3,7,12),(3,7,17),(3,7,23),(3,7,24),(3,7,33),(3,7,40),(3,7,41),(2,8,14),(2,8,15),(2,8,16),(2,8,19),(2,8,25),(2,8,26),(2,8,30),(2,8,36),(3,9,1),(3,9,3),(3,9,10),(3,9,12),(3,9,17),(3,9,23),(3,9,24),(3,9,33),(3,9,40),(3,9,41),(1,10,2),(1,10,6),(1,10,8),(1,10,9),(1,10,13),(1,10,21),(1,10,28),(1,10,29),(1,10,31),(1,10,32),(1,10,34),(1,10,37),(1,10,38),(2,11,14),(2,11,15),(2,11,16),(2,11,19),(2,11,25),(2,11,26),(2,11,30),(2,11,36),(2,12,14),(2,12,15),(2,12,16),(2,12,19),(2,12,25),(2,12,26),(2,12,30),(2,12,36),(3,13,1),(3,13,3),(3,13,10),(3,13,12),(3,13,17),(3,13,23),(3,13,24),(3,13,33),(3,13,40),(3,13,41),(2,14,14),(2,14,15),(2,14,16),(2,14,19),(2,14,25),(2,14,26),(2,14,30),(2,14,36),(4,15,4),(4,15,5),(4,15,7),(4,15,11),(4,15,18),(4,15,20),(4,15,22),(4,15,27),(4,15,35),(4,15,39),(2,16,14),(2,16,15),(2,16,16),(2,16,19),(2,16,25),(2,16,26),(2,16,30),(2,16,36),(1,17,2),(1,17,6),(1,17,8),(1,17,9),(1,17,13),(1,17,21),(1,17,28),(1,17,29),(1,17,31),(1,17,32),(1,17,34),(1,17,37),(1,17,38),(1,18,2),(1,18,6),(1,18,8),(1,18,9),(1,18,13),(1,18,21),(1,18,28),(1,18,29),(1,18,31),(1,18,32),(1,18,34),(1,18,37),(1,18,38),(1,19,2),(1,19,6),(1,19,8),(1,19,9),(1,19,13),(1,19,21),(1,19,28),(1,19,29),(1,19,31),(1,19,32),(1,19,34),(1,19,37),(1,19,38),(3,20,1),(3,20,3),(3,20,10),(3,20,12),(3,20,17),(3,20,23),(3,20,24),(3,20,33),(3,20,40),(3,20,41),(1,21,2),(1,21,6),(1,21,8),(1,21,9),(1,21,13),(1,21,21),(1,21,28),(1,21,29),(1,21,31),(1,21,32),(1,21,34),(1,21,37),(1,21,38),(2,22,14),(2,22,15),(2,22,16),(2,22,19),(2,22,25),(2,22,26),(2,22,30),(2,22,36),(1,23,2),(1,23,6),(1,23,8),(1,23,9),(1,23,13),(1,23,21),(1,23,28),(1,23,29),(1,23,31),(1,23,32),(1,23,34),(1,23,37),(1,23,38),(4,24,4),(4,24,5),(4,24,7),(4,24,11),(4,24,18),(4,24,20),(4,24,22),(4,24,27),(4,24,35),(4,24,39),(2,25,14),(2,25,15),(2,25,16),(2,25,19),(2,25,25),(2,25,26),(2,25,30),(2,25,36),(2,26,14),(2,26,15),(2,26,16),(2,26,19),(2,26,25),(2,26,26),(2,26,30),(2,26,36),(2,27,14),(2,27,15),(2,27,16),(2,27,19),(2,27,25),(2,27,26),(2,27,30),(2,27,36),(2,28,14),(2,28,15),(2,28,16),(2,28,19),(2,28,25),(2,28,26),(2,28,30),(2,28,36),(3,29,1),(3,29,3),(3,29,10),(3,29,12),(3,29,17),(3,29,23),(3,29,24),(3,29,33),(3,29,40),(3,29,41),(4,30,4),(4,30,5),(4,30,7),(4,30,11),(4,30,18),(4,30,20),(4,30,22),(4,30,27),(4,30,35),(4,30,39),(3,31,1),(3,31,3),(3,31,10),(3,31,12),(3,31,17),(3,31,23),(3,31,24),(3,31,33),(3,31,40),(3,31,41),(4,32,4),(4,32,5),(4,32,7),(4,32,11),(4,32,18),(4,32,20),(4,32,22),(4,32,27),(4,32,35),(4,32,39),(2,33,14),(2,33,15),(2,33,16),(2,33,19),(2,33,25),(2,33,26),(2,33,30),(2,33,36),(1,34,2),(1,34,6),(1,34,8),(1,34,9),(1,34,13),(1,34,21),(1,34,28),(1,34,29),(1,34,31),(1,34,32),(1,34,34),(1,34,37),(1,34,38),(3,35,1),(3,35,3),(3,35,10),(3,35,12),(3,35,17),(3,35,23),(3,35,24),(3,35,33),(3,35,40),(3,35,41),(1,36,2),(1,36,6),(1,36,8),(1,36,9),(1,36,13),(1,36,21),(1,36,28),(1,36,29),(1,36,31),(1,36,32),(1,36,34),(1,36,37),(1,36,38),(4,37,4),(4,37,5),(4,37,7),(4,37,11),(4,37,18),(4,37,20),(4,37,22),(4,37,27),(4,37,35),(4,37,39),(3,38,1),(3,38,3),(3,38,10),(3,38,12),(3,38,17),(3,38,23),(3,38,24),(3,38,33),(3,38,40),(3,38,41),(2,39,14),(2,39,15),(2,39,16),(2,39,19),(2,39,25),(2,39,26),(2,39,30),(2,39,36),(1,40,2),(1,40,6),(1,40,8),(1,40,9),(1,40,13),(1,40,21),(1,40,28),(1,40,29),(1,40,31),(1,40,32),(1,40,34),(1,40,37),(1,40,38),(3,41,1),(3,41,3),(3,41,10),(3,41,12),(3,41,17),(3,41,23),(3,41,24),(3,41,33),(3,41,40),(3,41,41),(3,42,1),(3,42,3),(3,42,10),(3,42,12),(3,42,17),(3,42,23),(3,42,24),(3,42,33),(3,42,40),(3,42,41),(2,43,14),(2,43,15),(2,43,16),(2,43,19),(2,43,25),(2,43,26),(2,43,30),(2,43,36),(1,44,2),(1,44,6),(1,44,8),(1,44,9),(1,44,13),(1,44,21),(1,44,28),(1,44,29),(1,44,31),(1,44,32),(1,44,34),(1,44,37),(1,44,38),(2,45,14),(2,45,15),(2,45,16),(2,45,19),(2,45,25),(2,45,26),(2,45,30),(2,45,36),(3,46,1),(3,46,3),(3,46,10),(3,46,12),(3,46,17),(3,46,23),(3,46,24),(3,46,33),(3,46,40),(3,46,41),(2,47,14),(2,47,15),(2,47,16),(2,47,19),(2,47,25),(2,47,26),(2,47,30),(2,47,36),(4,48,4),(4,48,5),(4,48,7),(4,48,11),(4,48,18),(4,48,20),(4,48,22),(4,48,27),(4,48,35),(4,48,39),(2,49,14),(2,49,15),(2,49,16),(2,49,19),(2,49,25),(2,49,26),(2,49,30),(2,49,36),(4,50,4),(4,50,5),(4,50,7),(4,50,11),(4,50,18),(4,50,20),(4,50,22),(4,50,27),(4,50,35),(4,50,39),(3,51,1),(3,51,3),(3,51,10),(3,51,12),(3,51,17),(3,51,23),(3,51,24),(3,51,33),(3,51,40),(3,51,41),(3,52,1),(3,52,3),(3,52,10),(3,52,12),(3,52,17),(3,52,23),(3,52,24),(3,52,33),(3,52,40),(3,52,41),(2,53,14),(2,53,15),(2,53,16),(2,53,19),(2,53,25),(2,53,26),(2,53,30),(2,53,36),(2,54,14),(2,54,15),(2,54,16),(2,54,19),(2,54,25),(2,54,26),(2,54,30),(2,54,36),(4,55,4),(4,55,5),(4,55,7),(4,55,11),(4,55,18),(4,55,20),(4,55,22),(4,55,27),(4,55,35),(4,55,39),(3,56,1),(3,56,3),(3,56,10),(3,56,12),(3,56,17),(3,56,23),(3,56,24),(3,56,33),(3,56,40),(3,56,41),(2,57,14),(2,57,15),(2,57,16),(2,57,19),(2,57,25),(2,57,26),(2,57,30),(2,57,36),(1,58,2),(1,58,6),(1,58,8),(1,58,9),(1,58,13),(1,58,21),(1,58,28),(1,58,29),(1,58,31),(1,58,32),(1,58,34),(1,58,37),(1,58,38),(4,59,4),(4,59,5),(4,59,7),(4,59,11),(4,59,18),(4,59,20),(4,59,22),(4,59,27),(4,59,35),(4,59,39),(3,60,1),(3,60,3),(3,60,10),(3,60,12),(3,60,17),(3,60,23),(3,60,24),(3,60,33),(3,60,40),(3,60,41),(4,61,4),(4,61,5),(4,61,7),(4,61,11),(4,61,18),(4,61,20),(4,61,22),(4,61,27),(4,61,35),(4,61,39),(3,62,1),(3,62,3),(3,62,10),(3,62,12),(3,62,17),(3,62,23),(3,62,24),(3,62,33),(3,62,40),(3,62,41),(2,63,14),(2,63,15),(2,63,16),(2,63,19),(2,63,25),(2,63,26),(2,63,30),(2,63,36),(3,64,1),(3,64,3),(3,64,10),(3,64,12),(3,64,17),(3,64,23),(3,64,24),(3,64,33),(3,64,40),(3,64,41),(4,65,4),(4,65,5),(4,65,7),(4,65,11),(4,65,18),(4,65,20),(4,65,22),(4,65,27),(4,65,35),(4,65,39),(4,66,4),(4,66,5),(4,66,7),(4,66,11),(4,66,18),(4,66,20),(4,66,22),(4,66,27),(4,66,35),(4,66,39),(4,67,4),(4,67,5),(4,67,7),(4,67,11),(4,67,18),(4,67,20),(4,67,22),(4,67,27),(4,67,35),(4,67,39),(1,68,2),(1,68,6),(1,68,8),(1,68,9),(1,68,13),(1,68,21),(1,68,28),(1,68,29),(1,68,31),(1,68,32),(1,68,34),(1,68,37),(1,68,38),(3,69,1),(3,69,3),(3,69,10),(3,69,12),(3,69,17),(3,69,23),(3,69,24),(3,69,33),(3,69,40),(3,69,41),(1,70,2),(1,70,6),(1,70,8),(1,70,9),(1,70,13),(1,70,21),(1,70,28),(1,70,29),(1,70,31),(1,70,32),(1,70,34),(1,70,37),(1,70,38),(4,71,4),(4,71,5),(4,71,7),(4,71,11),(4,71,18),(4,71,20),(4,71,22),(4,71,27),(4,71,35),(4,71,39),(1,72,2),(1,72,6),(1,72,8),(1,72,9),(1,72,13),(1,72,21),(1,72,28),(1,72,29),(1,72,31),(1,72,32),(1,72,34),(1,72,37),(1,72,38),(3,73,1),(3,73,3),(3,73,10),(3,73,12),(3,73,17),(3,73,23),(3,73,24),(3,73,33),(3,73,40),(3,73,41),(4,74,4),(4,74,5),(4,74,7),(4,74,11),(4,74,18),(4,74,20),(4,74,22),(4,74,27),(4,74,35),(4,74,39),(4,75,4),(4,75,5),(4,75,7),(4,75,11),(4,75,18),(4,75,20),(4,75,22),(4,75,27),(4,75,35),(4,75,39),(3,76,1),(3,76,3),(3,76,10),(3,76,12),(3,76,17),(3,76,23),(3,76,24),(3,76,33),(3,76,40),(3,76,41),(4,77,4),(4,77,5),(4,77,7),(4,77,11),(4,77,18),(4,77,20),(4,77,22),(4,77,27),(4,77,35),(4,77,39),(4,78,4),(4,78,5),(4,78,7),(4,78,11),(4,78,18),(4,78,20),(4,78,22),(4,78,27),(4,78,35),(4,78,39),(1,79,2),(1,79,6),(1,79,8),(1,79,9),(1,79,13),(1,79,21),(1,79,28),(1,79,29),(1,79,31),(1,79,32),(1,79,34),(1,79,37),(1,79,38),(2,80,14),(2,80,15),(2,80,16),(2,80,19),(2,80,25),(2,80,26),(2,80,30),(2,80,36),(2,81,14),(2,81,15),(2,81,16),(2,81,19),(2,81,25),(2,81,26),(2,81,30),(2,81,36),(4,82,4),(4,82,5),(4,82,7),(4,82,11),(4,82,18),(4,82,20),(4,82,22),(4,82,27),(4,82,35),(4,82,39),(4,83,4),(4,83,5),(4,83,7),(4,83,11),(4,83,18),(4,83,20),(4,83,22),(4,83,27),(4,83,35),(4,83,39),(3,84,1),(3,84,3),(3,84,10),(3,84,12),(3,84,17),(3,84,23),(3,84,24),(3,84,33),(3,84,40),(3,84,41),(1,85,2),(1,85,6),(1,85,8),(1,85,9),(1,85,13),(1,85,21),(1,85,28),(1,85,29),(1,85,31),(1,85,32),(1,85,34),(1,85,37),(1,85,38),(2,86,14),(2,86,15),(2,86,16),(2,86,19),(2,86,25),(2,86,26),(2,86,30),(2,86,36),(4,87,4),(4,87,5),(4,87,7),(4,87,11),(4,87,18),(4,87,20),(4,87,22),(4,87,27),(4,87,35),(4,87,39),(1,88,2),(1,88,6),(1,88,8),(1,88,9),(1,88,13),(1,88,21),(1,88,28),(1,88,29),(1,88,31),(1,88,32),(1,88,34),(1,88,37),(1,88,38),(2,89,14),(2,89,15),(2,89,16),(2,89,19),(2,89,25),(2,89,26),(2,89,30),(2,89,36),(3,90,1),(3,90,3),(3,90,10),(3,90,12),(3,90,17),(3,90,23),(3,90,24),(3,90,33),(3,90,40),(3,90,41),(2,91,14),(2,91,15),(2,91,16),(2,91,19),(2,91,25),(2,91,26),(2,91,30),(2,91,36),(3,92,1),(3,92,3),(3,92,10),(3,92,12),(3,92,17),(3,92,23),(3,92,24),(3,92,33),(3,92,40),(3,92,41),(4,93,4),(4,93,5),(4,93,7),(4,93,11),(4,93,18),(4,93,20),(4,93,22),(4,93,27),(4,93,35),(4,93,39),(4,94,4),(4,94,5),(4,94,7),(4,94,11),(4,94,18),(4,94,20),(4,94,22),(4,94,27),(4,94,35),(4,94,39),(1,95,2),(1,95,6),(1,95,8),(1,95,9),(1,95,13),(1,95,21),(1,95,28),(1,95,29),(1,95,31),(1,95,32),(1,95,34),(1,95,37),(1,95,38),(3,96,1),(3,96,3),(3,96,10),(3,96,12),(3,96,17),(3,96,23),(3,96,24),(3,96,33),(3,96,40),(3,96,41),(1,97,2),(1,97,6),(1,97,8),(1,97,9),(1,97,13),(1,97,21),(1,97,28),(1,97,29),(1,97,31),(1,97,32),(1,97,34),(1,97,37),(1,97,38),(3,98,1),(3,98,3),(3,98,10),(3,98,12),(3,98,17),(3,98,23),(3,98,24),(3,98,33),(3,98,40),(3,98,41),(3,99,1),(3,99,3),(3,99,10),(3,99,12),(3,99,17),(3,99,23),(3,99,24),(3,99,33),(3,99,40),(3,99,41),(3,100,1),(3,100,3),(3,100,10),(3,100,12),(3,100,17),(3,100,23),(3,100,24),(3,100,33),(3,100,40),(3,100,41),(4,101,4),(4,101,5),(4,101,7),(4,101,11),(4,101,18),(4,101,20),(4,101,22),(4,101,27),(4,101,35),(4,101,39),(1,102,2),(1,102,6),(1,102,8),(1,102,9),(1,102,13),(1,102,21),(1,102,28),(1,102,29),(1,102,31),(1,102,32),(1,102,34),(1,102,37),(1,102,38),(3,103,1),(3,103,3),(3,103,10),(3,103,12),(3,103,17),(3,103,23),(3,103,24),(3,103,33),(3,103,40),(3,103,41),(4,104,4),(4,104,5),(4,104,7),(4,104,11),(4,104,18),(4,104,20),(4,104,22),(4,104,27),(4,104,35),(4,104,39),(3,105,1),(3,105,3),(3,105,10),(3,105,12),(3,105,17),(3,105,23),(3,105,24),(3,105,33),(3,105,40),(3,105,41),(1,106,2),(1,106,6),(1,106,8),(1,106,9),(1,106,13),(1,106,21),(1,106,28),(1,106,29),(1,106,31),(1,106,32),(1,106,34),(1,106,37),(1,106,38),(4,107,4),(4,107,5),(4,107,7),(4,107,11),(4,107,18),(4,107,20),(4,107,22),(4,107,27),(4,107,35),(4,107,39),(2,108,14),(2,108,15),(2,108,16),(2,108,19),(2,108,25),(2,108,26),(2,108,30),(2,108,36),(4,109,4),(4,109,5),(4,109,7),(4,109,11),(4,109,18),(4,109,20),(4,109,22),(4,109,27),(4,109,35),(4,109,39),(4,110,4),(4,110,5),(4,110,7),(4,110,11),(4,110,18),(4,110,20),(4,110,22),(4,110,27),(4,110,35),(4,110,39),(3,111,1),(3,111,3),(3,111,10),(3,111,12),(3,111,17),(3,111,23),(3,111,24),(3,111,33),(3,111,40),(3,111,41),(2,112,14),(2,112,15),(2,112,16),(2,112,19),(2,112,25),(2,112,26),(2,112,30),(2,112,36),(1,113,2),(1,113,6),(1,113,8),(1,113,9),(1,113,13),(1,113,21),(1,113,28),(1,113,29),(1,113,31),(1,113,32),(1,113,34),(1,113,37),(1,113,38),(2,114,14),(2,114,15),(2,114,16),(2,114,19),(2,114,25),(2,114,26),(2,114,30),(2,114,36),(3,115,1),(3,115,3),(3,115,10),(3,115,12),(3,115,17),(3,115,23),(3,115,24),(3,115,33),(3,115,40),(3,115,41),(2,116,14),(2,116,15),(2,116,16),(2,116,19),(2,116,25),(2,116,26),(2,116,30),(2,116,36),(2,117,14),(2,117,15),(2,117,16),(2,117,19),(2,117,25),(2,117,26),(2,117,30),(2,117,36),(2,118,14),(2,118,15),(2,118,16),(2,118,19),(2,118,25),(2,118,26),(2,118,30),(2,118,36),(1,119,2),(1,119,6),(1,119,8),(1,119,9),(1,119,13),(1,119,21),(1,119,28),(1,119,29),(1,119,31),(1,119,32),(1,119,34),(1,119,37),(1,119,38),(2,120,14),(2,120,15),(2,120,16),(2,120,19),(2,120,25),(2,120,26),(2,120,30),(2,120,36),(1,121,2),(1,121,6),(1,121,8),(1,121,9),(1,121,13),(1,121,21),(1,121,28),(1,121,29),(1,121,31),(1,121,32),(1,121,34),(1,121,37),(1,121,38),(4,122,4),(4,122,5),(4,122,7),(4,122,11),(4,122,18),(4,122,20),(4,122,22),(4,122,27),(4,122,35),(4,122,39),(2,123,14),(2,123,15),(2,123,16),(2,123,19),(2,123,25),(2,123,26),(2,123,30),(2,123,36),(1,124,2),(1,124,6),(1,124,8),(1,124,9),(1,124,13),(1,124,21),(1,124,28),(1,124,29),(1,124,31),(1,124,32),(1,124,34),(1,124,37),(1,124,38),(2,125,14),(2,125,15),(2,125,16),(2,125,19),(2,125,25),(2,125,26),(2,125,30),(2,125,36),(4,126,4),(4,126,5),(4,126,7),(4,126,11),(4,126,18),(4,126,20),(4,126,22),(4,126,27),(4,126,35),(4,126,39),(1,127,2),(1,127,6),(1,127,8),(1,127,9),(1,127,13),(1,127,21),(1,127,28),(1,127,29),(1,127,31),(1,127,32),(1,127,34),(1,127,37),(1,127,38),(4,128,4),(4,128,5),(4,128,7),(4,128,11),(4,128,18),(4,128,20),(4,128,22),(4,128,27),(4,128,35),(4,128,39),(4,129,4),(4,129,5),(4,129,7),(4,129,11),(4,129,18),(4,129,20),(4,129,22),(4,129,27),(4,129,35),(4,129,39),(2,130,14),(2,130,15),(2,130,16),(2,130,19),(2,130,25),(2,130,26),(2,130,30),(2,130,36),(3,131,1),(3,131,3),(3,131,10),(3,131,12),(3,131,17),(3,131,23),(3,131,24),(3,131,33),(3,131,40),(3,131,41),(4,132,4),(4,132,5),(4,132,7),(4,132,11),(4,132,18),(4,132,20),(4,132,22),(4,132,27),(4,132,35),(4,132,39),(4,133,4),(4,133,5),(4,133,7),(4,133,11),(4,133,18),(4,133,20),(4,133,22),(4,133,27),(4,133,35),(4,133,39),(2,134,14),(2,134,15),(2,134,16),(2,134,19),(2,134,25),(2,134,26),(2,134,30),(2,134,36),(2,135,14),(2,135,15),(2,135,16),(2,135,19),(2,135,25),(2,135,26),(2,135,30),(2,135,36),(2,136,14),(2,136,15),(2,136,16),(2,136,19),(2,136,25),(2,136,26),(2,136,30),(2,136,36),(1,137,2),(1,137,6),(1,137,8),(1,137,9),(1,137,13),(1,137,21),(1,137,28),(1,137,29),(1,137,31),(1,137,32),(1,137,34),(1,137,37),(1,137,38),(1,138,2),(1,138,6),(1,138,8),(1,138,9),(1,138,13),(1,138,21),(1,138,28),(1,138,29),(1,138,31),(1,138,32),(1,138,34),(1,138,37),(1,138,38),(3,139,1),(3,139,3),(3,139,10),(3,139,12),(3,139,17),(3,139,23),(3,139,24),(3,139,33),(3,139,40),(3,139,41),(1,140,2),(1,140,6),(1,140,8),(1,140,9),(1,140,13),(1,140,21),(1,140,28),(1,140,29),(1,140,31),(1,140,32),(1,140,34),(1,140,37),(1,140,38),(4,141,4),(4,141,5),(4,141,7),(4,141,11),(4,141,18),(4,141,20),(4,141,22),(4,141,27),(4,141,35),(4,141,39),(3,142,1),(3,142,3),(3,142,10),(3,142,12),(3,142,17),(3,142,23),(3,142,24),(3,142,33),(3,142,40),(3,142,41),(4,143,4),(4,143,5),(4,143,7),(4,143,11),(4,143,18),(4,143,20),(4,143,22),(4,143,27),(4,143,35),(4,143,39),(2,144,14),(2,144,15),(2,144,16),(2,144,19),(2,144,25),(2,144,26),(2,144,30),(2,144,36),(4,145,4),(4,145,5),(4,145,7),(4,145,11),(4,145,18),(4,145,20),(4,145,22),(4,145,27),(4,145,35),(4,145,39),(4,146,4),(4,146,5),(4,146,7),(4,146,11),(4,146,18),(4,146,20),(4,146,22),(4,146,27),(4,146,35),(4,146,39),(3,147,1),(3,147,3),(3,147,10),(3,147,12),(3,147,17),(3,147,23),(3,147,24),(3,147,33),(3,147,40),(3,147,41),(3,148,1),(3,148,3),(3,148,10),(3,148,12),(3,148,17),(3,148,23),(3,148,24),(3,148,33),(3,148,40),(3,148,41),(4,149,4),(4,149,5),(4,149,7),(4,149,11),(4,149,18),(4,149,20),(4,149,22),(4,149,27),(4,149,35),(4,149,39),(3,150,1),(3,150,3),(3,150,10),(3,150,12),(3,150,17),(3,150,23),(3,150,24),(3,150,33),(3,150,40),(3,150,41),(2,151,14),(2,151,15),(2,151,16),(2,151,19),(2,151,25),(2,151,26),(2,151,30),(2,151,36),(2,152,14),(2,152,15),(2,152,16),(2,152,19),(2,152,25),(2,152,26),(2,152,30),(2,152,36),(3,153,1),(3,153,3),(3,153,10),(3,153,12),(3,153,17),(3,153,23),(3,153,24),(3,153,33),(3,153,40),(3,153,41),(3,154,1),(3,154,3),(3,154,10),(3,154,12),(3,154,17),(3,154,23),(3,154,24),(3,154,33),(3,154,40),(3,154,41),(1,155,2),(1,155,6),(1,155,8),(1,155,9),(1,155,13),(1,155,21),(1,155,28),(1,155,29),(1,155,31),(1,155,32),(1,155,34),(1,155,37),(1,155,38),(2,156,14),(2,156,15),(2,156,16),(2,156,19),(2,156,25),(2,156,26),(2,156,30),(2,156,36),(2,157,14),(2,157,15),(2,157,16),(2,157,19),(2,157,25),(2,157,26),(2,157,30),(2,157,36),(1,158,2),(1,158,6),(1,158,8),(1,158,9),(1,158,13),(1,158,21),(1,158,28),(1,158,29),(1,158,31),(1,158,32),(1,158,34),(1,158,37),(1,158,38),(4,159,4),(4,159,5),(4,159,7),(4,159,11),(4,159,18),(4,159,20),(4,159,22),(4,159,27),(4,159,35),(4,159,39),(2,160,14),(2,160,15),(2,160,16),(2,160,19),(2,160,25),(2,160,26),(2,160,30),(2,160,36),(4,161,4),(4,161,5),(4,161,7),(4,161,11),(4,161,18),(4,161,20),(4,161,22),(4,161,27),(4,161,35),(4,161,39),(3,162,1),(3,162,3),(3,162,10),(3,162,12),(3,162,17),(3,162,23),(3,162,24),(3,162,33),(3,162,40),(3,162,41),(4,163,4),(4,163,5),(4,163,7),(4,163,11),(4,163,18),(4,163,20),(4,163,22),(4,163,27),(4,163,35),(4,163,39),(3,164,1),(3,164,3),(3,164,10),(3,164,12),(3,164,17),(3,164,23),(3,164,24),(3,164,33),(3,164,40),(3,164,41),(3,165,1),(3,165,3),(3,165,10),(3,165,12),(3,165,17),(3,165,23),(3,165,24),(3,165,33),(3,165,40),(3,165,41),(2,166,14),(2,166,15),(2,166,16),(2,166,19),(2,166,25),(2,166,26),(2,166,30),(2,166,36),(1,167,2),(1,167,6),(1,167,8),(1,167,9),(1,167,13),(1,167,21),(1,167,28),(1,167,29),(1,167,31),(1,167,32),(1,167,34),(1,167,37),(1,167,38),(3,168,1),(3,168,3),(3,168,10),(3,168,12),(3,168,17),(3,168,23),(3,168,24),(3,168,33),(3,168,40),(3,168,41),(4,169,4),(4,169,5),(4,169,7),(4,169,11),(4,169,18),(4,169,20),(4,169,22),(4,169,27),(4,169,35),(4,169,39),(1,170,2),(1,170,6),(1,170,8),(1,170,9),(1,170,13),(1,170,21),(1,170,28),(1,170,29),(1,170,31),(1,170,32),(1,170,34),(1,170,37),(1,170,38),(1,171,2),(1,171,6),(1,171,8),(1,171,9),(1,171,13),(1,171,21),(1,171,28),(1,171,29),(1,171,31),(1,171,32),(1,171,34),(1,171,37),(1,171,38),(4,172,4),(4,172,5),(4,172,7),(4,172,11),(4,172,18),(4,172,20),(4,172,22),(4,172,27),(4,172,35),(4,172,39),(2,173,14),(2,173,15),(2,173,16),(2,173,19),(2,173,25),(2,173,26),(2,173,30),(2,173,36),(3,174,1),(3,174,3),(3,174,10),(3,174,12),(3,174,17),(3,174,23),(3,174,24),(3,174,33),(3,174,40),(3,174,41),(1,175,2),(1,175,6),(1,175,8),(1,175,9),(1,175,13),(1,175,21),(1,175,28),(1,175,29),(1,175,31),(1,175,32),(1,175,34),(1,175,37),(1,175,38),(3,176,1),(3,176,3),(3,176,10),(3,176,12),(3,176,17),(3,176,23),(3,176,24),(3,176,33),(3,176,40),(3,176,41),(1,177,2),(1,177,6),(1,177,8),(1,177,9),(1,177,13),(1,177,21),(1,177,28),(1,177,29),(1,177,31),(1,177,32),(1,177,34),(1,177,37),(1,177,38),(2,178,14),(2,178,15),(2,178,16),(2,178,19),(2,178,25),(2,178,26),(2,178,30),(2,178,36),(1,179,2),(1,179,6),(1,179,8),(1,179,9),(1,179,13),(1,179,21),(1,179,28),(1,179,29),(1,179,31),(1,179,32),(1,179,34),(1,179,37),(1,179,38),(2,180,14),(2,180,15),(2,180,16),(2,180,19),(2,180,25),(2,180,26),(2,180,30),(2,180,36),(4,181,4),(4,181,5),(4,181,7),(4,181,11),(4,181,18),(4,181,20),(4,181,22),(4,181,27),(4,181,35),(4,181,39),(2,182,14),(2,182,15),(2,182,16),(2,182,19),(2,182,25),(2,182,26),(2,182,30),(2,182,36),(2,183,14),(2,183,15),(2,183,16),(2,183,19),(2,183,25),(2,183,26),(2,183,30),(2,183,36),(2,184,14),(2,184,15),(2,184,16),(2,184,19),(2,184,25),(2,184,26),(2,184,30),(2,184,36),(2,185,14),(2,185,15),(2,185,16),(2,185,19),(2,185,25),(2,185,26),(2,185,30),(2,185,36),(1,186,2),(1,186,6),(1,186,8),(1,186,9),(1,186,13),(1,186,21),(1,186,28),(1,186,29),(1,186,31),(1,186,32),(1,186,34),(1,186,37),(1,186,38),(3,187,1),(3,187,3),(3,187,10),(3,187,12),(3,187,17),(3,187,23),(3,187,24),(3,187,33),(3,187,40),(3,187,41),(3,188,1),(3,188,3),(3,188,10),(3,188,12),(3,188,17),(3,188,23),(3,188,24),(3,188,33),(3,188,40),(3,188,41),(3,189,1),(3,189,3),(3,189,10),(3,189,12),(3,189,17),(3,189,23),(3,189,24),(3,189,33),(3,189,40),(3,189,41),(2,190,14),(2,190,15),(2,190,16),(2,190,19),(2,190,25),(2,190,26),(2,190,30),(2,190,36),(3,191,1),(3,191,3),(3,191,10),(3,191,12),(3,191,17),(3,191,23),(3,191,24),(3,191,33),(3,191,40),(3,191,41),(3,192,1),(3,192,3),(3,192,10),(3,192,12),(3,192,17),(3,192,23),(3,192,24),(3,192,33),(3,192,40),(3,192,41),(4,193,4),(4,193,5),(4,193,7),(4,193,11),(4,193,18),(4,193,20),(4,193,22),(4,193,27),(4,193,35),(4,193,39),(1,194,2),(1,194,6),(1,194,8),(1,194,9),(1,194,13),(1,194,21),(1,194,28),(1,194,29),(1,194,31),(1,194,32),(1,194,34),(1,194,37),(1,194,38),(4,195,4),(4,195,5),(4,195,7),(4,195,11),(4,195,18),(4,195,20),(4,195,22),(4,195,27),(4,195,35),(4,195,39),(1,196,2),(1,196,6),(1,196,8),(1,196,9),(1,196,13),(1,196,21),(1,196,28),(1,196,29),(1,196,31),(1,196,32),(1,196,34),(1,196,37),(1,196,38),(3,197,1),(3,197,3),(3,197,10),(3,197,12),(3,197,17),(3,197,23),(3,197,24),(3,197,33),(3,197,40),(3,197,41),(4,198,4),(4,198,5),(4,198,7),(4,198,11),(4,198,18),(4,198,20),(4,198,22),(4,198,27),(4,198,35),(4,198,39),(1,199,2),(1,199,6),(1,199,8),(1,199,9),(1,199,13),(1,199,21),(1,199,28),(1,199,29),(1,199,31),(1,199,32),(1,199,34),(1,199,37),(1,199,38),(4,200,4),(4,200,5),(4,200,7),(4,200,11),(4,200,18),(4,200,20),(4,200,22),(4,200,27),(4,200,35),(4,200,39),(1,201,2),(1,201,6),(1,201,8),(1,201,9),(1,201,13),(1,201,21),(1,201,28),(1,201,29),(1,201,31),(1,201,32),(1,201,34),(1,201,37),(1,201,38),(1,202,2),(1,202,6),(1,202,8),(1,202,9),(1,202,13),(1,202,21),(1,202,28),(1,202,29),(1,202,31),(1,202,32),(1,202,34),(1,202,37),(1,202,38),(4,203,4),(4,203,5),(4,203,7),(4,203,11),(4,203,18),(4,203,20),(4,203,22),(4,203,27),(4,203,35),(4,203,39),(3,204,1),(3,204,3),(3,204,10),(3,204,12),(3,204,17),(3,204,23),(3,204,24),(3,204,33),(3,204,40),(3,204,41),(1,205,2),(1,205,6),(1,205,8),(1,205,9),(1,205,13),(1,205,21),(1,205,28),(1,205,29),(1,205,31),(1,205,32),(1,205,34),(1,205,37),(1,205,38),(4,206,4),(4,206,5),(4,206,7),(4,206,11),(4,206,18),(4,206,20),(4,206,22),(4,206,27),(4,206,35),(4,206,39),(1,207,2),(1,207,6),(1,207,8),(1,207,9),(1,207,13),(1,207,21),(1,207,28),(1,207,29),(1,207,31),(1,207,32),(1,207,34),(1,207,37),(1,207,38),(2,208,14),(2,208,15),(2,208,16),(2,208,19),(2,208,25),(2,208,26),(2,208,30),(2,208,36),(4,209,4),(4,209,5),(4,209,7),(4,209,11),(4,209,18),(4,209,20),(4,209,22),(4,209,27),(4,209,35),(4,209,39),(3,210,1),(3,210,3),(3,210,10),(3,210,12),(3,210,17),(3,210,23),(3,210,24),(3,210,33),(3,210,40),(3,210,41),(2,211,14),(2,211,15),(2,211,16),(2,211,19),(2,211,25),(2,211,26),(2,211,30),(2,211,36),(1,212,2),(1,212,6),(1,212,8),(1,212,9),(1,212,13),(1,212,21),(1,212,28),(1,212,29),(1,212,31),(1,212,32),(1,212,34),(1,212,37),(1,212,38),(4,213,4),(4,213,5),(4,213,7),(4,213,11),(4,213,18),(4,213,20),(4,213,22),(4,213,27),(4,213,35),(4,213,39),(3,214,1),(3,214,3),(3,214,10),(3,214,12),(3,214,17),(3,214,23),(3,214,24),(3,214,33),(3,214,40),(3,214,41),(2,215,14),(2,215,15),(2,215,16),(2,215,19),(2,215,25),(2,215,26),(2,215,30),(2,215,36),(4,216,4),(4,216,5),(4,216,7),(4,216,11),(4,216,18),(4,216,20),(4,216,22),(4,216,27),(4,216,35),(4,216,39),(2,217,14),(2,217,15),(2,217,16),(2,217,19),(2,217,25),(2,217,26),(2,217,30),(2,217,36),(1,218,2),(1,218,6),(1,218,8),(1,218,9),(1,218,13),(1,218,21),(1,218,28),(1,218,29),(1,218,31),(1,218,32),(1,218,34),(1,218,37),(1,218,38),(3,219,1),(3,219,3),(3,219,10),(3,219,12),(3,219,17),(3,219,23),(3,219,24),(3,219,33),(3,219,40),(3,219,41),(1,220,2),(1,220,6),(1,220,8),(1,220,9),(1,220,13),(1,220,21),(1,220,28),(1,220,29),(1,220,31),(1,220,32),(1,220,34),(1,220,37),(1,220,38),(2,221,14),(2,221,15),(2,221,16),(2,221,19),(2,221,25),(2,221,26),(2,221,30),(2,221,36),(1,222,2),(1,222,6),(1,222,8),(1,222,9),(1,222,13),(1,222,21),(1,222,28),(1,222,29),(1,222,31),(1,222,32),(1,222,34),(1,222,37),(1,222,38),(4,223,4),(4,223,5),(4,223,7),(4,223,11),(4,223,18),(4,223,20),(4,223,22),(4,223,27),(4,223,35),(4,223,39),(3,224,1),(3,224,3),(3,224,10),(3,224,12),(3,224,17),(3,224,23),(3,224,24),(3,224,33),(3,224,40),(3,224,41),(4,225,4),(4,225,5),(4,225,7),(4,225,11),(4,225,18),(4,225,20),(4,225,22),(4,225,27),(4,225,35),(4,225,39),(3,226,1),(3,226,3),(3,226,10),(3,226,12),(3,226,17),(3,226,23),(3,226,24),(3,226,33),(3,226,40),(3,226,41),(3,227,1),(3,227,3),(3,227,10),(3,227,12),(3,227,17),(3,227,23),(3,227,24),(3,227,33),(3,227,40),(3,227,41),(4,228,4),(4,228,5),(4,228,7),(4,228,11),(4,228,18),(4,228,20),(4,228,22),(4,228,27),(4,228,35),(4,228,39),(4,229,4),(4,229,5),(4,229,7),(4,229,11),(4,229,18),(4,229,20),(4,229,22),(4,229,27),(4,229,35),(4,229,39),(4,230,4),(4,230,5),(4,230,7),(4,230,11),(4,230,18),(4,230,20),(4,230,22),(4,230,27),(4,230,35),(4,230,39),(2,231,14),(2,231,15),(2,231,16),(2,231,19),(2,231,25),(2,231,26),(2,231,30),(2,231,36),(2,232,14),(2,232,15),(2,232,16),(2,232,19),(2,232,25),(2,232,26),(2,232,30),(2,232,36),(1,233,2),(1,233,6),(1,233,8),(1,233,9),(1,233,13),(1,233,21),(1,233,28),(1,233,29),(1,233,31),(1,233,32),(1,233,34),(1,233,37),(1,233,38),(4,234,4),(4,234,5),(4,234,7),(4,234,11),(4,234,18),(4,234,20),(4,234,22),(4,234,27),(4,234,35),(4,234,39),(4,235,4),(4,235,5),(4,235,7),(4,235,11),(4,235,18),(4,235,20),(4,235,22),(4,235,27),(4,235,35),(4,235,39),(1,236,2),(1,236,6),(1,236,8),(1,236,9),(1,236,13),(1,236,21),(1,236,28),(1,236,29),(1,236,31),(1,236,32),(1,236,34),(1,236,37),(1,236,38),(3,237,1),(3,237,3),(3,237,10),(3,237,12),(3,237,17),(3,237,23),(3,237,24),(3,237,33),(3,237,40),(3,237,41),(1,238,2),(1,238,6),(1,238,8),(1,238,9),(1,238,13),(1,238,21),(1,238,28),(1,238,29),(1,238,31),(1,238,32),(1,238,34),(1,238,37),(1,238,38),(2,239,14),(2,239,15),(2,239,16),(2,239,19),(2,239,25),(2,239,26),(2,239,30),(2,239,36),(3,240,1),(3,240,3),(3,240,10),(3,240,12),(3,240,17),(3,240,23),(3,240,24),(3,240,33),(3,240,40),(3,240,41),(4,241,4),(4,241,5),(4,241,7),(4,241,11),(4,241,18),(4,241,20),(4,241,22),(4,241,27),(4,241,35),(4,241,39),(2,242,14),(2,242,15),(2,242,16),(2,242,19),(2,242,25),(2,242,26),(2,242,30),(2,242,36),(4,243,4),(4,243,5),(4,243,7),(4,243,11),(4,243,18),(4,243,20),(4,243,22),(4,243,27),(4,243,35),(4,243,39),(3,244,1),(3,244,3),(3,244,10),(3,244,12),(3,244,17),(3,244,23),(3,244,24),(3,244,33),(3,244,40),(3,244,41),(3,245,1),(3,245,3),(3,245,10),(3,245,12),(3,245,17),(3,245,23),(3,245,24),(3,245,33),(3,245,40),(3,245,41),(4,246,4),(4,246,5),(4,246,7),(4,246,11),(4,246,18),(4,246,20),(4,246,22),(4,246,27),(4,246,35),(4,246,39),(2,247,14),(2,247,15),(2,247,16),(2,247,19),(2,247,25),(2,247,26),(2,247,30),(2,247,36),(1,248,2),(1,248,6),(1,248,8),(1,248,9),(1,248,13),(1,248,21),(1,248,28),(1,248,29),(1,248,31),(1,248,32),(1,248,34),(1,248,37),(1,248,38),(4,249,4),(4,249,5),(4,249,7),(4,249,11),(4,249,18),(4,249,20),(4,249,22),(4,249,27),(4,249,35),(4,249,39),(1,250,2),(1,250,6),(1,250,8),(1,250,9),(1,250,13),(1,250,21),(1,250,28),(1,250,29),(1,250,31),(1,250,32),(1,250,34),(1,250,37),(1,250,38),(3,251,1),(3,251,3),(3,251,10),(3,251,12),(3,251,17),(3,251,23),(3,251,24),(3,251,33),(3,251,40),(3,251,41),(1,252,2),(1,252,6),(1,252,8),(1,252,9),(1,252,13),(1,252,21),(1,252,28),(1,252,29),(1,252,31),(1,252,32),(1,252,34),(1,252,37),(1,252,38),(3,253,1),(3,253,3),(3,253,10),(3,253,12),(3,253,17),(3,253,23),(3,253,24),(3,253,33),(3,253,40),(3,253,41),(4,254,4),(4,254,5),(4,254,7),(4,254,11),(4,254,18),(4,254,20),(4,254,22),(4,254,27),(4,254,35),(4,254,39),(4,255,4),(4,255,5),(4,255,7),(4,255,11),(4,255,18),(4,255,20),(4,255,22),(4,255,27),(4,255,35),(4,255,39),(3,256,1),(3,256,3),(3,256,10),(3,256,12),(3,256,17),(3,256,23),(3,256,24),(3,256,33),(3,256,40),(3,256,41),(4,257,4),(4,257,5),(4,257,7),(4,257,11),(4,257,18),(4,257,20),(4,257,22),(4,257,27),(4,257,35),(4,257,39),(2,258,14),(2,258,15),(2,258,16),(2,258,19),(2,258,25),(2,258,26),(2,258,30),(2,258,36),(3,259,1),(3,259,3),(3,259,10),(3,259,12),(3,259,17),(3,259,23),(3,259,24),(3,259,33),(3,259,40),(3,259,41),(1,260,2),(1,260,6),(1,260,8),(1,260,9),(1,260,13),(1,260,21),(1,260,28),(1,260,29),(1,260,31),(1,260,32),(1,260,34),(1,260,37),(1,260,38),(3,261,1),(3,261,3),(3,261,10),(3,261,12),(3,261,17),(3,261,23),(3,261,24),(3,261,33),(3,261,40),(3,261,41),(1,262,2),(1,262,6),(1,262,8),(1,262,9),(1,262,13),(1,262,21),(1,262,28),(1,262,29),(1,262,31),(1,262,32),(1,262,34),(1,262,37),(1,262,38),(4,263,4),(4,263,5),(4,263,7),(4,263,11),(4,263,18),(4,263,20),(4,263,22),(4,263,27),(4,263,35),(4,263,39),(3,264,1),(3,264,3),(3,264,10),(3,264,12),(3,264,17),(3,264,23),(3,264,24),(3,264,33),(3,264,40),(3,264,41),(3,265,1),(3,265,3),(3,265,10),(3,265,12),(3,265,17),(3,265,23),(3,265,24),(3,265,33),(3,265,40),(3,265,41),(1,266,2),(1,266,6),(1,266,8),(1,266,9),(1,266,13),(1,266,21),(1,266,28),(1,266,29),(1,266,31),(1,266,32),(1,266,34),(1,266,37),(1,266,38),(1,267,2),(1,267,6),(1,267,8),(1,267,9),(1,267,13),(1,267,21),(1,267,28),(1,267,29),(1,267,31),(1,267,32),(1,267,34),(1,267,37),(1,267,38),(1,268,2),(1,268,6),(1,268,8),(1,268,9),(1,268,13),(1,268,21),(1,268,28),(1,268,29),(1,268,31),(1,268,32),(1,268,34),(1,268,37),(1,268,38),(1,269,2),(1,269,6),(1,269,8),(1,269,9),(1,269,13),(1,269,21),(1,269,28),(1,269,29),(1,269,31),(1,269,32),(1,269,34),(1,269,37),(1,269,38),(3,270,1),(3,270,3),(3,270,10),(3,270,12),(3,270,17),(3,270,23),(3,270,24),(3,270,33),(3,270,40),(3,270,41),(3,271,1),(3,271,3),(3,271,10),(3,271,12),(3,271,17),(3,271,23),(3,271,24),(3,271,33),(3,271,40),(3,271,41),(1,272,2),(1,272,6),(1,272,8),(1,272,9),(1,272,13),(1,272,21),(1,272,28),(1,272,29),(1,272,31),(1,272,32),(1,272,34),(1,272,37),(1,272,38),(1,273,2),(1,273,6),(1,273,8),(1,273,9),(1,273,13),(1,273,21),(1,273,28),(1,273,29),(1,273,31),(1,273,32),(1,273,34),(1,273,37),(1,273,38),(1,274,2),(1,274,6),(1,274,8),(1,274,9),(1,274,13),(1,274,21),(1,274,28),(1,274,29),(1,274,31),(1,274,32),(1,274,34),(1,274,37),(1,274,38),(1,275,2),(1,275,6),(1,275,8),(1,275,9),(1,275,13),(1,275,21),(1,275,28),(1,275,29),(1,275,31),(1,275,32),(1,275,34),(1,275,37),(1,275,38),(4,276,4),(4,276,5),(4,276,7),(4,276,11),(4,276,18),(4,276,20),(4,276,22),(4,276,27),(4,276,35),(4,276,39),(1,277,2),(1,277,6),(1,277,8),(1,277,9),(1,277,13),(1,277,21),(1,277,28),(1,277,29),(1,277,31),(1,277,32),(1,277,34),(1,277,37),(1,277,38),(1,278,2),(1,278,6),(1,278,8),(1,278,9),(1,278,13),(1,278,21),(1,278,28),(1,278,29),(1,278,31),(1,278,32),(1,278,34),(1,278,37),(1,278,38),(2,279,14),(2,279,15),(2,279,16),(2,279,19),(2,279,25),(2,279,26),(2,279,30),(2,279,36),(2,280,14),(2,280,15),(2,280,16),(2,280,19),(2,280,25),(2,280,26),(2,280,30),(2,280,36),(3,281,1),(3,281,3),(3,281,10),(3,281,12),(3,281,17),(3,281,23),(3,281,24),(3,281,33),(3,281,40),(3,281,41),(4,282,4),(4,282,5),(4,282,7),(4,282,11),(4,282,18),(4,282,20),(4,282,22),(4,282,27),(4,282,35),(4,282,39),(2,283,14),(2,283,15),(2,283,16),(2,283,19),(2,283,25),(2,283,26),(2,283,30),(2,283,36),(2,284,14),(2,284,15),(2,284,16),(2,284,19),(2,284,25),(2,284,26),(2,284,30),(2,284,36),(4,285,4),(4,285,5),(4,285,7),(4,285,11),(4,285,18),(4,285,20),(4,285,22),(4,285,27),(4,285,35),(4,285,39),(4,286,4),(4,286,5),(4,286,7),(4,286,11),(4,286,18),(4,286,20),(4,286,22),(4,286,27),(4,286,35),(4,286,39),(2,287,14),(2,287,15),(2,287,16),(2,287,19),(2,287,25),(2,287,26),(2,287,30),(2,287,36),(3,288,1),(3,288,3),(3,288,10),(3,288,12),(3,288,17),(3,288,23),(3,288,24),(3,288,33),(3,288,40),(3,288,41),(4,289,4),(4,289,5),(4,289,7),(4,289,11),(4,289,18),(4,289,20),(4,289,22),(4,289,27),(4,289,35),(4,289,39),(3,290,1),(3,290,3),(3,290,10),(3,290,12),(3,290,17),(3,290,23),(3,290,24),(3,290,33),(3,290,40),(3,290,41),(2,291,14),(2,291,15),(2,291,16),(2,291,19),(2,291,25),(2,291,26),(2,291,30),(2,291,36),(1,292,2),(1,292,6),(1,292,8),(1,292,9),(1,292,13),(1,292,21),(1,292,28),(1,292,29),(1,292,31),(1,292,32),(1,292,34),(1,292,37),(1,292,38),(3,293,1),(3,293,3),(3,293,10),(3,293,12),(3,293,17),(3,293,23),(3,293,24),(3,293,33),(3,293,40),(3,293,41),(4,294,4),(4,294,5),(4,294,7),(4,294,11),(4,294,18),(4,294,20),(4,294,22),(4,294,27),(4,294,35),(4,294,39),(4,295,4),(4,295,5),(4,295,7),(4,295,11),(4,295,18),(4,295,20),(4,295,22),(4,295,27),(4,295,35),(4,295,39),(4,296,4),(4,296,5),(4,296,7),(4,296,11),(4,296,18),(4,296,20),(4,296,22),(4,296,27),(4,296,35),(4,296,39),(4,297,4),(4,297,5),(4,297,7),(4,297,11),(4,297,18),(4,297,20),(4,297,22),(4,297,27),(4,297,35),(4,297,39),(4,298,4),(4,298,5),(4,298,7),(4,298,11),(4,298,18),(4,298,20),(4,298,22),(4,298,27),(4,298,35),(4,298,39),(1,299,2),(1,299,6),(1,299,8),(1,299,9),(1,299,13),(1,299,21),(1,299,28),(1,299,29),(1,299,31),(1,299,32),(1,299,34),(1,299,37),(1,299,38),(3,300,1),(3,300,3),(3,300,10),(3,300,12),(3,300,17),(3,300,23),(3,300,24),(3,300,33),(3,300,40),(3,300,41),(3,301,1),(3,301,3),(3,301,10),(3,301,12),(3,301,17),(3,301,23),(3,301,24),(3,301,33),(3,301,40),(3,301,41),(4,302,4),(4,302,5),(4,302,7),(4,302,11),(4,302,18),(4,302,20),(4,302,22),(4,302,27),(4,302,35),(4,302,39),(4,303,4),(4,303,5),(4,303,7),(4,303,11),(4,303,18),(4,303,20),(4,303,22),(4,303,27),(4,303,35),(4,303,39),(2,304,14),(2,304,15),(2,304,16),(2,304,19),(2,304,25),(2,304,26),(2,304,30),(2,304,36),(3,305,1),(3,305,3),(3,305,10),(3,305,12),(3,305,17),(3,305,23),(3,305,24),(3,305,33),(3,305,40),(3,305,41),(1,306,2),(1,306,6),(1,306,8),(1,306,9),(1,306,13),(1,306,21),(1,306,28),(1,306,29),(1,306,31),(1,306,32),(1,306,34),(1,306,37),(1,306,38),(2,307,14),(2,307,15),(2,307,16),(2,307,19),(2,307,25),(2,307,26),(2,307,30),(2,307,36),(1,308,2),(1,308,6),(1,308,8),(1,308,9),(1,308,13),(1,308,21),(1,308,28),(1,308,29),(1,308,31),(1,308,32),(1,308,34),(1,308,37),(1,308,38),(4,309,4),(4,309,5),(4,309,7),(4,309,11),(4,309,18),(4,309,20),(4,309,22),(4,309,27),(4,309,35),(4,309,39),(1,310,2),(1,310,6),(1,310,8),(1,310,9),(1,310,13),(1,310,21),(1,310,28),(1,310,29),(1,310,31),(1,310,32),(1,310,34),(1,310,37),(1,310,38),(1,311,2),(1,311,6),(1,311,8),(1,311,9),(1,311,13),(1,311,21),(1,311,28),(1,311,29),(1,311,31),(1,311,32),(1,311,34),(1,311,37),(1,311,38),(1,312,2),(1,312,6),(1,312,8),(1,312,9),(1,312,13),(1,312,21),(1,312,28),(1,312,29),(1,312,31),(1,312,32),(1,312,34),(1,312,37),(1,312,38),(2,313,14),(2,313,15),(2,313,16),(2,313,19),(2,313,25),(2,313,26),(2,313,30),(2,313,36),(3,314,1),(3,314,3),(3,314,10),(3,314,12),(3,314,17),(3,314,23),(3,314,24),(3,314,33),(3,314,40),(3,314,41),(2,315,14),(2,315,15),(2,315,16),(2,315,19),(2,315,25),(2,315,26),(2,315,30),(2,315,36),(3,316,1),(3,316,3),(3,316,10),(3,316,12),(3,316,17),(3,316,23),(3,316,24),(3,316,33),(3,316,40),(3,316,41),(4,317,4),(4,317,5),(4,317,7),(4,317,11),(4,317,18),(4,317,20),(4,317,22),(4,317,27),(4,317,35),(4,317,39),(4,318,4),(4,318,5),(4,318,7),(4,318,11),(4,318,18),(4,318,20),(4,318,22),(4,318,27),(4,318,35),(4,318,39),(1,319,2),(1,319,6),(1,319,8),(1,319,9),(1,319,13),(1,319,21),(1,319,28),(1,319,29),(1,319,31),(1,319,32),(1,319,34),(1,319,37),(1,319,38),(1,320,2),(1,320,6),(1,320,8),(1,320,9),(1,320,13),(1,320,21),(1,320,28),(1,320,29),(1,320,31),(1,320,32),(1,320,34),(1,320,37),(1,320,38),(3,321,1),(3,321,3),(3,321,10),(3,321,12),(3,321,17),(3,321,23),(3,321,24),(3,321,33),(3,321,40),(3,321,41),(4,322,4),(4,322,5),(4,322,7),(4,322,11),(4,322,18),(4,322,20),(4,322,22),(4,322,27),(4,322,35),(4,322,39),(4,323,4),(4,323,5),(4,323,7),(4,323,11),(4,323,18),(4,323,20),(4,323,22),(4,323,27),(4,323,35),(4,323,39),(3,324,1),(3,324,3),(3,324,10),(3,324,12),(3,324,17),(3,324,23),(3,324,24),(3,324,33),(3,324,40),(3,324,41),(1,325,2),(1,325,6),(1,325,8),(1,325,9),(1,325,13),(1,325,21),(1,325,28),(1,325,29),(1,325,31),(1,325,32),(1,325,34),(1,325,37),(1,325,38),(4,326,4),(4,326,5),(4,326,7),(4,326,11),(4,326,18),(4,326,20),(4,326,22),(4,326,27),(4,326,35),(4,326,39),(1,327,2),(1,327,6),(1,327,8),(1,327,9),(1,327,13),(1,327,21),(1,327,28),(1,327,29),(1,327,31),(1,327,32),(1,327,34),(1,327,37),(1,327,38),(3,328,1),(3,328,3),(3,328,10),(3,328,12),(3,328,17),(3,328,23),(3,328,24),(3,328,33),(3,328,40),(3,328,41),(3,329,1),(3,329,3),(3,329,10),(3,329,12),(3,329,17),(3,329,23),(3,329,24),(3,329,33),(3,329,40),(3,329,41),(4,330,4),(4,330,5),(4,330,7),(4,330,11),(4,330,18),(4,330,20),(4,330,22),(4,330,27),(4,330,35),(4,330,39),(3,331,1),(3,331,3),(3,331,10),(3,331,12),(3,331,17),(3,331,23),(3,331,24),(3,331,33),(3,331,40),(3,331,41),(4,332,4),(4,332,5),(4,332,7),(4,332,11),(4,332,18),(4,332,20),(4,332,22),(4,332,27),(4,332,35),(4,332,39),(4,333,4),(4,333,5),(4,333,7),(4,333,11),(4,333,18),(4,333,20),(4,333,22),(4,333,27),(4,333,35),(4,333,39),(3,334,1),(3,334,3),(3,334,10),(3,334,12),(3,334,17),(3,334,23),(3,334,24),(3,334,33),(3,334,40),(3,334,41),(3,335,1),(3,335,3),(3,335,10),(3,335,12),(3,335,17),(3,335,23),(3,335,24),(3,335,33),(3,335,40),(3,335,41),(3,336,1),(3,336,3),(3,336,10),(3,336,12),(3,336,17),(3,336,23),(3,336,24),(3,336,33),(3,336,40),(3,336,41),(3,337,1),(3,337,3),(3,337,10),(3,337,12),(3,337,17),(3,337,23),(3,337,24),(3,337,33),(3,337,40),(3,337,41),(2,338,14),(2,338,15),(2,338,16),(2,338,19),(2,338,25),(2,338,26),(2,338,30),(2,338,36),(1,339,2),(1,339,6),(1,339,8),(1,339,9),(1,339,13),(1,339,21),(1,339,28),(1,339,29),(1,339,31),(1,339,32),(1,339,34),(1,339,37),(1,339,38),(2,340,14),(2,340,15),(2,340,16),(2,340,19),(2,340,25),(2,340,26),(2,340,30),(2,340,36),(1,341,2),(1,341,6),(1,341,8),(1,341,9),(1,341,13),(1,341,21),(1,341,28),(1,341,29),(1,341,31),(1,341,32),(1,341,34),(1,341,37),(1,341,38),(3,342,1),(3,342,3),(3,342,10),(3,342,12),(3,342,17),(3,342,23),(3,342,24),(3,342,33),(3,342,40),(3,342,41),(1,343,2),(1,343,6),(1,343,8),(1,343,9),(1,343,13),(1,343,21),(1,343,28),(1,343,29),(1,343,31),(1,343,32),(1,343,34),(1,343,37),(1,343,38),(2,344,14),(2,344,15),(2,344,16),(2,344,19),(2,344,25),(2,344,26),(2,344,30),(2,344,36),(4,345,4),(4,345,5),(4,345,7),(4,345,11),(4,345,18),(4,345,20),(4,345,22),(4,345,27),(4,345,35),(4,345,39),(3,346,1),(3,346,3),(3,346,10),(3,346,12),(3,346,17),(3,346,23),(3,346,24),(3,346,33),(3,346,40),(3,346,41),(1,347,2),(1,347,6),(1,347,8),(1,347,9),(1,347,13),(1,347,21),(1,347,28),(1,347,29),(1,347,31),(1,347,32),(1,347,34),(1,347,37),(1,347,38),(2,348,14),(2,348,15),(2,348,16),(2,348,19),(2,348,25),(2,348,26),(2,348,30),(2,348,36),(4,349,4),(4,349,5),(4,349,7),(4,349,11),(4,349,18),(4,349,20),(4,349,22),(4,349,27),(4,349,35),(4,349,39),(3,350,1),(3,350,3),(3,350,10),(3,350,12),(3,350,17),(3,350,23),(3,350,24),(3,350,33),(3,350,40),(3,350,41),(1,351,2),(1,351,6),(1,351,8),(1,351,9),(1,351,13),(1,351,21),(1,351,28),(1,351,29),(1,351,31),(1,351,32),(1,351,34),(1,351,37),(1,351,38),(1,352,2),(1,352,6),(1,352,8),(1,352,9),(1,352,13),(1,352,21),(1,352,28),(1,352,29),(1,352,31),(1,352,32),(1,352,34),(1,352,37),(1,352,38),(4,353,4),(4,353,5),(4,353,7),(4,353,11),(4,353,18),(4,353,20),(4,353,22),(4,353,27),(4,353,35),(4,353,39),(1,354,2),(1,354,6),(1,354,8),(1,354,9),(1,354,13),(1,354,21),(1,354,28),(1,354,29),(1,354,31),(1,354,32),(1,354,34),(1,354,37),(1,354,38),(2,355,14),(2,355,15),(2,355,16),(2,355,19),(2,355,25),(2,355,26),(2,355,30),(2,355,36),(3,356,1),(3,356,3),(3,356,10),(3,356,12),(3,356,17),(3,356,23),(3,356,24),(3,356,33),(3,356,40),(3,356,41),(4,357,4),(4,357,5),(4,357,7),(4,357,11),(4,357,18),(4,357,20),(4,357,22),(4,357,27),(4,357,35),(4,357,39),(4,358,4),(4,358,5),(4,358,7),(4,358,11),(4,358,18),(4,358,20),(4,358,22),(4,358,27),(4,358,35),(4,358,39),(4,359,4),(4,359,5),(4,359,7),(4,359,11),(4,359,18),(4,359,20),(4,359,22),(4,359,27),(4,359,35),(4,359,39),(2,360,14),(2,360,15),(2,360,16),(2,360,19),(2,360,25),(2,360,26),(2,360,30),(2,360,36),(2,361,14),(2,361,15),(2,361,16),(2,361,19),(2,361,25),(2,361,26),(2,361,30),(2,361,36),(1,362,2),(1,362,6),(1,362,8),(1,362,9),(1,362,13),(1,362,21),(1,362,28),(1,362,29),(1,362,31),(1,362,32),(1,362,34),(1,362,37),(1,362,38),(4,363,4),(4,363,5),(4,363,7),(4,363,11),(4,363,18),(4,363,20),(4,363,22),(4,363,27),(4,363,35),(4,363,39),(3,364,1),(3,364,3),(3,364,10),(3,364,12),(3,364,17),(3,364,23),(3,364,24),(3,364,33),(3,364,40),(3,364,41),(2,365,14),(2,365,15),(2,365,16),(2,365,19),(2,365,25),(2,365,26),(2,365,30),(2,365,36),(4,366,4),(4,366,5),(4,366,7),(4,366,11),(4,366,18),(4,366,20),(4,366,22),(4,366,27),(4,366,35),(4,366,39),(1,367,2),(1,367,6),(1,367,8),(1,367,9),(1,367,13),(1,367,21),(1,367,28),(1,367,29),(1,367,31),(1,367,32),(1,367,34),(1,367,37),(1,367,38),(1,368,2),(1,368,6),(1,368,8),(1,368,9),(1,368,13),(1,368,21),(1,368,28),(1,368,29),(1,368,31),(1,368,32),(1,368,34),(1,368,37),(1,368,38),(1,369,2),(1,369,6),(1,369,8),(1,369,9),(1,369,13),(1,369,21),(1,369,28),(1,369,29),(1,369,31),(1,369,32),(1,369,34),(1,369,37),(1,369,38),(4,370,4),(4,370,5),(4,370,7),(4,370,11),(4,370,18),(4,370,20),(4,370,22),(4,370,27),(4,370,35),(4,370,39),(2,371,14),(2,371,15),(2,371,16),(2,371,19),(2,371,25),(2,371,26),(2,371,30),(2,371,36),(1,372,2),(1,372,6),(1,372,8),(1,372,9),(1,372,13),(1,372,21),(1,372,28),(1,372,29),(1,372,31),(1,372,32),(1,372,34),(1,372,37),(1,372,38),(3,373,1),(3,373,3),(3,373,10),(3,373,12),(3,373,17),(3,373,23),(3,373,24),(3,373,33),(3,373,40),(3,373,41),(3,374,1),(3,374,3),(3,374,10),(3,374,12),(3,374,17),(3,374,23),(3,374,24),(3,374,33),(3,374,40),(3,374,41),(1,375,2),(1,375,6),(1,375,8),(1,375,9),(1,375,13),(1,375,21),(1,375,28),(1,375,29),(1,375,31),(1,375,32),(1,375,34),(1,375,37),(1,375,38),(1,376,2),(1,376,6),(1,376,8),(1,376,9),(1,376,13),(1,376,21),(1,376,28),(1,376,29),(1,376,31),(1,376,32),(1,376,34),(1,376,37),(1,376,38),(3,377,1),(3,377,3),(3,377,10),(3,377,12),(3,377,17),(3,377,23),(3,377,24),(3,377,33),(3,377,40),(3,377,41),(2,378,14),(2,378,15),(2,378,16),(2,378,19),(2,378,25),(2,378,26),(2,378,30),(2,378,36),(3,379,1),(3,379,3),(3,379,10),(3,379,12),(3,379,17),(3,379,23),(3,379,24),(3,379,33),(3,379,40),(3,379,41),(4,380,4),(4,380,5),(4,380,7),(4,380,11),(4,380,18),(4,380,20),(4,380,22),(4,380,27),(4,380,35),(4,380,39),(4,381,4),(4,381,5),(4,381,7),(4,381,11),(4,381,18),(4,381,20),(4,381,22),(4,381,27),(4,381,35),(4,381,39),(3,382,1),(3,382,3),(3,382,10),(3,382,12),(3,382,17),(3,382,23),(3,382,24),(3,382,33),(3,382,40),(3,382,41),(2,383,14),(2,383,15),(2,383,16),(2,383,19),(2,383,25),(2,383,26),(2,383,30),(2,383,36),(4,384,4),(4,384,5),(4,384,7),(4,384,11),(4,384,18),(4,384,20),(4,384,22),(4,384,27),(4,384,35),(4,384,39),(3,385,1),(3,385,3),(3,385,10),(3,385,12),(3,385,17),(3,385,23),(3,385,24),(3,385,33),(3,385,40),(3,385,41),(1,386,2),(1,386,6),(1,386,8),(1,386,9),(1,386,13),(1,386,21),(1,386,28),(1,386,29),(1,386,31),(1,386,32),(1,386,34),(1,386,37),(1,386,38),(4,387,4),(4,387,5),(4,387,7),(4,387,11),(4,387,18),(4,387,20),(4,387,22),(4,387,27),(4,387,35),(4,387,39),(1,388,2),(1,388,6),(1,388,8),(1,388,9),(1,388,13),(1,388,21),(1,388,28),(1,388,29),(1,388,31),(1,388,32),(1,388,34),(1,388,37),(1,388,38),(2,389,14),(2,389,15),(2,389,16),(2,389,19),(2,389,25),(2,389,26),(2,389,30),(2,389,36),(3,390,1),(3,390,3),(3,390,10),(3,390,12),(3,390,17),(3,390,23),(3,390,24),(3,390,33),(3,390,40),(3,390,41),(1,391,2),(1,391,6),(1,391,8),(1,391,9),(1,391,13),(1,391,21),(1,391,28),(1,391,29),(1,391,31),(1,391,32),(1,391,34),(1,391,37),(1,391,38),(1,392,2),(1,392,6),(1,392,8),(1,392,9),(1,392,13),(1,392,21),(1,392,28),(1,392,29),(1,392,31),(1,392,32),(1,392,34),(1,392,37),(1,392,38),(3,393,1),(3,393,3),(3,393,10),(3,393,12),(3,393,17),(3,393,23),(3,393,24),(3,393,33),(3,393,40),(3,393,41),(1,394,2),(1,394,6),(1,394,8),(1,394,9),(1,394,13),(1,394,21),(1,394,28),(1,394,29),(1,394,31),(1,394,32),(1,394,34),(1,394,37),(1,394,38),(1,395,2),(1,395,6),(1,395,8),(1,395,9),(1,395,13),(1,395,21),(1,395,28),(1,395,29),(1,395,31),(1,395,32),(1,395,34),(1,395,37),(1,395,38),(1,396,2),(1,396,6),(1,396,8),(1,396,9),(1,396,13),(1,396,21),(1,396,28),(1,396,29),(1,396,31),(1,396,32),(1,396,34),(1,396,37),(1,396,38),(3,397,1),(3,397,3),(3,397,10),(3,397,12),(3,397,17),(3,397,23),(3,397,24),(3,397,33),(3,397,40),(3,397,41),(2,398,14),(2,398,15),(2,398,16),(2,398,19),(2,398,25),(2,398,26),(2,398,30),(2,398,36),(4,399,4),(4,399,5),(4,399,7),(4,399,11),(4,399,18),(4,399,20),(4,399,22),(4,399,27),(4,399,35),(4,399,39),(3,400,1),(3,400,3),(3,400,10),(3,400,12),(3,400,17),(3,400,23),(3,400,24),(3,400,33),(3,400,40),(3,400,41),(1,401,2),(1,401,6),(1,401,8),(1,401,9),(1,401,13),(1,401,21),(1,401,28),(1,401,29),(1,401,31),(1,401,32),(1,401,34),(1,401,37),(1,401,38),(2,402,14),(2,402,15),(2,402,16),(2,402,19),(2,402,25),(2,402,26),(2,402,30),(2,402,36),(2,403,14),(2,403,15),(2,403,16),(2,403,19),(2,403,25),(2,403,26),(2,403,30),(2,403,36),(4,404,4),(4,404,5),(4,404,7),(4,404,11),(4,404,18),(4,404,20),(4,404,22),(4,404,27),(4,404,35),(4,404,39),(2,405,14),(2,405,15),(2,405,16),(2,405,19),(2,405,25),(2,405,26),(2,405,30),(2,405,36),(2,406,14),(2,406,15),(2,406,16),(2,406,19),(2,406,25),(2,406,26),(2,406,30),(2,406,36),(3,407,1),(3,407,3),(3,407,10),(3,407,12),(3,407,17),(3,407,23),(3,407,24),(3,407,33),(3,407,40),(3,407,41),(1,408,2),(1,408,6),(1,408,8),(1,408,9),(1,408,13),(1,408,21),(1,408,28),(1,408,29),(1,408,31),(1,408,32),(1,408,34),(1,408,37),(1,408,38),(1,409,2),(1,409,6),(1,409,8),(1,409,9),(1,409,13),(1,409,21),(1,409,28),(1,409,29),(1,409,31),(1,409,32),(1,409,34),(1,409,37),(1,409,38),(1,410,2),(1,410,6),(1,410,8),(1,410,9),(1,410,13),(1,410,21),(1,410,28),(1,410,29),(1,410,31),(1,410,32),(1,410,34),(1,410,37),(1,410,38),(2,411,14),(2,411,15),(2,411,16),(2,411,19),(2,411,25),(2,411,26),(2,411,30),(2,411,36),(4,412,4),(4,412,5),(4,412,7),(4,412,11),(4,412,18),(4,412,20),(4,412,22),(4,412,27),(4,412,35),(4,412,39),(4,413,4),(4,413,5),(4,413,7),(4,413,11),(4,413,18),(4,413,20),(4,413,22),(4,413,27),(4,413,35),(4,413,39),(1,414,2),(1,414,6),(1,414,8),(1,414,9),(1,414,13),(1,414,21),(1,414,28),(1,414,29),(1,414,31),(1,414,32),(1,414,34),(1,414,37),(1,414,38),(3,415,1),(3,415,3),(3,415,10),(3,415,12),(3,415,17),(3,415,23),(3,415,24),(3,415,33),(3,415,40),(3,415,41),(2,416,14),(2,416,15),(2,416,16),(2,416,19),(2,416,25),(2,416,26),(2,416,30),(2,416,36),(4,417,4),(4,417,5),(4,417,7),(4,417,11),(4,417,18),(4,417,20),(4,417,22),(4,417,27),(4,417,35),(4,417,39),(3,418,1),(3,418,3),(3,418,10),(3,418,12),(3,418,17),(3,418,23),(3,418,24),(3,418,33),(3,418,40),(3,418,41),(1,419,2),(1,419,6),(1,419,8),(1,419,9),(1,419,13),(1,419,21),(1,419,28),(1,419,29),(1,419,31),(1,419,32),(1,419,34),(1,419,37),(1,419,38),(4,420,4),(4,420,5),(4,420,7),(4,420,11),(4,420,18),(4,420,20),(4,420,22),(4,420,27),(4,420,35),(4,420,39),(3,421,1),(3,421,3),(3,421,10),(3,421,12),(3,421,17),(3,421,23),(3,421,24),(3,421,33),(3,421,40),(3,421,41),(2,422,14),(2,422,15),(2,422,16),(2,422,19),(2,422,25),(2,422,26),(2,422,30),(2,422,36),(3,423,1),(3,423,3),(3,423,10),(3,423,12),(3,423,17),(3,423,23),(3,423,24),(3,423,33),(3,423,40),(3,423,41),(1,424,2),(1,424,6),(1,424,8),(1,424,9),(1,424,13),(1,424,21),(1,424,28),(1,424,29),(1,424,31),(1,424,32),(1,424,34),(1,424,37),(1,424,38),(4,425,4),(4,425,5),(4,425,7),(4,425,11),(4,425,18),(4,425,20),(4,425,22),(4,425,27),(4,425,35),(4,425,39),(1,426,2),(1,426,6),(1,426,8),(1,426,9),(1,426,13),(1,426,21),(1,426,28),(1,426,29),(1,426,31),(1,426,32),(1,426,34),(1,426,37),(1,426,38),(2,427,14),(2,427,15),(2,427,16),(2,427,19),(2,427,25),(2,427,26),(2,427,30),(2,427,36),(1,428,2),(1,428,6),(1,428,8),(1,428,9),(1,428,13),(1,428,21),(1,428,28),(1,428,29),(1,428,31),(1,428,32),(1,428,34),(1,428,37),(1,428,38),(1,429,2),(1,429,6),(1,429,8),(1,429,9),(1,429,13),(1,429,21),(1,429,28),(1,429,29),(1,429,31),(1,429,32),(1,429,34),(1,429,37),(1,429,38),(4,430,4),(4,430,5),(4,430,7),(4,430,11),(4,430,18),(4,430,20),(4,430,22),(4,430,27),(4,430,35),(4,430,39),(3,431,1),(3,431,3),(3,431,10),(3,431,12),(3,431,17),(3,431,23),(3,431,24),(3,431,33),(3,431,40),(3,431,41),(2,432,14),(2,432,15),(2,432,16),(2,432,19),(2,432,25),(2,432,26),(2,432,30),(2,432,36),(4,433,4),(4,433,5),(4,433,7),(4,433,11),(4,433,18),(4,433,20),(4,433,22),(4,433,27),(4,433,35),(4,433,39),(2,434,14),(2,434,15),(2,434,16),(2,434,19),(2,434,25),(2,434,26),(2,434,30),(2,434,36),(3,435,1),(3,435,3),(3,435,10),(3,435,12),(3,435,17),(3,435,23),(3,435,24),(3,435,33),(3,435,40),(3,435,41),(1,436,2),(1,436,6),(1,436,8),(1,436,9),(1,436,13),(1,436,21),(1,436,28),(1,436,29),(1,436,31),(1,436,32),(1,436,34),(1,436,37),(1,436,38),(4,437,4),(4,437,5),(4,437,7),(4,437,11),(4,437,18),(4,437,20),(4,437,22),(4,437,27),(4,437,35),(4,437,39),(2,438,14),(2,438,15),(2,438,16),(2,438,19),(2,438,25),(2,438,26),(2,438,30),(2,438,36),(4,439,4),(4,439,5),(4,439,7),(4,439,11),(4,439,18),(4,439,20),(4,439,22),(4,439,27),(4,439,35),(4,439,39),(2,440,14),(2,440,15),(2,440,16),(2,440,19),(2,440,25),(2,440,26),(2,440,30),(2,440,36),(1,441,2),(1,441,6),(1,441,8),(1,441,9),(1,441,13),(1,441,21),(1,441,28),(1,441,29),(1,441,31),(1,441,32),(1,441,34),(1,441,37),(1,441,38),(2,442,14),(2,442,15),(2,442,16),(2,442,19),(2,442,25),(2,442,26),(2,442,30),(2,442,36),(1,443,2),(1,443,6),(1,443,8),(1,443,9),(1,443,13),(1,443,21),(1,443,28),(1,443,29),(1,443,31),(1,443,32),(1,443,34),(1,443,37),(1,443,38),(1,444,2),(1,444,6),(1,444,8),(1,444,9),(1,444,13),(1,444,21),(1,444,28),(1,444,29),(1,444,31),(1,444,32),(1,444,34),(1,444,37),(1,444,38),(1,445,2),(1,445,6),(1,445,8),(1,445,9),(1,445,13),(1,445,21),(1,445,28),(1,445,29),(1,445,31),(1,445,32),(1,445,34),(1,445,37),(1,445,38),(2,446,14),(2,446,15),(2,446,16),(2,446,19),(2,446,25),(2,446,26),(2,446,30),(2,446,36),(3,447,1),(3,447,3),(3,447,10),(3,447,12),(3,447,17),(3,447,23),(3,447,24),(3,447,33),(3,447,40),(3,447,41),(2,448,14),(2,448,15),(2,448,16),(2,448,19),(2,448,25),(2,448,26),(2,448,30),(2,448,36),(1,449,2),(1,449,6),(1,449,8),(1,449,9),(1,449,13),(1,449,21),(1,449,28),(1,449,29),(1,449,31),(1,449,32),(1,449,34),(1,449,37),(1,449,38),(1,450,2),(1,450,6),(1,450,8),(1,450,9),(1,450,13),(1,450,21),(1,450,28),(1,450,29),(1,450,31),(1,450,32),(1,450,34),(1,450,37),(1,450,38),(2,451,14),(2,451,15),(2,451,16),(2,451,19),(2,451,25),(2,451,26),(2,451,30),(2,451,36),(1,452,2),(1,452,6),(1,452,8),(1,452,9),(1,452,13),(1,452,21),(1,452,28),(1,452,29),(1,452,31),(1,452,32),(1,452,34),(1,452,37),(1,452,38),(2,453,14),(2,453,15),(2,453,16),(2,453,19),(2,453,25),(2,453,26),(2,453,30),(2,453,36),(4,454,4),(4,454,5),(4,454,7),(4,454,11),(4,454,18),(4,454,20),(4,454,22),(4,454,27),(4,454,35),(4,454,39),(3,455,1),(3,455,3),(3,455,10),(3,455,12),(3,455,17),(3,455,23),(3,455,24),(3,455,33),(3,455,40),(3,455,41),(2,456,14),(2,456,15),(2,456,16),(2,456,19),(2,456,25),(2,456,26),(2,456,30),(2,456,36),(4,457,4),(4,457,5),(4,457,7),(4,457,11),(4,457,18),(4,457,20),(4,457,22),(4,457,27),(4,457,35),(4,457,39),(4,458,4),(4,458,5),(4,458,7),(4,458,11),(4,458,18),(4,458,20),(4,458,22),(4,458,27),(4,458,35),(4,458,39),(3,459,1),(3,459,3),(3,459,10),(3,459,12),(3,459,17),(3,459,23),(3,459,24),(3,459,33),(3,459,40),(3,459,41),(1,460,2),(1,460,6),(1,460,8),(1,460,9),(1,460,13),(1,460,21),(1,460,28),(1,460,29),(1,460,31),(1,460,32),(1,460,34),(1,460,37),(1,460,38),(3,461,1),(3,461,3),(3,461,10),(3,461,12),(3,461,17),(3,461,23),(3,461,24),(3,461,33),(3,461,40),(3,461,41),(1,462,2),(1,462,6),(1,462,8),(1,462,9),(1,462,13),(1,462,21),(1,462,28),(1,462,29),(1,462,31),(1,462,32),(1,462,34),(1,462,37),(1,462,38),(4,463,4),(4,463,5),(4,463,7),(4,463,11),(4,463,18),(4,463,20),(4,463,22),(4,463,27),(4,463,35),(4,463,39),(2,464,14),(2,464,15),(2,464,16),(2,464,19),(2,464,25),(2,464,26),(2,464,30),(2,464,36),(2,465,14),(2,465,15),(2,465,16),(2,465,19),(2,465,25),(2,465,26),(2,465,30),(2,465,36),(3,466,1),(3,466,3),(3,466,10),(3,466,12),(3,466,17),(3,466,23),(3,466,24),(3,466,33),(3,466,40),(3,466,41),(1,467,2),(1,467,6),(1,467,8),(1,467,9),(1,467,13),(1,467,21),(1,467,28),(1,467,29),(1,467,31),(1,467,32),(1,467,34),(1,467,37),(1,467,38),(2,468,14),(2,468,15),(2,468,16),(2,468,19),(2,468,25),(2,468,26),(2,468,30),(2,468,36),(1,469,2),(1,469,6),(1,469,8),(1,469,9),(1,469,13),(1,469,21),(1,469,28),(1,469,29),(1,469,31),(1,469,32),(1,469,34),(1,469,37),(1,469,38),(3,470,1),(3,470,3),(3,470,10),(3,470,12),(3,470,17),(3,470,23),(3,470,24),(3,470,33),(3,470,40),(3,470,41),(1,471,2),(1,471,6),(1,471,8),(1,471,9),(1,471,13),(1,471,21),(1,471,28),(1,471,29),(1,471,31),(1,471,32),(1,471,34),(1,471,37),(1,471,38),(2,472,14),(2,472,15),(2,472,16),(2,472,19),(2,472,25),(2,472,26),(2,472,30),(2,472,36),(1,473,2),(1,473,6),(1,473,8),(1,473,9),(1,473,13),(1,473,21),(1,473,28),(1,473,29),(1,473,31),(1,473,32),(1,473,34),(1,473,37),(1,473,38),(2,474,14),(2,474,15),(2,474,16),(2,474,19),(2,474,25),(2,474,26),(2,474,30),(2,474,36),(3,475,1),(3,475,3),(3,475,10),(3,475,12),(3,475,17),(3,475,23),(3,475,24),(3,475,33),(3,475,40),(3,475,41),(2,476,14),(2,476,15),(2,476,16),(2,476,19),(2,476,25),(2,476,26),(2,476,30),(2,476,36),(4,477,4),(4,477,5),(4,477,7),(4,477,11),(4,477,18),(4,477,20),(4,477,22),(4,477,27),(4,477,35),(4,477,39),(2,478,14),(2,478,15),(2,478,16),(2,478,19),(2,478,25),(2,478,26),(2,478,30),(2,478,36),(1,479,2),(1,479,6),(1,479,8),(1,479,9),(1,479,13),(1,479,21),(1,479,28),(1,479,29),(1,479,31),(1,479,32),(1,479,34),(1,479,37),(1,479,38),(1,480,2),(1,480,6),(1,480,8),(1,480,9),(1,480,13),(1,480,21),(1,480,28),(1,480,29),(1,480,31),(1,480,32),(1,480,34),(1,480,37),(1,480,38),(1,481,2),(1,481,6),(1,481,8),(1,481,9),(1,481,13),(1,481,21),(1,481,28),(1,481,29),(1,481,31),(1,481,32),(1,481,34),(1,481,37),(1,481,38),(2,482,14),(2,482,15),(2,482,16),(2,482,19),(2,482,25),(2,482,26),(2,482,30),(2,482,36),(4,483,4),(4,483,5),(4,483,7),(4,483,11),(4,483,18),(4,483,20),(4,483,22),(4,483,27),(4,483,35),(4,483,39),(3,484,1),(3,484,3),(3,484,10),(3,484,12),(3,484,17),(3,484,23),(3,484,24),(3,484,33),(3,484,40),(3,484,41),(1,485,2),(1,485,6),(1,485,8),(1,485,9),(1,485,13),(1,485,21),(1,485,28),(1,485,29),(1,485,31),(1,485,32),(1,485,34),(1,485,37),(1,485,38),(2,486,14),(2,486,15),(2,486,16),(2,486,19),(2,486,25),(2,486,26),(2,486,30),(2,486,36),(4,487,4),(4,487,5),(4,487,7),(4,487,11),(4,487,18),(4,487,20),(4,487,22),(4,487,27),(4,487,35),(4,487,39),(3,488,1),(3,488,3),(3,488,10),(3,488,12),(3,488,17),(3,488,23),(3,488,24),(3,488,33),(3,488,40),(3,488,41),(2,489,14),(2,489,15),(2,489,16),(2,489,19),(2,489,25),(2,489,26),(2,489,30),(2,489,36),(3,490,1),(3,490,3),(3,490,10),(3,490,12),(3,490,17),(3,490,23),(3,490,24),(3,490,33),(3,490,40),(3,490,41),(4,491,4),(4,491,5),(4,491,7),(4,491,11),(4,491,18),(4,491,20),(4,491,22),(4,491,27),(4,491,35),(4,491,39),(4,492,4),(4,492,5),(4,492,7),(4,492,11),(4,492,18),(4,492,20),(4,492,22),(4,492,27),(4,492,35),(4,492,39),(1,493,2),(1,493,6),(1,493,8),(1,493,9),(1,493,13),(1,493,21),(1,493,28),(1,493,29),(1,493,31),(1,493,32),(1,493,34),(1,493,37),(1,493,38),(1,494,2),(1,494,6),(1,494,8),(1,494,9),(1,494,13),(1,494,21),(1,494,28),(1,494,29),(1,494,31),(1,494,32),(1,494,34),(1,494,37),(1,494,38),(3,495,1),(3,495,3),(3,495,10),(3,495,12),(3,495,17),(3,495,23),(3,495,24),(3,495,33),(3,495,40),(3,495,41),(1,496,2),(1,496,6),(1,496,8),(1,496,9),(1,496,13),(1,496,21),(1,496,28),(1,496,29),(1,496,31),(1,496,32),(1,496,34),(1,496,37),(1,496,38),(1,497,2),(1,497,6),(1,497,8),(1,497,9),(1,497,13),(1,497,21),(1,497,28),(1,497,29),(1,497,31),(1,497,32),(1,497,34),(1,497,37),(1,497,38),(3,498,1),(3,498,3),(3,498,10),(3,498,12),(3,498,17),(3,498,23),(3,498,24),(3,498,33),(3,498,40),(3,498,41),(4,499,4),(4,499,5),(4,499,7),(4,499,11),(4,499,18),(4,499,20),(4,499,22),(4,499,27),(4,499,35),(4,499,39),(1,500,2),(1,500,6),(1,500,8),(1,500,9),(1,500,13),(1,500,21),(1,500,28),(1,500,29),(1,500,31),(1,500,32),(1,500,34),(1,500,37),(1,500,38),(2,501,14),(2,501,15),(2,501,16),(2,501,19),(2,501,25),(2,501,26),(2,501,30),(2,501,36),(4,502,4),(4,502,5),(4,502,7),(4,502,11),(4,502,18),(4,502,20),(4,502,22),(4,502,27),(4,502,35),(4,502,39),(3,503,1),(3,503,3),(3,503,10),(3,503,12),(3,503,17),(3,503,23),(3,503,24),(3,503,33),(3,503,40),(3,503,41),(1,504,2),(1,504,6),(1,504,8),(1,504,9),(1,504,13),(1,504,21),(1,504,28),(1,504,29),(1,504,31),(1,504,32),(1,504,34),(1,504,37),(1,504,38),(1,505,2),(1,505,6),(1,505,8),(1,505,9),(1,505,13),(1,505,21),(1,505,28),(1,505,29),(1,505,31),(1,505,32),(1,505,34),(1,505,37),(1,505,38),(1,506,2),(1,506,6),(1,506,8),(1,506,9),(1,506,13),(1,506,21),(1,506,28),(1,506,29),(1,506,31),(1,506,32),(1,506,34),(1,506,37),(1,506,38),(2,507,14),(2,507,15),(2,507,16),(2,507,19),(2,507,25),(2,507,26),(2,507,30),(2,507,36),(4,508,4),(4,508,5),(4,508,7),(4,508,11),(4,508,18),(4,508,20),(4,508,22),(4,508,27),(4,508,35),(4,508,39),(1,509,2),(1,509,6),(1,509,8),(1,509,9),(1,509,13),(1,509,21),(1,509,28),(1,509,29),(1,509,31),(1,509,32),(1,509,34),(1,509,37),(1,509,38),(4,510,4),(4,510,5),(4,510,7),(4,510,11),(4,510,18),(4,510,20),(4,510,22),(4,510,27),(4,510,35),(4,510,39),(1,511,2),(1,511,6),(1,511,8),(1,511,9),(1,511,13),(1,511,21),(1,511,28),(1,511,29),(1,511,31),(1,511,32),(1,511,34),(1,511,37),(1,511,38),(1,512,2),(1,512,6),(1,512,8),(1,512,9),(1,512,13),(1,512,21),(1,512,28),(1,512,29),(1,512,31),(1,512,32),(1,512,34),(1,512,37),(1,512,38),(1,513,2),(1,513,6),(1,513,8),(1,513,9),(1,513,13),(1,513,21),(1,513,28),(1,513,29),(1,513,31),(1,513,32),(1,513,34),(1,513,37),(1,513,38),(2,514,14),(2,514,15),(2,514,16),(2,514,19),(2,514,25),(2,514,26),(2,514,30),(2,514,36),(3,515,1),(3,515,3),(3,515,10),(3,515,12),(3,515,17),(3,515,23),(3,515,24),(3,515,33),(3,515,40),(3,515,41),(2,516,14),(2,516,15),(2,516,16),(2,516,19),(2,516,25),(2,516,26),(2,516,30),(2,516,36),(4,517,4),(4,517,5),(4,517,7),(4,517,11),(4,517,18),(4,517,20),(4,517,22),(4,517,27),(4,517,35),(4,517,39),(4,518,4),(4,518,5),(4,518,7),(4,518,11),(4,518,18),(4,518,20),(4,518,22),(4,518,27),(4,518,35),(4,518,39),(4,519,4),(4,519,5),(4,519,7),(4,519,11),(4,519,18),(4,519,20),(4,519,22),(4,519,27),(4,519,35),(4,519,39),(4,520,4),(4,520,5),(4,520,7),(4,520,11),(4,520,18),(4,520,20),(4,520,22),(4,520,27),(4,520,35),(4,520,39),(4,521,4),(4,521,5),(4,521,7),(4,521,11),(4,521,18),(4,521,20),(4,521,22),(4,521,27),(4,521,35),(4,521,39),(4,522,4),(4,522,5),(4,522,7),(4,522,11),(4,522,18),(4,522,20),(4,522,22),(4,522,27),(4,522,35),(4,522,39),(1,523,2),(1,523,6),(1,523,8),(1,523,9),(1,523,13),(1,523,21),(1,523,28),(1,523,29),(1,523,31),(1,523,32),(1,523,34),(1,523,37),(1,523,38),(1,524,2),(1,524,6),(1,524,8),(1,524,9),(1,524,13),(1,524,21),(1,524,28),(1,524,29),(1,524,31),(1,524,32),(1,524,34),(1,524,37),(1,524,38),(3,525,1),(3,525,3),(3,525,10),(3,525,12),(3,525,17),(3,525,23),(3,525,24),(3,525,33),(3,525,40),(3,525,41),(2,526,14),(2,526,15),(2,526,16),(2,526,19),(2,526,25),(2,526,26),(2,526,30),(2,526,36),(4,527,4),(4,527,5),(4,527,7),(4,527,11),(4,527,18),(4,527,20),(4,527,22),(4,527,27),(4,527,35),(4,527,39),(1,528,2),(1,528,6),(1,528,8),(1,528,9),(1,528,13),(1,528,21),(1,528,28),(1,528,29),(1,528,31),(1,528,32),(1,528,34),(1,528,37),(1,528,38),(4,529,4),(4,529,5),(4,529,7),(4,529,11),(4,529,18),(4,529,20),(4,529,22),(4,529,27),(4,529,35),(4,529,39),(1,530,2),(1,530,6),(1,530,8),(1,530,9),(1,530,13),(1,530,21),(1,530,28),(1,530,29),(1,530,31),(1,530,32),(1,530,34),(1,530,37),(1,530,38),(1,531,2),(1,531,6),(1,531,8),(1,531,9),(1,531,13),(1,531,21),(1,531,28),(1,531,29),(1,531,31),(1,531,32),(1,531,34),(1,531,37),(1,531,38),(3,532,1),(3,532,3),(3,532,10),(3,532,12),(3,532,17),(3,532,23),(3,532,24),(3,532,33),(3,532,40),(3,532,41),(3,533,1),(3,533,3),(3,533,10),(3,533,12),(3,533,17),(3,533,23),(3,533,24),(3,533,33),(3,533,40),(3,533,41),(1,534,2),(1,534,6),(1,534,8),(1,534,9),(1,534,13),(1,534,21),(1,534,28),(1,534,29),(1,534,31),(1,534,32),(1,534,34),(1,534,37),(1,534,38),(3,535,1),(3,535,3),(3,535,10),(3,535,12),(3,535,17),(3,535,23),(3,535,24),(3,535,33),(3,535,40),(3,535,41),(4,536,4),(4,536,5),(4,536,7),(4,536,11),(4,536,18),(4,536,20),(4,536,22),(4,536,27),(4,536,35),(4,536,39),(4,537,4),(4,537,5),(4,537,7),(4,537,11),(4,537,18),(4,537,20),(4,537,22),(4,537,27),(4,537,35),(4,537,39),(3,538,1),(3,538,3),(3,538,10),(3,538,12),(3,538,17),(3,538,23),(3,538,24),(3,538,33),(3,538,40),(3,538,41),(3,539,1),(3,539,3),(3,539,10),(3,539,12),(3,539,17),(3,539,23),(3,539,24),(3,539,33),(3,539,40),(3,539,41),(4,540,4),(4,540,5),(4,540,7),(4,540,11),(4,540,18),(4,540,20),(4,540,22),(4,540,27),(4,540,35),(4,540,39),(4,541,4),(4,541,5),(4,541,7),(4,541,11),(4,541,18),(4,541,20),(4,541,22),(4,541,27),(4,541,35),(4,541,39),(3,542,1),(3,542,3),(3,542,10),(3,542,12),(3,542,17),(3,542,23),(3,542,24),(3,542,33),(3,542,40),(3,542,41),(2,543,14),(2,543,15),(2,543,16),(2,543,19),(2,543,25),(2,543,26),(2,543,30),(2,543,36),(3,544,1),(3,544,3),(3,544,10),(3,544,12),(3,544,17),(3,544,23),(3,544,24),(3,544,33),(3,544,40),(3,544,41),(2,545,14),(2,545,15),(2,545,16),(2,545,19),(2,545,25),(2,545,26),(2,545,30),(2,545,36),(1,546,2),(1,546,6),(1,546,8),(1,546,9),(1,546,13),(1,546,21),(1,546,28),(1,546,29),(1,546,31),(1,546,32),(1,546,34),(1,546,37),(1,546,38),(3,547,1),(3,547,3),(3,547,10),(3,547,12),(3,547,17),(3,547,23),(3,547,24),(3,547,33),(3,547,40),(3,547,41),(1,548,2),(1,548,6),(1,548,8),(1,548,9),(1,548,13),(1,548,21),(1,548,28),(1,548,29),(1,548,31),(1,548,32),(1,548,34),(1,548,37),(1,548,38),(4,549,4),(4,549,5),(4,549,7),(4,549,11),(4,549,18),(4,549,20),(4,549,22),(4,549,27),(4,549,35),(4,549,39),(3,550,1),(3,550,3),(3,550,10),(3,550,12),(3,550,17),(3,550,23),(3,550,24),(3,550,33),(3,550,40),(3,550,41),(1,551,2),(1,551,6),(1,551,8),(1,551,9),(1,551,13),(1,551,21),(1,551,28),(1,551,29),(1,551,31),(1,551,32),(1,551,34),(1,551,37),(1,551,38),(1,552,2),(1,552,6),(1,552,8),(1,552,9),(1,552,13),(1,552,21),(1,552,28),(1,552,29),(1,552,31),(1,552,32),(1,552,34),(1,552,37),(1,552,38),(3,553,1),(3,553,3),(3,553,10),(3,553,12),(3,553,17),(3,553,23),(3,553,24),(3,553,33),(3,553,40),(3,553,41),(3,554,1),(3,554,3),(3,554,10),(3,554,12),(3,554,17),(3,554,23),(3,554,24),(3,554,33),(3,554,40),(3,554,41),(3,555,1),(3,555,3),(3,555,10),(3,555,12),(3,555,17),(3,555,23),(3,555,24),(3,555,33),(3,555,40),(3,555,41),(2,556,14),(2,556,15),(2,556,16),(2,556,19),(2,556,25),(2,556,26),(2,556,30),(2,556,36),(2,557,14),(2,557,15),(2,557,16),(2,557,19),(2,557,25),(2,557,26),(2,557,30),(2,557,36),(4,558,4),(4,558,5),(4,558,7),(4,558,11),(4,558,18),(4,558,20),(4,558,22),(4,558,27),(4,558,35),(4,558,39),(2,559,14),(2,559,15),(2,559,16),(2,559,19),(2,559,25),(2,559,26),(2,559,30),(2,559,36),(3,560,1),(3,560,3),(3,560,10),(3,560,12),(3,560,17),(3,560,23),(3,560,24),(3,560,33),(3,560,40),(3,560,41),(1,561,2),(1,561,6),(1,561,8),(1,561,9),(1,561,13),(1,561,21),(1,561,28),(1,561,29),(1,561,31),(1,561,32),(1,561,34),(1,561,37),(1,561,38),(4,562,4),(4,562,5),(4,562,7),(4,562,11),(4,562,18),(4,562,20),(4,562,22),(4,562,27),(4,562,35),(4,562,39),(2,563,14),(2,563,15),(2,563,16),(2,563,19),(2,563,25),(2,563,26),(2,563,30),(2,563,36),(2,564,14),(2,564,15),(2,564,16),(2,564,19),(2,564,25),(2,564,26),(2,564,30),(2,564,36),(4,565,4),(4,565,5),(4,565,7),(4,565,11),(4,565,18),(4,565,20),(4,565,22),(4,565,27),(4,565,35),(4,565,39),(3,566,1),(3,566,3),(3,566,10),(3,566,12),(3,566,17),(3,566,23),(3,566,24),(3,566,33),(3,566,40),(3,566,41),(1,567,2),(1,567,6),(1,567,8),(1,567,9),(1,567,13),(1,567,21),(1,567,28),(1,567,29),(1,567,31),(1,567,32),(1,567,34),(1,567,37),(1,567,38),(2,568,14),(2,568,15),(2,568,16),(2,568,19),(2,568,25),(2,568,26),(2,568,30),(2,568,36),(3,569,1),(3,569,3),(3,569,10),(3,569,12),(3,569,17),(3,569,23),(3,569,24),(3,569,33),(3,569,40),(3,569,41),(2,570,14),(2,570,15),(2,570,16),(2,570,19),(2,570,25),(2,570,26),(2,570,30),(2,570,36),(1,571,2),(1,571,6),(1,571,8),(1,571,9),(1,571,13),(1,571,21),(1,571,28),(1,571,29),(1,571,31),(1,571,32),(1,571,34),(1,571,37),(1,571,38),(3,572,1),(3,572,3),(3,572,10),(3,572,12),(3,572,17),(3,572,23),(3,572,24),(3,572,33),(3,572,40),(3,572,41),(2,573,14),(2,573,15),(2,573,16),(2,573,19),(2,573,25),(2,573,26),(2,573,30),(2,573,36),(4,574,4),(4,574,5),(4,574,7),(4,574,11),(4,574,18),(4,574,20),(4,574,22),(4,574,27),(4,574,35),(4,574,39),(3,575,1),(3,575,3),(3,575,10),(3,575,12),(3,575,17),(3,575,23),(3,575,24),(3,575,33),(3,575,40),(3,575,41),(3,576,1),(3,576,3),(3,576,10),(3,576,12),(3,576,17),(3,576,23),(3,576,24),(3,576,33),(3,576,40),(3,576,41),(3,577,1),(3,577,3),(3,577,10),(3,577,12),(3,577,17),(3,577,23),(3,577,24),(3,577,33),(3,577,40),(3,577,41),(2,578,14),(2,578,15),(2,578,16),(2,578,19),(2,578,25),(2,578,26),(2,578,30),(2,578,36),(4,579,4),(4,579,5),(4,579,7),(4,579,11),(4,579,18),(4,579,20),(4,579,22),(4,579,27),(4,579,35),(4,579,39),(2,580,14),(2,580,15),(2,580,16),(2,580,19),(2,580,25),(2,580,26),(2,580,30),(2,580,36),(1,581,2),(1,581,6),(1,581,8),(1,581,9),(1,581,13),(1,581,21),(1,581,28),(1,581,29),(1,581,31),(1,581,32),(1,581,34),(1,581,37),(1,581,38),(3,582,1),(3,582,3),(3,582,10),(3,582,12),(3,582,17),(3,582,23),(3,582,24),(3,582,33),(3,582,40),(3,582,41),(2,583,14),(2,583,15),(2,583,16),(2,583,19),(2,583,25),(2,583,26),(2,583,30),(2,583,36),(2,584,14),(2,584,15),(2,584,16),(2,584,19),(2,584,25),(2,584,26),(2,584,30),(2,584,36),(1,585,2),(1,585,6),(1,585,8),(1,585,9),(1,585,13),(1,585,21),(1,585,28),(1,585,29),(1,585,31),(1,585,32),(1,585,34),(1,585,37),(1,585,38),(1,586,2),(1,586,6),(1,586,8),(1,586,9),(1,586,13),(1,586,21),(1,586,28),(1,586,29),(1,586,31),(1,586,32),(1,586,34),(1,586,37),(1,586,38),(4,587,4),(4,587,5),(4,587,7),(4,587,11),(4,587,18),(4,587,20),(4,587,22),(4,587,27),(4,587,35),(4,587,39),(3,588,1),(3,588,3),(3,588,10),(3,588,12),(3,588,17),(3,588,23),(3,588,24),(3,588,33),(3,588,40),(3,588,41),(3,589,1),(3,589,3),(3,589,10),(3,589,12),(3,589,17),(3,589,23),(3,589,24),(3,589,33),(3,589,40),(3,589,41),(4,590,4),(4,590,5),(4,590,7),(4,590,11),(4,590,18),(4,590,20),(4,590,22),(4,590,27),(4,590,35),(4,590,39),(3,591,1),(3,591,3),(3,591,10),(3,591,12),(3,591,17),(3,591,23),(3,591,24),(3,591,33),(3,591,40),(3,591,41),(4,592,4),(4,592,5),(4,592,7),(4,592,11),(4,592,18),(4,592,20),(4,592,22),(4,592,27),(4,592,35),(4,592,39),(4,593,4),(4,593,5),(4,593,7),(4,593,11),(4,593,18),(4,593,20),(4,593,22),(4,593,27),(4,593,35),(4,593,39),(4,594,4),(4,594,5),(4,594,7),(4,594,11),(4,594,18),(4,594,20),(4,594,22),(4,594,27),(4,594,35),(4,594,39),(2,595,14),(2,595,15),(2,595,16),(2,595,19),(2,595,25),(2,595,26),(2,595,30),(2,595,36),(4,596,4),(4,596,5),(4,596,7),(4,596,11),(4,596,18),(4,596,20),(4,596,22),(4,596,27),(4,596,35),(4,596,39),(4,597,4),(4,597,5),(4,597,7),(4,597,11),(4,597,18),(4,597,20),(4,597,22),(4,597,27),(4,597,35),(4,597,39),(4,598,4),(4,598,5),(4,598,7),(4,598,11),(4,598,18),(4,598,20),(4,598,22),(4,598,27),(4,598,35),(4,598,39),(1,599,2),(1,599,6),(1,599,8),(1,599,9),(1,599,13),(1,599,21),(1,599,28),(1,599,29),(1,599,31),(1,599,32),(1,599,34),(1,599,37),(1,599,38),(4,600,4),(4,600,5),(4,600,7),(4,600,11),(4,600,18),(4,600,20),(4,600,22),(4,600,27),(4,600,35),(4,600,39),(3,601,1),(3,601,3),(3,601,10),(3,601,12),(3,601,17),(3,601,23),(3,601,24),(3,601,33),(3,601,40),(3,601,41),(3,602,1),(3,602,3),(3,602,10),(3,602,12),(3,602,17),(3,602,23),(3,602,24),(3,602,33),(3,602,40),(3,602,41),(2,603,14),(2,603,15),(2,603,16),(2,603,19),(2,603,25),(2,603,26),(2,603,30),(2,603,36),(2,604,14),(2,604,15),(2,604,16),(2,604,19),(2,604,25),(2,604,26),(2,604,30),(2,604,36),(1,605,2),(1,605,6),(1,605,8),(1,605,9),(1,605,13),(1,605,21),(1,605,28),(1,605,29),(1,605,31),(1,605,32),(1,605,34),(1,605,37),(1,605,38),(3,606,1),(3,606,3),(3,606,10),(3,606,12),(3,606,17),(3,606,23),(3,606,24),(3,606,33),(3,606,40),(3,606,41),(2,607,14),(2,607,15),(2,607,16),(2,607,19),(2,607,25),(2,607,26),(2,607,30),(2,607,36),(4,608,4),(4,608,5),(4,608,7),(4,608,11),(4,608,18),(4,608,20),(4,608,22),(4,608,27),(4,608,35),(4,608,39),(4,609,4),(4,609,5),(4,609,7),(4,609,11),(4,609,18),(4,609,20),(4,609,22),(4,609,27),(4,609,35),(4,609,39),(1,610,2),(1,610,6),(1,610,8),(1,610,9),(1,610,13),(1,610,21),(1,610,28),(1,610,29),(1,610,31),(1,610,32),(1,610,34),(1,610,37),(1,610,38),(3,611,1),(3,611,3),(3,611,10),(3,611,12),(3,611,17),(3,611,23),(3,611,24),(3,611,33),(3,611,40),(3,611,41),(3,612,1),(3,612,3),(3,612,10),(3,612,12),(3,612,17),(3,612,23),(3,612,24),(3,612,33),(3,612,40),(3,612,41),(1,613,2),(1,613,6),(1,613,8),(1,613,9),(1,613,13),(1,613,21),(1,613,28),(1,613,29),(1,613,31),(1,613,32),(1,613,34),(1,613,37),(1,613,38),(3,614,1),(3,614,3),(3,614,10),(3,614,12),(3,614,17),(3,614,23),(3,614,24),(3,614,33),(3,614,40),(3,614,41),(4,615,4),(4,615,5),(4,615,7),(4,615,11),(4,615,18),(4,615,20),(4,615,22),(4,615,27),(4,615,35),(4,615,39),(1,616,2),(1,616,6),(1,616,8),(1,616,9),(1,616,13),(1,616,21),(1,616,28),(1,616,29),(1,616,31),(1,616,32),(1,616,34),(1,616,37),(1,616,38),(3,617,1),(3,617,3),(3,617,10),(3,617,12),(3,617,17),(3,617,23),(3,617,24),(3,617,33),(3,617,40),(3,617,41),(2,618,14),(2,618,15),(2,618,16),(2,618,19),(2,618,25),(2,618,26),(2,618,30),(2,618,36),(3,619,1),(3,619,3),(3,619,10),(3,619,12),(3,619,17),(3,619,23),(3,619,24),(3,619,33),(3,619,40),(3,619,41),(3,620,1),(3,620,3),(3,620,10),(3,620,12),(3,620,17),(3,620,23),(3,620,24),(3,620,33),(3,620,40),(3,620,41),(1,621,2),(1,621,6),(1,621,8),(1,621,9),(1,621,13),(1,621,21),(1,621,28),(1,621,29),(1,621,31),(1,621,32),(1,621,34),(1,621,37),(1,621,38),(2,622,14),(2,622,15),(2,622,16),(2,622,19),(2,622,25),(2,622,26),(2,622,30),(2,622,36),(3,623,1),(3,623,3),(3,623,10),(3,623,12),(3,623,17),(3,623,23),(3,623,24),(3,623,33),(3,623,40),(3,623,41),(1,624,2),(1,624,6),(1,624,8),(1,624,9),(1,624,13),(1,624,21),(1,624,28),(1,624,29),(1,624,31),(1,624,32),(1,624,34),(1,624,37),(1,624,38),(2,625,14),(2,625,15),(2,625,16),(2,625,19),(2,625,25),(2,625,26),(2,625,30),(2,625,36),(2,626,14),(2,626,15),(2,626,16),(2,626,19),(2,626,25),(2,626,26),(2,626,30),(2,626,36),(2,627,14),(2,627,15),(2,627,16),(2,627,19),(2,627,25),(2,627,26),(2,627,30),(2,627,36),(1,628,2),(1,628,6),(1,628,8),(1,628,9),(1,628,13),(1,628,21),(1,628,28),(1,628,29),(1,628,31),(1,628,32),(1,628,34),(1,628,37),(1,628,38),(1,629,2),(1,629,6),(1,629,8),(1,629,9),(1,629,13),(1,629,21),(1,629,28),(1,629,29),(1,629,31),(1,629,32),(1,629,34),(1,629,37),(1,629,38),(1,630,2),(1,630,6),(1,630,8),(1,630,9),(1,630,13),(1,630,21),(1,630,28),(1,630,29),(1,630,31),(1,630,32),(1,630,34),(1,630,37),(1,630,38),(3,631,1),(3,631,3),(3,631,10),(3,631,12),(3,631,17),(3,631,23),(3,631,24),(3,631,33),(3,631,40),(3,631,41),(1,632,2),(1,632,6),(1,632,8),(1,632,9),(1,632,13),(1,632,21),(1,632,28),(1,632,29),(1,632,31),(1,632,32),(1,632,34),(1,632,37),(1,632,38),(1,633,2),(1,633,6),(1,633,8),(1,633,9),(1,633,13),(1,633,21),(1,633,28),(1,633,29),(1,633,31),(1,633,32),(1,633,34),(1,633,37),(1,633,38),(3,634,1),(3,634,3),(3,634,10),(3,634,12),(3,634,17),(3,634,23),(3,634,24),(3,634,33),(3,634,40),(3,634,41),(2,635,14),(2,635,15),(2,635,16),(2,635,19),(2,635,25),(2,635,26),(2,635,30),(2,635,36),(3,636,1),(3,636,3),(3,636,10),(3,636,12),(3,636,17),(3,636,23),(3,636,24),(3,636,33),(3,636,40),(3,636,41),(4,637,4),(4,637,5),(4,637,7),(4,637,11),(4,637,18),(4,637,20),(4,637,22),(4,637,27),(4,637,35),(4,637,39),(2,638,14),(2,638,15),(2,638,16),(2,638,19),(2,638,25),(2,638,26),(2,638,30),(2,638,36),(4,639,4),(4,639,5),(4,639,7),(4,639,11),(4,639,18),(4,639,20),(4,639,22),(4,639,27),(4,639,35),(4,639,39),(1,640,2),(1,640,6),(1,640,8),(1,640,9),(1,640,13),(1,640,21),(1,640,28),(1,640,29),(1,640,31),(1,640,32),(1,640,34),(1,640,37),(1,640,38),(2,641,14),(2,641,15),(2,641,16),(2,641,19),(2,641,25),(2,641,26),(2,641,30),(2,641,36),(4,642,4),(4,642,5),(4,642,7),(4,642,11),(4,642,18),(4,642,20),(4,642,22),(4,642,27),(4,642,35),(4,642,39),(1,643,2),(1,643,6),(1,643,8),(1,643,9),(1,643,13),(1,643,21),(1,643,28),(1,643,29),(1,643,31),(1,643,32),(1,643,34),(1,643,37),(1,643,38),(4,644,4),(4,644,5),(4,644,7),(4,644,11),(4,644,18),(4,644,20),(4,644,22),(4,644,27),(4,644,35),(4,644,39),(1,645,2),(1,645,6),(1,645,8),(1,645,9),(1,645,13),(1,645,21),(1,645,28),(1,645,29),(1,645,31),(1,645,32),(1,645,34),(1,645,37),(1,645,38),(1,646,2),(1,646,6),(1,646,8),(1,646,9),(1,646,13),(1,646,21),(1,646,28),(1,646,29),(1,646,31),(1,646,32),(1,646,34),(1,646,37),(1,646,38),(3,647,1),(3,647,3),(3,647,10),(3,647,12),(3,647,17),(3,647,23),(3,647,24),(3,647,33),(3,647,40),(3,647,41),(3,648,1),(3,648,3),(3,648,10),(3,648,12),(3,648,17),(3,648,23),(3,648,24),(3,648,33),(3,648,40),(3,648,41),(2,649,14),(2,649,15),(2,649,16),(2,649,19),(2,649,25),(2,649,26),(2,649,30),(2,649,36),(2,650,14),(2,650,15),(2,650,16),(2,650,19),(2,650,25),(2,650,26),(2,650,30),(2,650,36),(2,651,14),(2,651,15),(2,651,16),(2,651,19),(2,651,25),(2,651,26),(2,651,30),(2,651,36),(1,652,2),(1,652,6),(1,652,8),(1,652,9),(1,652,13),(1,652,21),(1,652,28),(1,652,29),(1,652,31),(1,652,32),(1,652,34),(1,652,37),(1,652,38),(1,653,2),(1,653,6),(1,653,8),(1,653,9),(1,653,13),(1,653,21),(1,653,28),(1,653,29),(1,653,31),(1,653,32),(1,653,34),(1,653,37),(1,653,38),(3,654,1),(3,654,3),(3,654,10),(3,654,12),(3,654,17),(3,654,23),(3,654,24),(3,654,33),(3,654,40),(3,654,41),(2,655,14),(2,655,15),(2,655,16),(2,655,19),(2,655,25),(2,655,26),(2,655,30),(2,655,36),(3,656,1),(3,656,3),(3,656,10),(3,656,12),(3,656,17),(3,656,23),(3,656,24),(3,656,33),(3,656,40),(3,656,41),(1,657,2),(1,657,6),(1,657,8),(1,657,9),(1,657,13),(1,657,21),(1,657,28),(1,657,29),(1,657,31),(1,657,32),(1,657,34),(1,657,37),(1,657,38),(4,658,4),(4,658,5),(4,658,7),(4,658,11),(4,658,18),(4,658,20),(4,658,22),(4,658,27),(4,658,35),(4,658,39),(1,659,2),(1,659,6),(1,659,8),(1,659,9),(1,659,13),(1,659,21),(1,659,28),(1,659,29),(1,659,31),(1,659,32),(1,659,34),(1,659,37),(1,659,38),(3,660,1),(3,660,3),(3,660,10),(3,660,12),(3,660,17),(3,660,23),(3,660,24),(3,660,33),(3,660,40),(3,660,41),(2,661,14),(2,661,15),(2,661,16),(2,661,19),(2,661,25),(2,661,26),(2,661,30),(2,661,36),(1,662,2),(1,662,6),(1,662,8),(1,662,9),(1,662,13),(1,662,21),(1,662,28),(1,662,29),(1,662,31),(1,662,32),(1,662,34),(1,662,37),(1,662,38),(4,663,4),(4,663,5),(4,663,7),(4,663,11),(4,663,18),(4,663,20),(4,663,22),(4,663,27),(4,663,35),(4,663,39),(4,664,4),(4,664,5),(4,664,7),(4,664,11),(4,664,18),(4,664,20),(4,664,22),(4,664,27),(4,664,35),(4,664,39),(2,665,14),(2,665,15),(2,665,16),(2,665,19),(2,665,25),(2,665,26),(2,665,30),(2,665,36),(3,666,1),(3,666,3),(3,666,10),(3,666,12),(3,666,17),(3,666,23),(3,666,24),(3,666,33),(3,666,40),(3,666,41),(4,667,4),(4,667,5),(4,667,7),(4,667,11),(4,667,18),(4,667,20),(4,667,22),(4,667,27),(4,667,35),(4,667,39),(4,668,4),(4,668,5),(4,668,7),(4,668,11),(4,668,18),(4,668,20),(4,668,22),(4,668,27),(4,668,35),(4,668,39),(2,669,14),(2,669,15),(2,669,16),(2,669,19),(2,669,25),(2,669,26),(2,669,30),(2,669,36),(2,670,14),(2,670,15),(2,670,16),(2,670,19),(2,670,25),(2,670,26),(2,670,30),(2,670,36),(4,671,4),(4,671,5),(4,671,7),(4,671,11),(4,671,18),(4,671,20),(4,671,22),(4,671,27),(4,671,35),(4,671,39),(3,672,1),(3,672,3),(3,672,10),(3,672,12),(3,672,17),(3,672,23),(3,672,24),(3,672,33),(3,672,40),(3,672,41),(2,673,14),(2,673,15),(2,673,16),(2,673,19),(2,673,25),(2,673,26),(2,673,30),(2,673,36),(1,674,2),(1,674,6),(1,674,8),(1,674,9),(1,674,13),(1,674,21),(1,674,28),(1,674,29),(1,674,31),(1,674,32),(1,674,34),(1,674,37),(1,674,38),(4,675,4),(4,675,5),(4,675,7),(4,675,11),(4,675,18),(4,675,20),(4,675,22),(4,675,27),(4,675,35),(4,675,39),(1,676,2),(1,676,6),(1,676,8),(1,676,9),(1,676,13),(1,676,21),(1,676,28),(1,676,29),(1,676,31),(1,676,32),(1,676,34),(1,676,37),(1,676,38),(3,677,1),(3,677,3),(3,677,10),(3,677,12),(3,677,17),(3,677,23),(3,677,24),(3,677,33),(3,677,40),(3,677,41),(3,678,1),(3,678,3),(3,678,10),(3,678,12),(3,678,17),(3,678,23),(3,678,24),(3,678,33),(3,678,40),(3,678,41),(2,679,14),(2,679,15),(2,679,16),(2,679,19),(2,679,25),(2,679,26),(2,679,30),(2,679,36),(3,680,1),(3,680,3),(3,680,10),(3,680,12),(3,680,17),(3,680,23),(3,680,24),(3,680,33),(3,680,40),(3,680,41),(2,681,14),(2,681,15),(2,681,16),(2,681,19),(2,681,25),(2,681,26),(2,681,30),(2,681,36),(4,682,4),(4,682,5),(4,682,7),(4,682,11),(4,682,18),(4,682,20),(4,682,22),(4,682,27),(4,682,35),(4,682,39),(2,683,14),(2,683,15),(2,683,16),(2,683,19),(2,683,25),(2,683,26),(2,683,30),(2,683,36),(4,684,4),(4,684,5),(4,684,7),(4,684,11),(4,684,18),(4,684,20),(4,684,22),(4,684,27),(4,684,35),(4,684,39),(2,685,14),(2,685,15),(2,685,16),(2,685,19),(2,685,25),(2,685,26),(2,685,30),(2,685,36),(4,686,4),(4,686,5),(4,686,7),(4,686,11),(4,686,18),(4,686,20),(4,686,22),(4,686,27),(4,686,35),(4,686,39),(2,687,14),(2,687,15),(2,687,16),(2,687,19),(2,687,25),(2,687,26),(2,687,30),(2,687,36),(3,688,1),(3,688,3),(3,688,10),(3,688,12),(3,688,17),(3,688,23),(3,688,24),(3,688,33),(3,688,40),(3,688,41),(3,689,1),(3,689,3),(3,689,10),(3,689,12),(3,689,17),(3,689,23),(3,689,24),(3,689,33),(3,689,40),(3,689,41),(2,690,14),(2,690,15),(2,690,16),(2,690,19),(2,690,25),(2,690,26),(2,690,30),(2,690,36),(3,691,1),(3,691,3),(3,691,10),(3,691,12),(3,691,17),(3,691,23),(3,691,24),(3,691,33),(3,691,40),(3,691,41),(1,692,2),(1,692,6),(1,692,8),(1,692,9),(1,692,13),(1,692,21),(1,692,28),(1,692,29),(1,692,31),(1,692,32),(1,692,34),(1,692,37),(1,692,38),(3,693,1),(3,693,3),(3,693,10),(3,693,12),(3,693,17),(3,693,23),(3,693,24),(3,693,33),(3,693,40),(3,693,41),(3,694,1),(3,694,3),(3,694,10),(3,694,12),(3,694,17),(3,694,23),(3,694,24),(3,694,33),(3,694,40),(3,694,41),(2,695,14),(2,695,15),(2,695,16),(2,695,19),(2,695,25),(2,695,26),(2,695,30),(2,695,36),(1,696,2),(1,696,6),(1,696,8),(1,696,9),(1,696,13),(1,696,21),(1,696,28),(1,696,29),(1,696,31),(1,696,32),(1,696,34),(1,696,37),(1,696,38),(4,697,4),(4,697,5),(4,697,7),(4,697,11),(4,697,18),(4,697,20),(4,697,22),(4,697,27),(4,697,35),(4,697,39),(4,698,4),(4,698,5),(4,698,7),(4,698,11),(4,698,18),(4,698,20),(4,698,22),(4,698,27),(4,698,35),(4,698,39),(2,699,14),(2,699,15),(2,699,16),(2,699,19),(2,699,25),(2,699,26),(2,699,30),(2,699,36),(1,700,2),(1,700,6),(1,700,8),(1,700,9),(1,700,13),(1,700,21),(1,700,28),(1,700,29),(1,700,31),(1,700,32),(1,700,34),(1,700,37),(1,700,38),(1,701,2),(1,701,6),(1,701,8),(1,701,9),(1,701,13),(1,701,21),(1,701,28),(1,701,29),(1,701,31),(1,701,32),(1,701,34),(1,701,37),(1,701,38),(1,702,2),(1,702,6),(1,702,8),(1,702,9),(1,702,13),(1,702,21),(1,702,28),(1,702,29),(1,702,31),(1,702,32),(1,702,34),(1,702,37),(1,702,38),(2,703,14),(2,703,15),(2,703,16),(2,703,19),(2,703,25),(2,703,26),(2,703,30),(2,703,36),(1,704,2),(1,704,6),(1,704,8),(1,704,9),(1,704,13),(1,704,21),(1,704,28),(1,704,29),(1,704,31),(1,704,32),(1,704,34),(1,704,37),(1,704,38),(3,705,1),(3,705,3),(3,705,10),(3,705,12),(3,705,17),(3,705,23),(3,705,24),(3,705,33),(3,705,40),(3,705,41),(3,706,1),(3,706,3),(3,706,10),(3,706,12),(3,706,17),(3,706,23),(3,706,24),(3,706,33),(3,706,40),(3,706,41),(3,707,1),(3,707,3),(3,707,10),(3,707,12),(3,707,17),(3,707,23),(3,707,24),(3,707,33),(3,707,40),(3,707,41),(2,708,14),(2,708,15),(2,708,16),(2,708,19),(2,708,25),(2,708,26),(2,708,30),(2,708,36),(4,709,4),(4,709,5),(4,709,7),(4,709,11),(4,709,18),(4,709,20),(4,709,22),(4,709,27),(4,709,35),(4,709,39),(2,710,14),(2,710,15),(2,710,16),(2,710,19),(2,710,25),(2,710,26),(2,710,30),(2,710,36),(1,711,2),(1,711,6),(1,711,8),(1,711,9),(1,711,13),(1,711,21),(1,711,28),(1,711,29),(1,711,31),(1,711,32),(1,711,34),(1,711,37),(1,711,38),(2,712,14),(2,712,15),(2,712,16),(2,712,19),(2,712,25),(2,712,26),(2,712,30),(2,712,36),(2,713,14),(2,713,15),(2,713,16),(2,713,19),(2,713,25),(2,713,26),(2,713,30),(2,713,36),(1,714,2),(1,714,6),(1,714,8),(1,714,9),(1,714,13),(1,714,21),(1,714,28),(1,714,29),(1,714,31),(1,714,32),(1,714,34),(1,714,37),(1,714,38),(4,715,4),(4,715,5),(4,715,7),(4,715,11),(4,715,18),(4,715,20),(4,715,22),(4,715,27),(4,715,35),(4,715,39),(4,716,4),(4,716,5),(4,716,7),(4,716,11),(4,716,18),(4,716,20),(4,716,22),(4,716,27),(4,716,35),(4,716,39),(2,717,14),(2,717,15),(2,717,16),(2,717,19),(2,717,25),(2,717,26),(2,717,30),(2,717,36),(2,718,14),(2,718,15),(2,718,16),(2,718,19),(2,718,25),(2,718,26),(2,718,30),(2,718,36),(4,719,4),(4,719,5),(4,719,7),(4,719,11),(4,719,18),(4,719,20),(4,719,22),(4,719,27),(4,719,35),(4,719,39),(2,720,14),(2,720,15),(2,720,16),(2,720,19),(2,720,25),(2,720,26),(2,720,30),(2,720,36),(1,721,2),(1,721,6),(1,721,8),(1,721,9),(1,721,13),(1,721,21),(1,721,28),(1,721,29),(1,721,31),(1,721,32),(1,721,34),(1,721,37),(1,721,38),(2,722,14),(2,722,15),(2,722,16),(2,722,19),(2,722,25),(2,722,26),(2,722,30),(2,722,36),(2,723,14),(2,723,15),(2,723,16),(2,723,19),(2,723,25),(2,723,26),(2,723,30),(2,723,36),(1,724,2),(1,724,6),(1,724,8),(1,724,9),(1,724,13),(1,724,21),(1,724,28),(1,724,29),(1,724,31),(1,724,32),(1,724,34),(1,724,37),(1,724,38),(1,725,2),(1,725,6),(1,725,8),(1,725,9),(1,725,13),(1,725,21),(1,725,28),(1,725,29),(1,725,31),(1,725,32),(1,725,34),(1,725,37),(1,725,38),(4,726,4),(4,726,5),(4,726,7),(4,726,11),(4,726,18),(4,726,20),(4,726,22),(4,726,27),(4,726,35),(4,726,39),(3,727,1),(3,727,3),(3,727,10),(3,727,12),(3,727,17),(3,727,23),(3,727,24),(3,727,33),(3,727,40),(3,727,41),(4,728,4),(4,728,5),(4,728,7),(4,728,11),(4,728,18),(4,728,20),(4,728,22),(4,728,27),(4,728,35),(4,728,39),(1,729,2),(1,729,6),(1,729,8),(1,729,9),(1,729,13),(1,729,21),(1,729,28),(1,729,29),(1,729,31),(1,729,32),(1,729,34),(1,729,37),(1,729,38),(1,730,2),(1,730,6),(1,730,8),(1,730,9),(1,730,13),(1,730,21),(1,730,28),(1,730,29),(1,730,31),(1,730,32),(1,730,34),(1,730,37),(1,730,38),(4,731,4),(4,731,5),(4,731,7),(4,731,11),(4,731,18),(4,731,20),(4,731,22),(4,731,27),(4,731,35),(4,731,39),(1,732,2),(1,732,6),(1,732,8),(1,732,9),(1,732,13),(1,732,21),(1,732,28),(1,732,29),(1,732,31),(1,732,32),(1,732,34),(1,732,37),(1,732,38),(2,733,14),(2,733,15),(2,733,16),(2,733,19),(2,733,25),(2,733,26),(2,733,30),(2,733,36),(2,734,14),(2,734,15),(2,734,16),(2,734,19),(2,734,25),(2,734,26),(2,734,30),(2,734,36),(1,735,2),(1,735,6),(1,735,8),(1,735,9),(1,735,13),(1,735,21),(1,735,28),(1,735,29),(1,735,31),(1,735,32),(1,735,34),(1,735,37),(1,735,38),(3,736,1),(3,736,3),(3,736,10),(3,736,12),(3,736,17),(3,736,23),(3,736,24),(3,736,33),(3,736,40),(3,736,41),(4,737,4),(4,737,5),(4,737,7),(4,737,11),(4,737,18),(4,737,20),(4,737,22),(4,737,27),(4,737,35),(4,737,39),(4,738,4),(4,738,5),(4,738,7),(4,738,11),(4,738,18),(4,738,20),(4,738,22),(4,738,27),(4,738,35),(4,738,39),(4,739,4),(4,739,5),(4,739,7),(4,739,11),(4,739,18),(4,739,20),(4,739,22),(4,739,27),(4,739,35),(4,739,39),(3,740,1),(3,740,3),(3,740,10),(3,740,12),(3,740,17),(3,740,23),(3,740,24),(3,740,33),(3,740,40),(3,740,41),(4,741,4),(4,741,5),(4,741,7),(4,741,11),(4,741,18),(4,741,20),(4,741,22),(4,741,27),(4,741,35),(4,741,39),(2,742,14),(2,742,15),(2,742,16),(2,742,19),(2,742,25),(2,742,26),(2,742,30),(2,742,36),(1,743,2),(1,743,6),(1,743,8),(1,743,9),(1,743,13),(1,743,21),(1,743,28),(1,743,29),(1,743,31),(1,743,32),(1,743,34),(1,743,37),(1,743,38),(1,744,2),(1,744,6),(1,744,8),(1,744,9),(1,744,13),(1,744,21),(1,744,28),(1,744,29),(1,744,31),(1,744,32),(1,744,34),(1,744,37),(1,744,38),(3,745,1),(3,745,3),(3,745,10),(3,745,12),(3,745,17),(3,745,23),(3,745,24),(3,745,33),(3,745,40),(3,745,41),(2,746,14),(2,746,15),(2,746,16),(2,746,19),(2,746,25),(2,746,26),(2,746,30),(2,746,36),(3,747,1),(3,747,3),(3,747,10),(3,747,12),(3,747,17),(3,747,23),(3,747,24),(3,747,33),(3,747,40),(3,747,41),(2,748,14),(2,748,15),(2,748,16),(2,748,19),(2,748,25),(2,748,26),(2,748,30),(2,748,36),(3,749,1),(3,749,3),(3,749,10),(3,749,12),(3,749,17),(3,749,23),(3,749,24),(3,749,33),(3,749,40),(3,749,41),(3,750,1),(3,750,3),(3,750,10),(3,750,12),(3,750,17),(3,750,23),(3,750,24),(3,750,33),(3,750,40),(3,750,41),(4,751,4),(4,751,5),(4,751,7),(4,751,11),(4,751,18),(4,751,20),(4,751,22),(4,751,27),(4,751,35),(4,751,39),(2,752,14),(2,752,15),(2,752,16),(2,752,19),(2,752,25),(2,752,26),(2,752,30),(2,752,36),(4,753,4),(4,753,5),(4,753,7),(4,753,11),(4,753,18),(4,753,20),(4,753,22),(4,753,27),(4,753,35),(4,753,39),(4,754,4),(4,754,5),(4,754,7),(4,754,11),(4,754,18),(4,754,20),(4,754,22),(4,754,27),(4,754,35),(4,754,39),(2,755,14),(2,755,15),(2,755,16),(2,755,19),(2,755,25),(2,755,26),(2,755,30),(2,755,36),(3,756,1),(3,756,3),(3,756,10),(3,756,12),(3,756,17),(3,756,23),(3,756,24),(3,756,33),(3,756,40),(3,756,41),(1,757,2),(1,757,6),(1,757,8),(1,757,9),(1,757,13),(1,757,21),(1,757,28),(1,757,29),(1,757,31),(1,757,32),(1,757,34),(1,757,37),(1,757,38),(3,758,1),(3,758,3),(3,758,10),(3,758,12),(3,758,17),(3,758,23),(3,758,24),(3,758,33),(3,758,40),(3,758,41),(1,759,2),(1,759,6),(1,759,8),(1,759,9),(1,759,13),(1,759,21),(1,759,28),(1,759,29),(1,759,31),(1,759,32),(1,759,34),(1,759,37),(1,759,38),(3,760,1),(3,760,3),(3,760,10),(3,760,12),(3,760,17),(3,760,23),(3,760,24),(3,760,33),(3,760,40),(3,760,41),(1,761,2),(1,761,6),(1,761,8),(1,761,9),(1,761,13),(1,761,21),(1,761,28),(1,761,29),(1,761,31),(1,761,32),(1,761,34),(1,761,37),(1,761,38),(1,762,2),(1,762,6),(1,762,8),(1,762,9),(1,762,13),(1,762,21),(1,762,28),(1,762,29),(1,762,31),(1,762,32),(1,762,34),(1,762,37),(1,762,38),(1,763,2),(1,763,6),(1,763,8),(1,763,9),(1,763,13),(1,763,21),(1,763,28),(1,763,29),(1,763,31),(1,763,32),(1,763,34),(1,763,37),(1,763,38),(3,764,1),(3,764,3),(3,764,10),(3,764,12),(3,764,17),(3,764,23),(3,764,24),(3,764,33),(3,764,40),(3,764,41),(1,765,2),(1,765,6),(1,765,8),(1,765,9),(1,765,13),(1,765,21),(1,765,28),(1,765,29),(1,765,31),(1,765,32),(1,765,34),(1,765,37),(1,765,38),(3,766,1),(3,766,3),(3,766,10),(3,766,12),(3,766,17),(3,766,23),(3,766,24),(3,766,33),(3,766,40),(3,766,41),(1,767,2),(1,767,6),(1,767,8),(1,767,9),(1,767,13),(1,767,21),(1,767,28),(1,767,29),(1,767,31),(1,767,32),(1,767,34),(1,767,37),(1,767,38),(1,768,2),(1,768,6),(1,768,8),(1,768,9),(1,768,13),(1,768,21),(1,768,28),(1,768,29),(1,768,31),(1,768,32),(1,768,34),(1,768,37),(1,768,38),(2,769,14),(2,769,15),(2,769,16),(2,769,19),(2,769,25),(2,769,26),(2,769,30),(2,769,36),(2,770,14),(2,770,15),(2,770,16),(2,770,19),(2,770,25),(2,770,26),(2,770,30),(2,770,36),(4,771,4),(4,771,5),(4,771,7),(4,771,11),(4,771,18),(4,771,20),(4,771,22),(4,771,27),(4,771,35),(4,771,39),(4,772,4),(4,772,5),(4,772,7),(4,772,11),(4,772,18),(4,772,20),(4,772,22),(4,772,27),(4,772,35),(4,772,39),(3,773,1),(3,773,3),(3,773,10),(3,773,12),(3,773,17),(3,773,23),(3,773,24),(3,773,33),(3,773,40),(3,773,41),(2,774,14),(2,774,15),(2,774,16),(2,774,19),(2,774,25),(2,774,26),(2,774,30),(2,774,36),(1,775,2),(1,775,6),(1,775,8),(1,775,9),(1,775,13),(1,775,21),(1,775,28),(1,775,29),(1,775,31),(1,775,32),(1,775,34),(1,775,37),(1,775,38),(2,776,14),(2,776,15),(2,776,16),(2,776,19),(2,776,25),(2,776,26),(2,776,30),(2,776,36),(1,777,2),(1,777,6),(1,777,8),(1,777,9),(1,777,13),(1,777,21),(1,777,28),(1,777,29),(1,777,31),(1,777,32),(1,777,34),(1,777,37),(1,777,38),(1,778,2),(1,778,6),(1,778,8),(1,778,9),(1,778,13),(1,778,21),(1,778,28),(1,778,29),(1,778,31),(1,778,32),(1,778,34),(1,778,37),(1,778,38),(3,779,1),(3,779,3),(3,779,10),(3,779,12),(3,779,17),(3,779,23),(3,779,24),(3,779,33),(3,779,40),(3,779,41),(1,780,2),(1,780,6),(1,780,8),(1,780,9),(1,780,13),(1,780,21),(1,780,28),(1,780,29),(1,780,31),(1,780,32),(1,780,34),(1,780,37),(1,780,38),(3,781,1),(3,781,3),(3,781,10),(3,781,12),(3,781,17),(3,781,23),(3,781,24),(3,781,33),(3,781,40),(3,781,41),(3,782,1),(3,782,3),(3,782,10),(3,782,12),(3,782,17),(3,782,23),(3,782,24),(3,782,33),(3,782,40),(3,782,41),(1,783,2),(1,783,6),(1,783,8),(1,783,9),(1,783,13),(1,783,21),(1,783,28),(1,783,29),(1,783,31),(1,783,32),(1,783,34),(1,783,37),(1,783,38),(4,784,4),(4,784,5),(4,784,7),(4,784,11),(4,784,18),(4,784,20),(4,784,22),(4,784,27),(4,784,35),(4,784,39),(1,785,2),(1,785,6),(1,785,8),(1,785,9),(1,785,13),(1,785,21),(1,785,28),(1,785,29),(1,785,31),(1,785,32),(1,785,34),(1,785,37),(1,785,38),(3,786,1),(3,786,3),(3,786,10),(3,786,12),(3,786,17),(3,786,23),(3,786,24),(3,786,33),(3,786,40),(3,786,41),(3,787,1),(3,787,3),(3,787,10),(3,787,12),(3,787,17),(3,787,23),(3,787,24),(3,787,33),(3,787,40),(3,787,41),(3,788,1),(3,788,3),(3,788,10),(3,788,12),(3,788,17),(3,788,23),(3,788,24),(3,788,33),(3,788,40),(3,788,41),(3,789,1),(3,789,3),(3,789,10),(3,789,12),(3,789,17),(3,789,23),(3,789,24),(3,789,33),(3,789,40),(3,789,41),(4,790,4),(4,790,5),(4,790,7),(4,790,11),(4,790,18),(4,790,20),(4,790,22),(4,790,27),(4,790,35),(4,790,39),(1,791,2),(1,791,6),(1,791,8),(1,791,9),(1,791,13),(1,791,21),(1,791,28),(1,791,29),(1,791,31),(1,791,32),(1,791,34),(1,791,37),(1,791,38),(2,792,14),(2,792,15),(2,792,16),(2,792,19),(2,792,25),(2,792,26),(2,792,30),(2,792,36),(1,793,2),(1,793,6),(1,793,8),(1,793,9),(1,793,13),(1,793,21),(1,793,28),(1,793,29),(1,793,31),(1,793,32),(1,793,34),(1,793,37),(1,793,38),(2,794,14),(2,794,15),(2,794,16),(2,794,19),(2,794,25),(2,794,26),(2,794,30),(2,794,36),(2,795,14),(2,795,15),(2,795,16),(2,795,19),(2,795,25),(2,795,26),(2,795,30),(2,795,36),(4,796,4),(4,796,5),(4,796,7),(4,796,11),(4,796,18),(4,796,20),(4,796,22),(4,796,27),(4,796,35),(4,796,39),(1,797,2),(1,797,6),(1,797,8),(1,797,9),(1,797,13),(1,797,21),(1,797,28),(1,797,29),(1,797,31),(1,797,32),(1,797,34),(1,797,37),(1,797,38),(2,798,14),(2,798,15),(2,798,16),(2,798,19),(2,798,25),(2,798,26),(2,798,30),(2,798,36),(1,799,2),(1,799,6),(1,799,8),(1,799,9),(1,799,13),(1,799,21),(1,799,28),(1,799,29),(1,799,31),(1,799,32),(1,799,34),(1,799,37),(1,799,38),(4,800,4),(4,800,5),(4,800,7),(4,800,11),(4,800,18),(4,800,20),(4,800,22),(4,800,27),(4,800,35),(4,800,39),(2,801,14),(2,801,15),(2,801,16),(2,801,19),(2,801,25),(2,801,26),(2,801,30),(2,801,36),(4,802,4),(4,802,5),(4,802,7),(4,802,11),(4,802,18),(4,802,20),(4,802,22),(4,802,27),(4,802,35),(4,802,39),(3,803,1),(3,803,3),(3,803,10),(3,803,12),(3,803,17),(3,803,23),(3,803,24),(3,803,33),(3,803,40),(3,803,41),(3,804,1),(3,804,3),(3,804,10),(3,804,12),(3,804,17),(3,804,23),(3,804,24),(3,804,33),(3,804,40),(3,804,41),(2,805,14),(2,805,15),(2,805,16),(2,805,19),(2,805,25),(2,805,26),(2,805,30),(2,805,36),(3,806,1),(3,806,3),(3,806,10),(3,806,12),(3,806,17),(3,806,23),(3,806,24),(3,806,33),(3,806,40),(3,806,41),(4,807,4),(4,807,5),(4,807,7),(4,807,11),(4,807,18),(4,807,20),(4,807,22),(4,807,27),(4,807,35),(4,807,39),(4,808,4),(4,808,5),(4,808,7),(4,808,11),(4,808,18),(4,808,20),(4,808,22),(4,808,27),(4,808,35),(4,808,39),(3,809,1),(3,809,3),(3,809,10),(3,809,12),(3,809,17),(3,809,23),(3,809,24),(3,809,33),(3,809,40),(3,809,41),(1,810,2),(1,810,6),(1,810,8),(1,810,9),(1,810,13),(1,810,21),(1,810,28),(1,810,29),(1,810,31),(1,810,32),(1,810,34),(1,810,37),(1,810,38),(4,811,4),(4,811,5),(4,811,7),(4,811,11),(4,811,18),(4,811,20),(4,811,22),(4,811,27),(4,811,35),(4,811,39),(2,812,14),(2,812,15),(2,812,16),(2,812,19),(2,812,25),(2,812,26),(2,812,30),(2,812,36),(4,813,4),(4,813,5),(4,813,7),(4,813,11),(4,813,18),(4,813,20),(4,813,22),(4,813,27),(4,813,35),(4,813,39),(2,814,14),(2,814,15),(2,814,16),(2,814,19),(2,814,25),(2,814,26),(2,814,30),(2,814,36),(1,815,2),(1,815,6),(1,815,8),(1,815,9),(1,815,13),(1,815,21),(1,815,28),(1,815,29),(1,815,31),(1,815,32),(1,815,34),(1,815,37),(1,815,38),(2,816,14),(2,816,15),(2,816,16),(2,816,19),(2,816,25),(2,816,26),(2,816,30),(2,816,36),(2,817,14),(2,817,15),(2,817,16),(2,817,19),(2,817,25),(2,817,26),(2,817,30),(2,817,36),(2,818,14),(2,818,15),(2,818,16),(2,818,19),(2,818,25),(2,818,26),(2,818,30),(2,818,36),(1,819,2),(1,819,6),(1,819,8),(1,819,9),(1,819,13),(1,819,21),(1,819,28),(1,819,29),(1,819,31),(1,819,32),(1,819,34),(1,819,37),(1,819,38),(2,820,14),(2,820,15),(2,820,16),(2,820,19),(2,820,25),(2,820,26),(2,820,30),(2,820,36),(4,821,4),(4,821,5),(4,821,7),(4,821,11),(4,821,18),(4,821,20),(4,821,22),(4,821,27),(4,821,35),(4,821,39),(2,822,14),(2,822,15),(2,822,16),(2,822,19),(2,822,25),(2,822,26),(2,822,30),(2,822,36),(1,823,2),(1,823,6),(1,823,8),(1,823,9),(1,823,13),(1,823,21),(1,823,28),(1,823,29),(1,823,31),(1,823,32),(1,823,34),(1,823,37),(1,823,38),(4,824,4),(4,824,5),(4,824,7),(4,824,11),(4,824,18),(4,824,20),(4,824,22),(4,824,27),(4,824,35),(4,824,39),(2,825,14),(2,825,15),(2,825,16),(2,825,19),(2,825,25),(2,825,26),(2,825,30),(2,825,36),(3,826,1),(3,826,3),(3,826,10),(3,826,12),(3,826,17),(3,826,23),(3,826,24),(3,826,33),(3,826,40),(3,826,41),(2,827,14),(2,827,15),(2,827,16),(2,827,19),(2,827,25),(2,827,26),(2,827,30),(2,827,36),(2,828,14),(2,828,15),(2,828,16),(2,828,19),(2,828,25),(2,828,26),(2,828,30),(2,828,36),(2,829,14),(2,829,15),(2,829,16),(2,829,19),(2,829,25),(2,829,26),(2,829,30),(2,829,36),(3,830,1),(3,830,3),(3,830,10),(3,830,12),(3,830,17),(3,830,23),(3,830,24),(3,830,33),(3,830,40),(3,830,41),(2,831,14),(2,831,15),(2,831,16),(2,831,19),(2,831,25),(2,831,26),(2,831,30),(2,831,36),(4,832,4),(4,832,5),(4,832,7),(4,832,11),(4,832,18),(4,832,20),(4,832,22),(4,832,27),(4,832,35),(4,832,39),(3,833,1),(3,833,3),(3,833,10),(3,833,12),(3,833,17),(3,833,23),(3,833,24),(3,833,33),(3,833,40),(3,833,41),(1,834,2),(1,834,6),(1,834,8),(1,834,9),(1,834,13),(1,834,21),(1,834,28),(1,834,29),(1,834,31),(1,834,32),(1,834,34),(1,834,37),(1,834,38),(3,835,1),(3,835,3),(3,835,10),(3,835,12),(3,835,17),(3,835,23),(3,835,24),(3,835,33),(3,835,40),(3,835,41),(1,836,2),(1,836,6),(1,836,8),(1,836,9),(1,836,13),(1,836,21),(1,836,28),(1,836,29),(1,836,31),(1,836,32),(1,836,34),(1,836,37),(1,836,38),(2,837,14),(2,837,15),(2,837,16),(2,837,19),(2,837,25),(2,837,26),(2,837,30),(2,837,36),(3,838,1),(3,838,3),(3,838,10),(3,838,12),(3,838,17),(3,838,23),(3,838,24),(3,838,33),(3,838,40),(3,838,41),(3,839,1),(3,839,3),(3,839,10),(3,839,12),(3,839,17),(3,839,23),(3,839,24),(3,839,33),(3,839,40),(3,839,41),(1,840,2),(1,840,6),(1,840,8),(1,840,9),(1,840,13),(1,840,21),(1,840,28),(1,840,29),(1,840,31),(1,840,32),(1,840,34),(1,840,37),(1,840,38),(3,841,1),(3,841,3),(3,841,10),(3,841,12),(3,841,17),(3,841,23),(3,841,24),(3,841,33),(3,841,40),(3,841,41),(1,842,2),(1,842,6),(1,842,8),(1,842,9),(1,842,13),(1,842,21),(1,842,28),(1,842,29),(1,842,31),(1,842,32),(1,842,34),(1,842,37),(1,842,38),(3,843,1),(3,843,3),(3,843,10),(3,843,12),(3,843,17),(3,843,23),(3,843,24),(3,843,33),(3,843,40),(3,843,41),(3,844,1),(3,844,3),(3,844,10),(3,844,12),(3,844,17),(3,844,23),(3,844,24),(3,844,33),(3,844,40),(3,844,41),(2,845,14),(2,845,15),(2,845,16),(2,845,19),(2,845,25),(2,845,26),(2,845,30),(2,845,36),(2,846,14),(2,846,15),(2,846,16),(2,846,19),(2,846,25),(2,846,26),(2,846,30),(2,846,36),(4,847,4),(4,847,5),(4,847,7),(4,847,11),(4,847,18),(4,847,20),(4,847,22),(4,847,27),(4,847,35),(4,847,39),(2,848,14),(2,848,15),(2,848,16),(2,848,19),(2,848,25),(2,848,26),(2,848,30),(2,848,36),(1,849,2),(1,849,6),(1,849,8),(1,849,9),(1,849,13),(1,849,21),(1,849,28),(1,849,29),(1,849,31),(1,849,32),(1,849,34),(1,849,37),(1,849,38),(3,850,1),(3,850,3),(3,850,10),(3,850,12),(3,850,17),(3,850,23),(3,850,24),(3,850,33),(3,850,40),(3,850,41),(2,851,14),(2,851,15),(2,851,16),(2,851,19),(2,851,25),(2,851,26),(2,851,30),(2,851,36),(4,852,4),(4,852,5),(4,852,7),(4,852,11),(4,852,18),(4,852,20),(4,852,22),(4,852,27),(4,852,35),(4,852,39),(3,853,1),(3,853,3),(3,853,10),(3,853,12),(3,853,17),(3,853,23),(3,853,24),(3,853,33),(3,853,40),(3,853,41),(2,854,14),(2,854,15),(2,854,16),(2,854,19),(2,854,25),(2,854,26),(2,854,30),(2,854,36),(4,855,4),(4,855,5),(4,855,7),(4,855,11),(4,855,18),(4,855,20),(4,855,22),(4,855,27),(4,855,35),(4,855,39),(2,856,14),(2,856,15),(2,856,16),(2,856,19),(2,856,25),(2,856,26),(2,856,30),(2,856,36),(3,857,1),(3,857,3),(3,857,10),(3,857,12),(3,857,17),(3,857,23),(3,857,24),(3,857,33),(3,857,40),(3,857,41),(2,858,14),(2,858,15),(2,858,16),(2,858,19),(2,858,25),(2,858,26),(2,858,30),(2,858,36),(1,859,2),(1,859,6),(1,859,8),(1,859,9),(1,859,13),(1,859,21),(1,859,28),(1,859,29),(1,859,31),(1,859,32),(1,859,34),(1,859,37),(1,859,38),(4,860,4),(4,860,5),(4,860,7),(4,860,11),(4,860,18),(4,860,20),(4,860,22),(4,860,27),(4,860,35),(4,860,39),(4,861,4),(4,861,5),(4,861,7),(4,861,11),(4,861,18),(4,861,20),(4,861,22),(4,861,27),(4,861,35),(4,861,39),(4,862,4),(4,862,5),(4,862,7),(4,862,11),(4,862,18),(4,862,20),(4,862,22),(4,862,27),(4,862,35),(4,862,39),(4,863,4),(4,863,5),(4,863,7),(4,863,11),(4,863,18),(4,863,20),(4,863,22),(4,863,27),(4,863,35),(4,863,39),(3,864,1),(3,864,3),(3,864,10),(3,864,12),(3,864,17),(3,864,23),(3,864,24),(3,864,33),(3,864,40),(3,864,41),(1,865,2),(1,865,6),(1,865,8),(1,865,9),(1,865,13),(1,865,21),(1,865,28),(1,865,29),(1,865,31),(1,865,32),(1,865,34),(1,865,37),(1,865,38),(4,866,4),(4,866,5),(4,866,7),(4,866,11),(4,866,18),(4,866,20),(4,866,22),(4,866,27),(4,866,35),(4,866,39),(3,867,1),(3,867,3),(3,867,10),(3,867,12),(3,867,17),(3,867,23),(3,867,24),(3,867,33),(3,867,40),(3,867,41),(2,868,14),(2,868,15),(2,868,16),(2,868,19),(2,868,25),(2,868,26),(2,868,30),(2,868,36),(4,869,4),(4,869,5),(4,869,7),(4,869,11),(4,869,18),(4,869,20),(4,869,22),(4,869,27),(4,869,35),(4,869,39),(3,870,1),(3,870,3),(3,870,10),(3,870,12),(3,870,17),(3,870,23),(3,870,24),(3,870,33),(3,870,40),(3,870,41),(2,871,14),(2,871,15),(2,871,16),(2,871,19),(2,871,25),(2,871,26),(2,871,30),(2,871,36),(3,872,1),(3,872,3),(3,872,10),(3,872,12),(3,872,17),(3,872,23),(3,872,24),(3,872,33),(3,872,40),(3,872,41),(3,873,1),(3,873,3),(3,873,10),(3,873,12),(3,873,17),(3,873,23),(3,873,24),(3,873,33),(3,873,40),(3,873,41),(2,874,14),(2,874,15),(2,874,16),(2,874,19),(2,874,25),(2,874,26),(2,874,30),(2,874,36),(2,875,14),(2,875,15),(2,875,16),(2,875,19),(2,875,25),(2,875,26),(2,875,30),(2,875,36),(4,876,4),(4,876,5),(4,876,7),(4,876,11),(4,876,18),(4,876,20),(4,876,22),(4,876,27),(4,876,35),(4,876,39),(4,877,4),(4,877,5),(4,877,7),(4,877,11),(4,877,18),(4,877,20),(4,877,22),(4,877,27),(4,877,35),(4,877,39),(3,878,1),(3,878,3),(3,878,10),(3,878,12),(3,878,17),(3,878,23),(3,878,24),(3,878,33),(3,878,40),(3,878,41),(3,879,1),(3,879,3),(3,879,10),(3,879,12),(3,879,17),(3,879,23),(3,879,24),(3,879,33),(3,879,40),(3,879,41),(4,880,4),(4,880,5),(4,880,7),(4,880,11),(4,880,18),(4,880,20),(4,880,22),(4,880,27),(4,880,35),(4,880,39),(4,881,4),(4,881,5),(4,881,7),(4,881,11),(4,881,18),(4,881,20),(4,881,22),(4,881,27),(4,881,35),(4,881,39),(1,882,2),(1,882,6),(1,882,8),(1,882,9),(1,882,13),(1,882,21),(1,882,28),(1,882,29),(1,882,31),(1,882,32),(1,882,34),(1,882,37),(1,882,38),(3,883,1),(3,883,3),(3,883,10),(3,883,12),(3,883,17),(3,883,23),(3,883,24),(3,883,33),(3,883,40),(3,883,41),(4,884,4),(4,884,5),(4,884,7),(4,884,11),(4,884,18),(4,884,20),(4,884,22),(4,884,27),(4,884,35),(4,884,39),(1,885,2),(1,885,6),(1,885,8),(1,885,9),(1,885,13),(1,885,21),(1,885,28),(1,885,29),(1,885,31),(1,885,32),(1,885,34),(1,885,37),(1,885,38),(2,886,14),(2,886,15),(2,886,16),(2,886,19),(2,886,25),(2,886,26),(2,886,30),(2,886,36),(3,887,1),(3,887,3),(3,887,10),(3,887,12),(3,887,17),(3,887,23),(3,887,24),(3,887,33),(3,887,40),(3,887,41),(1,888,2),(1,888,6),(1,888,8),(1,888,9),(1,888,13),(1,888,21),(1,888,28),(1,888,29),(1,888,31),(1,888,32),(1,888,34),(1,888,37),(1,888,38),(1,889,2),(1,889,6),(1,889,8),(1,889,9),(1,889,13),(1,889,21),(1,889,28),(1,889,29),(1,889,31),(1,889,32),(1,889,34),(1,889,37),(1,889,38),(3,890,1),(3,890,3),(3,890,10),(3,890,12),(3,890,17),(3,890,23),(3,890,24),(3,890,33),(3,890,40),(3,890,41),(3,891,1),(3,891,3),(3,891,10),(3,891,12),(3,891,17),(3,891,23),(3,891,24),(3,891,33),(3,891,40),(3,891,41),(2,892,14),(2,892,15),(2,892,16),(2,892,19),(2,892,25),(2,892,26),(2,892,30),(2,892,36),(4,893,4),(4,893,5),(4,893,7),(4,893,11),(4,893,18),(4,893,20),(4,893,22),(4,893,27),(4,893,35),(4,893,39),(2,894,14),(2,894,15),(2,894,16),(2,894,19),(2,894,25),(2,894,26),(2,894,30),(2,894,36),(2,895,14),(2,895,15),(2,895,16),(2,895,19),(2,895,25),(2,895,26),(2,895,30),(2,895,36),(3,896,1),(3,896,3),(3,896,10),(3,896,12),(3,896,17),(3,896,23),(3,896,24),(3,896,33),(3,896,40),(3,896,41),(4,897,4),(4,897,5),(4,897,7),(4,897,11),(4,897,18),(4,897,20),(4,897,22),(4,897,27),(4,897,35),(4,897,39),(2,898,14),(2,898,15),(2,898,16),(2,898,19),(2,898,25),(2,898,26),(2,898,30),(2,898,36),(4,899,4),(4,899,5),(4,899,7),(4,899,11),(4,899,18),(4,899,20),(4,899,22),(4,899,27),(4,899,35),(4,899,39),(2,900,14),(2,900,15),(2,900,16),(2,900,19),(2,900,25),(2,900,26),(2,900,30),(2,900,36),(1,901,2),(1,901,6),(1,901,8),(1,901,9),(1,901,13),(1,901,21),(1,901,28),(1,901,29),(1,901,31),(1,901,32),(1,901,34),(1,901,37),(1,901,38),(1,902,2),(1,902,6),(1,902,8),(1,902,9),(1,902,13),(1,902,21),(1,902,28),(1,902,29),(1,902,31),(1,902,32),(1,902,34),(1,902,37),(1,902,38),(1,903,2),(1,903,6),(1,903,8),(1,903,9),(1,903,13),(1,903,21),(1,903,28),(1,903,29),(1,903,31),(1,903,32),(1,903,34),(1,903,37),(1,903,38),(4,904,4),(4,904,5),(4,904,7),(4,904,11),(4,904,18),(4,904,20),(4,904,22),(4,904,27),(4,904,35),(4,904,39),(4,905,4),(4,905,5),(4,905,7),(4,905,11),(4,905,18),(4,905,20),(4,905,22),(4,905,27),(4,905,35),(4,905,39),(3,906,1),(3,906,3),(3,906,10),(3,906,12),(3,906,17),(3,906,23),(3,906,24),(3,906,33),(3,906,40),(3,906,41),(3,907,1),(3,907,3),(3,907,10),(3,907,12),(3,907,17),(3,907,23),(3,907,24),(3,907,33),(3,907,40),(3,907,41),(3,908,1),(3,908,3),(3,908,10),(3,908,12),(3,908,17),(3,908,23),(3,908,24),(3,908,33),(3,908,40),(3,908,41),(4,909,4),(4,909,5),(4,909,7),(4,909,11),(4,909,18),(4,909,20),(4,909,22),(4,909,27),(4,909,35),(4,909,39),(3,910,1),(3,910,3),(3,910,10),(3,910,12),(3,910,17),(3,910,23),(3,910,24),(3,910,33),(3,910,40),(3,910,41),(1,911,2),(1,911,6),(1,911,8),(1,911,9),(1,911,13),(1,911,21),(1,911,28),(1,911,29),(1,911,31),(1,911,32),(1,911,34),(1,911,37),(1,911,38),(1,912,2),(1,912,6),(1,912,8),(1,912,9),(1,912,13),(1,912,21),(1,912,28),(1,912,29),(1,912,31),(1,912,32),(1,912,34),(1,912,37),(1,912,38),(1,913,2),(1,913,6),(1,913,8),(1,913,9),(1,913,13),(1,913,21),(1,913,28),(1,913,29),(1,913,31),(1,913,32),(1,913,34),(1,913,37),(1,913,38),(1,914,2),(1,914,6),(1,914,8),(1,914,9),(1,914,13),(1,914,21),(1,914,28),(1,914,29),(1,914,31),(1,914,32),(1,914,34),(1,914,37),(1,914,38),(2,915,14),(2,915,15),(2,915,16),(2,915,19),(2,915,25),(2,915,26),(2,915,30),(2,915,36),(3,916,1),(3,916,3),(3,916,10),(3,916,12),(3,916,17),(3,916,23),(3,916,24),(3,916,33),(3,916,40),(3,916,41),(2,917,14),(2,917,15),(2,917,16),(2,917,19),(2,917,25),(2,917,26),(2,917,30),(2,917,36),(2,918,14),(2,918,15),(2,918,16),(2,918,19),(2,918,25),(2,918,26),(2,918,30),(2,918,36),(3,919,1),(3,919,3),(3,919,10),(3,919,12),(3,919,17),(3,919,23),(3,919,24),(3,919,33),(3,919,40),(3,919,41),(4,920,4),(4,920,5),(4,920,7),(4,920,11),(4,920,18),(4,920,20),(4,920,22),(4,920,27),(4,920,35),(4,920,39),(4,921,4),(4,921,5),(4,921,7),(4,921,11),(4,921,18),(4,921,20),(4,921,22),(4,921,27),(4,921,35),(4,921,39),(2,922,14),(2,922,15),(2,922,16),(2,922,19),(2,922,25),(2,922,26),(2,922,30),(2,922,36),(1,923,2),(1,923,6),(1,923,8),(1,923,9),(1,923,13),(1,923,21),(1,923,28),(1,923,29),(1,923,31),(1,923,32),(1,923,34),(1,923,37),(1,923,38),(2,924,14),(2,924,15),(2,924,16),(2,924,19),(2,924,25),(2,924,26),(2,924,30),(2,924,36),(4,925,4),(4,925,5),(4,925,7),(4,925,11),(4,925,18),(4,925,20),(4,925,22),(4,925,27),(4,925,35),(4,925,39),(2,926,14),(2,926,15),(2,926,16),(2,926,19),(2,926,25),(2,926,26),(2,926,30),(2,926,36),(4,927,4),(4,927,5),(4,927,7),(4,927,11),(4,927,18),(4,927,20),(4,927,22),(4,927,27),(4,927,35),(4,927,39),(1,928,2),(1,928,6),(1,928,8),(1,928,9),(1,928,13),(1,928,21),(1,928,28),(1,928,29),(1,928,31),(1,928,32),(1,928,34),(1,928,37),(1,928,38),(4,929,4),(4,929,5),(4,929,7),(4,929,11),(4,929,18),(4,929,20),(4,929,22),(4,929,27),(4,929,35),(4,929,39),(3,930,1),(3,930,3),(3,930,10),(3,930,12),(3,930,17),(3,930,23),(3,930,24),(3,930,33),(3,930,40),(3,930,41),(1,931,2),(1,931,6),(1,931,8),(1,931,9),(1,931,13),(1,931,21),(1,931,28),(1,931,29),(1,931,31),(1,931,32),(1,931,34),(1,931,37),(1,931,38),(2,932,14),(2,932,15),(2,932,16),(2,932,19),(2,932,25),(2,932,26),(2,932,30),(2,932,36),(2,933,14),(2,933,15),(2,933,16),(2,933,19),(2,933,25),(2,933,26),(2,933,30),(2,933,36),(3,934,1),(3,934,3),(3,934,10),(3,934,12),(3,934,17),(3,934,23),(3,934,24),(3,934,33),(3,934,40),(3,934,41),(3,935,1),(3,935,3),(3,935,10),(3,935,12),(3,935,17),(3,935,23),(3,935,24),(3,935,33),(3,935,40),(3,935,41),(2,936,14),(2,936,15),(2,936,16),(2,936,19),(2,936,25),(2,936,26),(2,936,30),(2,936,36),(1,937,2),(1,937,6),(1,937,8),(1,937,9),(1,937,13),(1,937,21),(1,937,28),(1,937,29),(1,937,31),(1,937,32),(1,937,34),(1,937,37),(1,937,38),(1,938,2),(1,938,6),(1,938,8),(1,938,9),(1,938,13),(1,938,21),(1,938,28),(1,938,29),(1,938,31),(1,938,32),(1,938,34),(1,938,37),(1,938,38),(1,939,2),(1,939,6),(1,939,8),(1,939,9),(1,939,13),(1,939,21),(1,939,28),(1,939,29),(1,939,31),(1,939,32),(1,939,34),(1,939,37),(1,939,38),(1,940,2),(1,940,6),(1,940,8),(1,940,9),(1,940,13),(1,940,21),(1,940,28),(1,940,29),(1,940,31),(1,940,32),(1,940,34),(1,940,37),(1,940,38),(3,941,1),(3,941,3),(3,941,10),(3,941,12),(3,941,17),(3,941,23),(3,941,24),(3,941,33),(3,941,40),(3,941,41),(3,942,1),(3,942,3),(3,942,10),(3,942,12),(3,942,17),(3,942,23),(3,942,24),(3,942,33),(3,942,40),(3,942,41),(3,943,1),(3,943,3),(3,943,10),(3,943,12),(3,943,17),(3,943,23),(3,943,24),(3,943,33),(3,943,40),(3,943,41),(1,944,2),(1,944,6),(1,944,8),(1,944,9),(1,944,13),(1,944,21),(1,944,28),(1,944,29),(1,944,31),(1,944,32),(1,944,34),(1,944,37),(1,944,38),(2,945,14),(2,945,15),(2,945,16),(2,945,19),(2,945,25),(2,945,26),(2,945,30),(2,945,36),(3,946,1),(3,946,3),(3,946,10),(3,946,12),(3,946,17),(3,946,23),(3,946,24),(3,946,33),(3,946,40),(3,946,41),(4,947,4),(4,947,5),(4,947,7),(4,947,11),(4,947,18),(4,947,20),(4,947,22),(4,947,27),(4,947,35),(4,947,39),(4,948,4),(4,948,5),(4,948,7),(4,948,11),(4,948,18),(4,948,20),(4,948,22),(4,948,27),(4,948,35),(4,948,39),(3,949,1),(3,949,3),(3,949,10),(3,949,12),(3,949,17),(3,949,23),(3,949,24),(3,949,33),(3,949,40),(3,949,41),(1,950,2),(1,950,6),(1,950,8),(1,950,9),(1,950,13),(1,950,21),(1,950,28),(1,950,29),(1,950,31),(1,950,32),(1,950,34),(1,950,37),(1,950,38),(2,951,14),(2,951,15),(2,951,16),(2,951,19),(2,951,25),(2,951,26),(2,951,30),(2,951,36),(3,952,1),(3,952,3),(3,952,10),(3,952,12),(3,952,17),(3,952,23),(3,952,24),(3,952,33),(3,952,40),(3,952,41),(4,953,4),(4,953,5),(4,953,7),(4,953,11),(4,953,18),(4,953,20),(4,953,22),(4,953,27),(4,953,35),(4,953,39),(3,954,1),(3,954,3),(3,954,10),(3,954,12),(3,954,17),(3,954,23),(3,954,24),(3,954,33),(3,954,40),(3,954,41),(3,955,1),(3,955,3),(3,955,10),(3,955,12),(3,955,17),(3,955,23),(3,955,24),(3,955,33),(3,955,40),(3,955,41),(2,956,14),(2,956,15),(2,956,16),(2,956,19),(2,956,25),(2,956,26),(2,956,30),(2,956,36),(3,957,1),(3,957,3),(3,957,10),(3,957,12),(3,957,17),(3,957,23),(3,957,24),(3,957,33),(3,957,40),(3,957,41),(4,958,4),(4,958,5),(4,958,7),(4,958,11),(4,958,18),(4,958,20),(4,958,22),(4,958,27),(4,958,35),(4,958,39),(3,959,1),(3,959,3),(3,959,10),(3,959,12),(3,959,17),(3,959,23),(3,959,24),(3,959,33),(3,959,40),(3,959,41),(2,960,14),(2,960,15),(2,960,16),(2,960,19),(2,960,25),(2,960,26),(2,960,30),(2,960,36),(1,961,2),(1,961,6),(1,961,8),(1,961,9),(1,961,13),(1,961,21),(1,961,28),(1,961,29),(1,961,31),(1,961,32),(1,961,34),(1,961,37),(1,961,38),(1,962,2),(1,962,6),(1,962,8),(1,962,9),(1,962,13),(1,962,21),(1,962,28),(1,962,29),(1,962,31),(1,962,32),(1,962,34),(1,962,37),(1,962,38),(4,963,4),(4,963,5),(4,963,7),(4,963,11),(4,963,18),(4,963,20),(4,963,22),(4,963,27),(4,963,35),(4,963,39),(3,964,1),(3,964,3),(3,964,10),(3,964,12),(3,964,17),(3,964,23),(3,964,24),(3,964,33),(3,964,40),(3,964,41),(2,965,14),(2,965,15),(2,965,16),(2,965,19),(2,965,25),(2,965,26),(2,965,30),(2,965,36),(2,966,14),(2,966,15),(2,966,16),(2,966,19),(2,966,25),(2,966,26),(2,966,30),(2,966,36),(4,967,4),(4,967,5),(4,967,7),(4,967,11),(4,967,18),(4,967,20),(4,967,22),(4,967,27),(4,967,35),(4,967,39),(4,968,4),(4,968,5),(4,968,7),(4,968,11),(4,968,18),(4,968,20),(4,968,22),(4,968,27),(4,968,35),(4,968,39),(1,969,2),(1,969,6),(1,969,8),(1,969,9),(1,969,13),(1,969,21),(1,969,28),(1,969,29),(1,969,31),(1,969,32),(1,969,34),(1,969,37),(1,969,38),(1,970,2),(1,970,6),(1,970,8),(1,970,9),(1,970,13),(1,970,21),(1,970,28),(1,970,29),(1,970,31),(1,970,32),(1,970,34),(1,970,37),(1,970,38),(2,971,14),(2,971,15),(2,971,16),(2,971,19),(2,971,25),(2,971,26),(2,971,30),(2,971,36),(1,972,2),(1,972,6),(1,972,8),(1,972,9),(1,972,13),(1,972,21),(1,972,28),(1,972,29),(1,972,31),(1,972,32),(1,972,34),(1,972,37),(1,972,38),(3,973,1),(3,973,3),(3,973,10),(3,973,12),(3,973,17),(3,973,23),(3,973,24),(3,973,33),(3,973,40),(3,973,41),(1,974,2),(1,974,6),(1,974,8),(1,974,9),(1,974,13),(1,974,21),(1,974,28),(1,974,29),(1,974,31),(1,974,32),(1,974,34),(1,974,37),(1,974,38),(2,975,14),(2,975,15),(2,975,16),(2,975,19),(2,975,25),(2,975,26),(2,975,30),(2,975,36),(4,976,4),(4,976,5),(4,976,7),(4,976,11),(4,976,18),(4,976,20),(4,976,22),(4,976,27),(4,976,35),(4,976,39),(4,977,4),(4,977,5),(4,977,7),(4,977,11),(4,977,18),(4,977,20),(4,977,22),(4,977,27),(4,977,35),(4,977,39),(1,978,2),(1,978,6),(1,978,8),(1,978,9),(1,978,13),(1,978,21),(1,978,28),(1,978,29),(1,978,31),(1,978,32),(1,978,34),(1,978,37),(1,978,38),(4,979,4),(4,979,5),(4,979,7),(4,979,11),(4,979,18),(4,979,20),(4,979,22),(4,979,27),(4,979,35),(4,979,39),(1,980,2),(1,980,6),(1,980,8),(1,980,9),(1,980,13),(1,980,21),(1,980,28),(1,980,29),(1,980,31),(1,980,32),(1,980,34),(1,980,37),(1,980,38),(2,981,14),(2,981,15),(2,981,16),(2,981,19),(2,981,25),(2,981,26),(2,981,30),(2,981,36),(2,982,14),(2,982,15),(2,982,16),(2,982,19),(2,982,25),(2,982,26),(2,982,30),(2,982,36),(2,983,14),(2,983,15),(2,983,16),(2,983,19),(2,983,25),(2,983,26),(2,983,30),(2,983,36),(4,984,4),(4,984,5),(4,984,7),(4,984,11),(4,984,18),(4,984,20),(4,984,22),(4,984,27),(4,984,35),(4,984,39),(1,985,2),(1,985,6),(1,985,8),(1,985,9),(1,985,13),(1,985,21),(1,985,28),(1,985,29),(1,985,31),(1,985,32),(1,985,34),(1,985,37),(1,985,38),(2,986,14),(2,986,15),(2,986,16),(2,986,19),(2,986,25),(2,986,26),(2,986,30),(2,986,36),(2,987,14),(2,987,15),(2,987,16),(2,987,19),(2,987,25),(2,987,26),(2,987,30),(2,987,36),(2,988,14),(2,988,15),(2,988,16),(2,988,19),(2,988,25),(2,988,26),(2,988,30),(2,988,36),(4,989,4),(4,989,5),(4,989,7),(4,989,11),(4,989,18),(4,989,20),(4,989,22),(4,989,27),(4,989,35),(4,989,39),(1,990,2),(1,990,6),(1,990,8),(1,990,9),(1,990,13),(1,990,21),(1,990,28),(1,990,29),(1,990,31),(1,990,32),(1,990,34),(1,990,37),(1,990,38),(2,991,14),(2,991,15),(2,991,16),(2,991,19),(2,991,25),(2,991,26),(2,991,30),(2,991,36),(2,992,14),(2,992,15),(2,992,16),(2,992,19),(2,992,25),(2,992,26),(2,992,30),(2,992,36),(1,993,2),(1,993,6),(1,993,8),(1,993,9),(1,993,13),(1,993,21),(1,993,28),(1,993,29),(1,993,31),(1,993,32),(1,993,34),(1,993,37),(1,993,38),(4,994,4),(4,994,5),(4,994,7),(4,994,11),(4,994,18),(4,994,20),(4,994,22),(4,994,27),(4,994,35),(4,994,39),(3,995,1),(3,995,3),(3,995,10),(3,995,12),(3,995,17),(3,995,23),(3,995,24),(3,995,33),(3,995,40),(3,995,41),(4,996,4),(4,996,5),(4,996,7),(4,996,11),(4,996,18),(4,996,20),(4,996,22),(4,996,27),(4,996,35),(4,996,39),(2,997,14),(2,997,15),(2,997,16),(2,997,19),(2,997,25),(2,997,26),(2,997,30),(2,997,36),(1,998,2),(1,998,6),(1,998,8),(1,998,9),(1,998,13),(1,998,21),(1,998,28),(1,998,29),(1,998,31),(1,998,32),(1,998,34),(1,998,37),(1,998,38),(2,999,14),(2,999,15),(2,999,16),(2,999,19),(2,999,25),(2,999,26),(2,999,30),(2,999,36),(3,1000,1),(3,1000,3),(3,1000,10),(3,1000,12),(3,1000,17),(3,1000,23),(3,1000,24),(3,1000,33),(3,1000,40),(3,1000,41);
/*!40000 ALTER TABLE `warehouse` ENABLE KEYS */;
UNLOCK TABLES;
/*!40103 SET TIME_ZONE=@OLD_TIME_ZONE */;

/*!40101 SET SQL_MODE=@OLD_SQL_MODE */;
/*!40014 SET FOREIGN_KEY_CHECKS=@OLD_FOREIGN_KEY_CHECKS */;
/*!40014 SET UNIQUE_CHECKS=@OLD_UNIQUE_CHECKS */;
/*!40101 SET CHARACTER_SET_CLIENT=@OLD_CHARACTER_SET_CLIENT */;
/*!40101 SET CHARACTER_SET_RESULTS=@OLD_CHARACTER_SET_RESULTS */;
/*!40101 SET COLLATION_CONNECTION=@OLD_COLLATION_CONNECTION */;
/*!40111 SET SQL_NOTES=@OLD_SQL_NOTES */;

/*!40101 SET @OLD_CHARACTER_SET_CLIENT=@@CHARACTER_SET_CLIENT */;
/*!40101 SET @OLD_CHARACTER_SET_RESULTS=@@CHARACTER_SET_RESULTS */;
/*!40101 SET @OLD_COLLATION_CONNECTION=@@COLLATION_CONNECTION */;
/*!50503 SET NAMES utf8 */;
/*!40103 SET @OLD_TIME_ZONE=@@TIME_ZONE */;
/*!40103 SET TIME_ZONE='+00:00' */;
/*!40014 SET @OLD_UNIQUE_CHECKS=@@UNIQUE_CHECKS, UNIQUE_CHECKS=0 */;
/*!40014 SET @OLD_FOREIGN_KEY_CHECKS=@@FOREIGN_KEY_CHECKS, FOREIGN_KEY_CHECKS=0 */;
/*!40101 SET @OLD_SQL_MODE=@@SQL_MODE, SQL_MODE='NO_AUTO_VALUE_ON_ZERO' */;
/*!40111 SET @OLD_SQL_NOTES=@@SQL_NOTES, SQL_NOTES=0 */;

--
-- Table structure for table `returns`
--

DROP TABLE IF EXISTS `returns`;
/*!40101 SET @saved_cs_client     = @@character_set_client */;
/*!50503 SET character_set_client = utf8mb4 */;
CREATE TABLE `returns` (
  `returnId` varchar(10) NOT NULL,
  `orderId` varchar(10) DEFAULT NULL,
  `qtyReturned` int DEFAULT NULL,
  `returnDate` date DEFAULT NULL,
  `returnReason` varchar(20) DEFAULT NULL,
  `refundAmt` decimal(10,2) DEFAULT NULL,
  `resale` tinyint(1) DEFAULT NULL,
  PRIMARY KEY (`returnId`),
  KEY `orderId` (`orderId`),
  CONSTRAINT `returns_ibfk_1` FOREIGN KEY (`orderId`) REFERENCES `orders` (`orderId`)
) ENGINE=InnoDB DEFAULT CHARSET=utf8mb4 COLLATE=utf8mb4_0900_ai_ci;
/*!40101 SET character_set_client = @saved_cs_client */;

--
-- Dumping data for table `returns`
--

LOCK TABLES `returns` WRITE;
/*!40000 ALTER TABLE `returns` DISABLE KEYS */;
INSERT INTO `returns` VALUES ('A3-53-o1','L2-63-h1',10,'2021-05-22','Wrong Shade',20.21,1),('B3-53-i1','O2-83-t1',19,'2021-06-29','Damaged Product',12.57,0),('C3-83-v1','C2-93-g1',3,'2020-11-12','Damaged Product',35.38,0),('D3-83-d1','W2-73-b1',9,'2020-07-16','Damaged Product',18.47,0),('F3-13-x1','H2-63-b1',15,'2021-01-13','Wrong Shade',39.86,0),('F3-33-s1','K2-03-y1',7,'2020-02-28','Damaged Product',21.38,1),('F3-83-i1','O2-93-q1',8,'2021-02-18','Wrong Shade',16.34,0),('F3-83-t1','E2-53-a1',15,'2021-01-11','Wrong Shade',6.22,1),('H3-43-e1','P2-03-k1',13,'2021-05-02','Wrong Shade',7.98,1),('H3-83-n1','V2-13-c1',18,'2021-07-16','Damaged Product',38.96,0),('I3-43-b1','Q2-13-y1',20,'2020-05-09','Wrong Shade',10.63,0),('J3-53-n1','J2-43-n1',9,'2021-04-17','Damaged Product',32.13,0),('J3-63-i1','M2-93-k1',6,'2021-10-07','Damaged Packaging',36.66,0),('J3-83-z1','L2-53-l1',10,'2020-05-01','Wrong Shade',11.69,1),('J3-93-v1','G2-93-k1',6,'2021-07-27','Wrong Shade',4.05,0),('K3-73-s1','U2-03-l1',8,'2021-08-01','Wrong Shade',35.44,1),('K3-93-b1','X2-83-c1',18,'2020-06-27','Damaged Packaging',9.39,0),('L3-13-q1','D2-23-e1',11,'2020-12-03','Damaged Packaging',37.97,1),('L3-43-z1','T2-03-d1',5,'2020-11-20','Wrong Shade',1.09,0),('M3-03-h1','B2-03-i1',14,'2020-03-30','Wrong Shade',31.70,1),('M3-23-a1','M2-93-u1',20,'2021-05-28','Wrong Shade',35.99,1),('M3-23-l1','T2-33-w1',1,'2021-06-14','Damaged Packaging',30.16,1),('M3-23-y1','S2-73-c1',7,'2020-03-29','Damaged Packaging',23.49,0),('M3-53-b1','G2-03-t1',14,'2020-10-24','Wrong Shade',30.28,1),('M3-63-y1','M2-43-h1',3,'2020-08-19','Wrong Shade',4.98,1),('N3-13-p1','V2-33-x1',20,'2021-08-17','Wrong Shade',12.91,1),('N3-33-t1','U2-53-m1',3,'2020-05-03','Damaged Packaging',14.88,0),('P3-23-l1','X2-63-a1',2,'2020-03-11','Damaged Packaging',32.30,1),('P3-33-l1','I2-83-t1',2,'2020-08-25','Damaged Product',15.49,1),('P3-73-a1','G2-13-c1',14,'2021-04-14','Damaged Product',16.32,0),('P3-83-y1','U2-23-m1',4,'2020-06-11','Damaged Packaging',24.00,0),('Q3-03-f1','C2-53-a1',20,'2021-06-16','Wrong Shade',30.48,1),('Q3-03-w1','C2-83-f1',20,'2020-05-16','Damaged Product',36.29,1),('Q3-13-m1','K2-93-u1',17,'2021-08-31','Wrong Shade',31.00,0),('Q3-33-v1','D2-13-g1',16,'2021-10-11','Damaged Product',34.55,1),('R3-43-b1','D2-43-f1',20,'2020-04-28','Damaged Packaging',20.74,0),('R3-43-f1','P2-03-n1',14,'2020-08-04','Damaged Product',38.02,0),('R3-83-e1','V2-23-s1',6,'2020-10-12','Damaged Product',10.65,0),('T3-43-h1','C2-03-d1',5,'2020-06-18','Damaged Packaging',8.14,0),('T3-53-t1','L2-63-q1',18,'2021-01-19','Damaged Product',19.64,1),('U3-23-c1','B2-73-b1',1,'2021-07-11','Damaged Product',17.09,1),('U3-23-i1','C2-73-e1',4,'2020-05-09','Damaged Packaging',22.88,1),('U3-33-a1','M2-53-k1',1,'2021-10-26','Damaged Packaging',34.08,1),('U3-43-q1','U2-93-g1',20,'2021-06-01','Wrong Shade',22.25,0),('V3-03-w1','E2-83-m1',14,'2021-04-23','Wrong Shade',12.57,1),('V3-33-i1','A2-23-r1',1,'2020-06-02','Wrong Shade',23.45,0),('V3-33-o1','X2-23-q1',8,'2021-03-06','Damaged Product',37.02,0),('V3-83-u1','L2-13-z1',7,'2020-10-04','Damaged Packaging',20.16,0),('W3-53-b1','J2-03-n1',12,'2021-09-01','Damaged Product',16.85,0),('X3-13-m1','U2-93-u1',20,'2020-07-02','Damaged Packaging',21.97,1),('X3-63-h1','X2-23-e1',9,'2021-02-22','Damaged Product',20.52,1),('X3-83-y1','K2-83-c1',4,'2020-05-07','Damaged Product',36.27,0),('Y3-53-m1','D2-03-h1',5,'2020-06-23','Wrong Shade',19.87,1),('Y3-53-s1','L2-83-c1',16,'2021-11-14','Wrong Shade',7.50,0),('Y3-63-i1','M2-63-p1',14,'2021-03-22','Wrong Shade',4.04,1),('Y3-63-r1','E2-83-r1',3,'2020-08-15','Wrong Shade',16.66,1),('Y3-83-o1','K2-13-h1',13,'2020-12-10','Damaged Packaging',37.80,0),('Y3-93-b1','I2-93-z1',1,'2020-04-29','Wrong Shade',24.33,1),('Y3-93-u1','Y2-73-p1',14,'2020-11-23','Wrong Shade',25.63,0),('Z3-73-m1','L2-13-z1',3,'2020-05-08','Damaged Product',13.50,0);
/*!40000 ALTER TABLE `returns` ENABLE KEYS */;
UNLOCK TABLES;
/*!40103 SET TIME_ZONE=@OLD_TIME_ZONE */;

/*!40101 SET SQL_MODE=@OLD_SQL_MODE */;
/*!40014 SET FOREIGN_KEY_CHECKS=@OLD_FOREIGN_KEY_CHECKS */;
/*!40014 SET UNIQUE_CHECKS=@OLD_UNIQUE_CHECKS */;
/*!40101 SET CHARACTER_SET_CLIENT=@OLD_CHARACTER_SET_CLIENT */;
/*!40101 SET CHARACTER_SET_RESULTS=@OLD_CHARACTER_SET_RESULTS */;
/*!40101 SET COLLATION_CONNECTION=@OLD_COLLATION_CONNECTION */;
/*!40111 SET SQL_NOTES=@OLD_SQL_NOTES */;

/*!40101 SET @OLD_CHARACTER_SET_CLIENT=@@CHARACTER_SET_CLIENT */;
/*!40101 SET @OLD_CHARACTER_SET_RESULTS=@@CHARACTER_SET_RESULTS */;
/*!40101 SET @OLD_COLLATION_CONNECTION=@@COLLATION_CONNECTION */;
/*!50503 SET NAMES utf8 */;
/*!40103 SET @OLD_TIME_ZONE=@@TIME_ZONE */;
/*!40103 SET TIME_ZONE='+00:00' */;
/*!40014 SET @OLD_UNIQUE_CHECKS=@@UNIQUE_CHECKS, UNIQUE_CHECKS=0 */;
/*!40014 SET @OLD_FOREIGN_KEY_CHECKS=@@FOREIGN_KEY_CHECKS, FOREIGN_KEY_CHECKS=0 */;
/*!40101 SET @OLD_SQL_MODE=@@SQL_MODE, SQL_MODE='NO_AUTO_VALUE_ON_ZERO' */;
/*!40111 SET @OLD_SQL_NOTES=@@SQL_NOTES, SQL_NOTES=0 */;

--
-- Table structure for table `products`
--

DROP TABLE IF EXISTS `products`;
/*!40101 SET @saved_cs_client     = @@character_set_client */;
/*!50503 SET character_set_client = utf8mb4 */;
CREATE TABLE `products` (
  `productId` varchar(45) NOT NULL,
  `colorId` varchar(15) NOT NULL,
  `producttype` varchar(45) DEFAULT NULL,
  PRIMARY KEY (`productId`),
  KEY `colorId` (`colorId`),
  CONSTRAINT `products_ibfk_1` FOREIGN KEY (`colorId`) REFERENCES `productline` (`colorId`)
) ENGINE=InnoDB DEFAULT CHARSET=utf8mb4 COLLATE=utf8mb4_0900_ai_ci;
/*!40101 SET character_set_client = @saved_cs_client */;

--
-- Dumping data for table `products`
--

LOCK TABLES `products` WRITE;
/*!40000 ALTER TABLE `products` DISABLE KEYS */;
INSERT INTO `products` VALUES ('A3-03-q1','#450ce2','Blush'),('A3-03-x1','#4c6695','Bronzer'),('A3-13-c1','#c3d81c','Foundation'),('A3-13-s1','#69c024','Blush'),('A3-13-u1','#07a9e6','Bronzer'),('A3-23-i1','#da3f2f','Bronzer'),('A3-23-l1','#398dc4','Blush'),('A3-43-c1','#53c983','Foundation'),('A3-43-o1','#98c49a','Concealer'),('A3-53-c1','#ddcd9c','Blush'),('A3-53-n1','#e7e9b1','Blush'),('A3-53-w1','#b418ee','Blush'),('A3-63-d1','#a3e79d','Blush'),('A3-73-n1','#ab1d95','Bronzer'),('A3-73-p1','#049ce3','Concealer'),('A3-93-b1','#8b4846','Bronzer'),('A3-93-j1','#a84f68','Concealer'),('A3-93-x1','#25e0d3','Concealer'),('B3-03-r1','#7ae899','Concealer'),('B3-13-e1','#a1bc13','Bronzer'),('B3-13-j1','#d6963e','Contour'),('B3-23-m1','#9d1342','Foundation'),('B3-33-m1','#9ab78d','Blush'),('B3-43-e1','#6749aa','Blush'),('B3-43-r1','#982960','Contour'),('B3-53-o1','#51b2ae','Bronzer'),('B3-63-b1','#cd3e47','Contour'),('B3-63-e1','#3eb36b','Foundation'),('B3-63-k1','#7eebbd','Concealer'),('B3-63-s1','#1d75f6','Concealer'),('B3-63-y1','#f52fa1','Foundation'),('B3-73-v1','#e3f36c','Foundation'),('B3-83-i1','#63218c','Blush'),('B3-83-m1','#0d1bfb','Foundation'),('B3-83-r1','#25dfac','Concealer'),('C3-13-b1','#de2a52','Blush'),('C3-23-d1','#b41d53','Contour'),('C3-23-i1','#c122e6','Concealer'),('C3-33-d1','#1ea586','Bronzer'),('C3-33-e1','#e135fe','Blush'),('C3-33-u1','#ff2539','Foundation'),('C3-43-e1','#b4be2b','Bronzer'),('C3-43-h1','#90e4d1','Bronzer'),('C3-43-n1','#a712f7','Blush'),('C3-43-o1','#464421','Concealer'),('C3-53-k1','#220c74','Foundation'),('C3-53-r1','#4cd52d','Contour'),('C3-63-r1','#247a4e','Contour'),('C3-73-d1','#f17af4','Foundation'),('C3-73-f1','#80993a','Bronzer'),('C3-73-s1','#edc44e','Concealer'),('C3-73-v1','#20bb24','Foundation'),('C3-83-b1','#f3e77c','Foundation'),('C3-83-m1','#9e25e5','Bronzer'),('D3-03-c1','#80bc80','Foundation'),('D3-03-p1','#0a7dd2','Foundation'),('D3-13-d1','#c048b9','Foundation'),('D3-13-x1','#a20163','Blush'),('D3-23-b1','#a3068e','Contour'),('D3-23-h1','#1c9bec','Contour'),('D3-23-j1','#99cadf','Foundation'),('D3-23-t1','#15746d','Contour'),('D3-53-b1','#3f2a30','Bronzer'),('D3-53-s1','#e6f95b','Bronzer'),('D3-63-s1','#cec8c4','Bronzer'),('D3-73-h1','#7bef6b','Concealer'),('D3-73-n1','#cca625','Contour'),('D3-83-w1','#8b1f80','Bronzer'),('D3-93-c1','#f40f4e','Bronzer'),('E3-03-q1','#bb2668','Bronzer'),('E3-13-v1','#c9985d','Blush'),('E3-33-c1','#90823b','Contour'),('E3-33-g1','#12e84e','Bronzer'),('E3-43-o1','#15e84e','Concealer'),('E3-43-v1','#2eabcd','Bronzer'),('E3-53-e1','#cea288','Concealer'),('E3-53-j1','#0afd68','Contour'),('E3-53-o1','#8d5eab','Blush'),('E3-53-w1','#5d6f43','Contour'),('E3-63-j1','#1bede8','Concealer'),('E3-63-p1','#8ac205','Blush'),('E3-63-u1','#e1df97','Bronzer'),('E3-73-m1','#50d4ec','Blush'),('E3-73-s1','#0a23f0','Contour'),('E3-73-x1','#f4e760','Concealer'),('E3-83-c1','#e2dbf5','Blush'),('E3-83-p1','#d9f08c','Bronzer'),('E3-93-c1','#efef60','Blush'),('E3-93-l1','#e04528','Concealer'),('F3-03-a1','#4b3f23','Contour'),('F3-13-f1','#2a551e','Blush'),('F3-13-r1','#2f9074','Concealer'),('F3-13-t1','#c63be0','Contour'),('F3-13-z1','#9d4b9d','Bronzer'),('F3-23-b1','#44328c','Foundation'),('F3-23-c1','#56310b','Contour'),('F3-23-l1','#ecb388','Contour'),('F3-33-f1','#b05bca','Bronzer'),('F3-33-o1','#fec00e','Contour'),('F3-43-a1','#fd4afb','Foundation'),('F3-53-l1','#96f9ed','Concealer'),('F3-53-m1','#2ce725','Foundation'),('F3-53-x1','#0e5879','Contour'),('F3-63-i1','#06a3f5','Bronzer'),('F3-73-c1','#e16ed3','Contour'),('F3-73-o1','#69f806','Foundation'),('F3-73-t1','#717f0e','Blush'),('F3-73-x1','#57d8d7','Foundation'),('F3-83-e1','#6a8502','Foundation'),('F3-83-f1','#6b9d1f','Bronzer'),('F3-83-m1','#00bd7b','Blush'),('F3-83-r1','#4cc329','Contour'),('F3-83-w1','#db5035','Bronzer'),('F3-93-w1','#4bce33','Concealer'),('G3-03-j1','#50b852','Contour'),('G3-03-l1','#f67f26','Blush'),('G3-03-x1','#a76c18','Concealer'),('G3-03-y1','#00319c','Contour'),('G3-13-n1','#9ae7b4','Foundation'),('G3-13-o1','#3c275b','Bronzer'),('G3-23-k1','#4eba2c','Bronzer'),('G3-23-r1','#261c8a','Blush'),('G3-33-b1','#8fb715','Foundation'),('G3-33-g1','#f4ea64','Concealer'),('G3-33-j1','#335ad0','Contour'),('G3-43-s1','#a9de79','Blush'),('G3-63-h1','#fb2d80','Contour'),('G3-63-w1','#ceb2f9','Bronzer'),('G3-73-f1','#86c3f2','Bronzer'),('G3-83-a1','#3593f5','Bronzer'),('G3-83-d1','#3d77d2','Concealer'),('G3-83-l1','#d52c42','Bronzer'),('G3-83-v1','#439aab','Bronzer'),('G3-93-c1','#b76db5','Bronzer'),('G3-93-l1','#b3d685','Contour'),('G3-93-x1','#822baa','Foundation'),('H3-03-n1','#bcaa4c','Concealer'),('H3-03-u1','#a1e87e','Concealer'),('H3-13-t1','#43b7cf','Contour'),('H3-13-u1','#10d4e0','Concealer'),('H3-23-h1','#c07e92','Foundation'),('H3-23-t1','#73c527','Contour'),('H3-33-h1','#191b01','Bronzer'),('H3-33-w1','#f1cd71','Blush'),('H3-53-m1','#c582ff','Blush'),('H3-63-b1','#cc299d','Foundation'),('H3-63-f1','#5a5009','Concealer'),('H3-63-r1','#50d02b','Bronzer'),('H3-63-t1','#1ce99a','Concealer'),('H3-63-u1','#41e99e','Bronzer'),('H3-73-a1','#aa60b4','Concealer'),('H3-73-o1','#bfcb9b','Bronzer'),('H3-83-l1','#6179d4','Concealer'),('H3-93-c1','#dfc0f7','Bronzer'),('H3-93-r1','#5ff818','Concealer'),('H3-93-u1','#558dd8','Foundation'),('H3-93-w1','#9d130f','Foundation'),('I3-03-r1','#a83f1a','Blush'),('I3-13-b1','#530466','Foundation'),('I3-13-n1','#26b4ac','Contour'),('I3-13-r1','#86a40c','Foundation'),('I3-23-a1','#5e5814','Foundation'),('I3-43-d1','#ead9e5','Contour'),('I3-43-y1','#e91bb8','Contour'),('I3-63-g1','#f4bce6','Bronzer'),('I3-73-c1','#b18a16','Concealer'),('I3-73-n1','#e42673','Foundation'),('I3-83-r1','#588241','Concealer'),('I3-83-v1','#2ff93b','Bronzer'),('I3-93-b1','#91806e','Bronzer'),('I3-93-e1','#8c8d0d','Blush'),('I3-93-h1','#7df952','Foundation'),('J3-03-j1','#6bfb49','Bronzer'),('J3-03-o1','#95841a','Concealer'),('J3-03-r1','#79169a','Concealer'),('J3-03-t1','#3426ee','Concealer'),('J3-13-f1','#7377ca','Contour'),('J3-23-w1','#69cb8a','Bronzer'),('J3-33-c1','#78b535','Foundation'),('J3-33-e1','#03308f','Contour'),('J3-43-b1','#632ca2','Foundation'),('J3-43-j1','#712463','Bronzer'),('J3-43-l1','#017c43','Concealer'),('J3-53-b1','#48b928','Blush'),('J3-53-l1','#0dc9f1','Contour'),('J3-63-b1','#ad26a5','Contour'),('J3-63-k1','#4f83ff','Contour'),('J3-73-g1','#895b02','Contour'),('J3-73-w1','#e675a8','Blush'),('J3-83-w1','#1d314a','Concealer'),('J3-93-w1','#91256b','Concealer'),('K3-03-i1','#39b94d','Blush'),('K3-03-k1','#2c93c4','Bronzer'),('K3-03-z1','#2ddab7','Bronzer'),('K3-13-l1','#47a5be','Bronzer'),('K3-23-j1','#bd6d90','Contour'),('K3-23-m1','#87e714','Bronzer'),('K3-23-t1','#e4f70a','Contour'),('K3-33-m1','#4ab354','Bronzer'),('K3-43-p1','#aa0192','Contour'),('K3-43-v1','#9ee666','Foundation'),('K3-53-j1','#6ed34c','Concealer'),('K3-53-x1','#615d2e','Foundation'),('K3-63-d1','#42ac9d','Bronzer'),('K3-63-h1','#619c2a','Foundation'),('K3-83-b1','#e2a633','Blush'),('K3-83-c1','#536c4c','Concealer'),('K3-83-f1','#862c80','Foundation'),('L3-03-e1','#5e71a5','Concealer'),('L3-13-m1','#e8065a','Foundation'),('L3-13-o1','#03a630','Blush'),('L3-23-l1','#7e7d7d','Blush'),('L3-33-g1','#cc8e63','Concealer'),('L3-33-v1','#77f37f','Bronzer'),('L3-53-s1','#c0fcbb','Blush'),('L3-63-q1','#294959','Concealer'),('L3-63-r1','#9a2745','Blush'),('L3-73-l1','#17136a','Contour'),('L3-73-o1','#9d2fd5','Bronzer'),('L3-73-x1','#49b4e8','Contour'),('L3-83-c1','#9d8f7f','Contour'),('L3-93-s1','#da4d71','Blush'),('L3-93-t1','#23a9eb','Bronzer'),('M3-03-e1','#47f01e','Bronzer'),('M3-03-m1','#7392da','Blush'),('M3-03-o1','#3b9797','Foundation'),('M3-03-s1','#a89504','Blush'),('M3-13-g1','#b1dbab','Bronzer'),('M3-13-i1','#bfbc86','Foundation'),('M3-13-y1','#68191a','Bronzer'),('M3-23-n1','#b3b11a','Bronzer'),('M3-23-q1','#6be576','Blush'),('M3-23-w1','#0247b2','Contour'),('M3-33-z1','#704a73','Contour'),('M3-43-g1','#cf1829','Bronzer'),('M3-43-i1','#0b833e','Blush'),('M3-53-b1','#4377d0','Contour'),('M3-53-e1','#51beca','Concealer'),('M3-53-g1','#64819f','Foundation'),('M3-53-q1','#e1760f','Bronzer'),('M3-53-v1','#e4aabd','Foundation'),('M3-63-d1','#4933a2','Concealer'),('M3-63-f1','#ac0afe','Foundation'),('M3-63-p1','#a4c8d4','Concealer'),('M3-73-c1','#20adfa','Bronzer'),('M3-73-f1','#cd321e','Bronzer'),('M3-73-q1','#49c0f1','Concealer'),('M3-73-u1','#9944db','Foundation'),('M3-83-f1','#58d650','Blush'),('M3-93-m1','#909a0a','Bronzer'),('M3-93-r1','#127d93','Contour'),('M3-93-x1','#44c898','Concealer'),('N3-03-m1','#6d4c6d','Contour'),('N3-03-s1','#177aa6','Concealer'),('N3-13-a1','#4e81ca','Bronzer'),('N3-13-h1','#a52495','Concealer'),('N3-23-n1','#df34e2','Contour'),('N3-23-v1','#7b6425','Blush'),('N3-33-k1','#f75398','Contour'),('N3-33-r1','#d96ed6','Contour'),('N3-43-i1','#a06bf8','Contour'),('N3-43-z1','#61ec5b','Blush'),('N3-53-g1','#b90723','Blush'),('N3-63-d1','#a488fa','Foundation'),('N3-83-l1','#0af4a1','Concealer'),('N3-83-v1','#5e7148','Contour'),('N3-83-z1','#20e2bd','Concealer'),('N3-93-e1','#a780ff','Foundation'),('N3-93-p1','#2b4f7b','Contour'),('N3-93-x1','#28c352','Concealer'),('N3-93-z1','#63801e','Blush'),('O3-13-m1','#b3b93d','Contour'),('O3-13-p1','#2b0303','Contour'),('O3-13-r1','#f775fc','Contour'),('O3-33-l1','#7eba4d','Contour'),('O3-33-r1','#6bca5a','Bronzer'),('O3-33-v1','#a488dc','Foundation'),('O3-43-c1','#106274','Foundation'),('O3-43-d1','#af611e','Blush'),('O3-43-n1','#54ba1a','Bronzer'),('O3-63-e1','#4fd0ab','Contour'),('O3-63-r1','#eb296d','Concealer'),('O3-63-w1','#de6818','Foundation'),('O3-63-x1','#20a502','Concealer'),('O3-63-y1','#3f649e','Bronzer'),('O3-73-c1','#843b71','Bronzer'),('O3-83-b1','#557b8e','Concealer'),('O3-83-v1','#c2c101','Bronzer'),('O3-93-q1','#3ea39b','Concealer'),('O3-93-u1','#e85fd6','Concealer'),('O3-93-w1','#c9e1f4','Bronzer'),('P3-03-d1','#050b31','Blush'),('P3-03-n1','#1ddfc4','Bronzer'),('P3-03-s1','#1cf1f9','Blush'),('P3-33-g1','#28b743','Foundation'),('P3-33-l1','#023174','Foundation'),('P3-33-p1','#9d2190','Bronzer'),('P3-33-v1','#57fb34','Contour'),('P3-43-a1','#fb5d7b','Foundation'),('P3-43-b1','#b34153','Blush'),('P3-43-o1','#57a623','Contour'),('P3-43-s1','#00afbd','Foundation'),('P3-53-x1','#19bb54','Bronzer'),('P3-63-f1','#5a89de','Contour'),('P3-63-j1','#452caa','Foundation'),('P3-63-u1','#930af2','Concealer'),('P3-73-h1','#5871c7','Concealer'),('P3-73-k1','#699dbd','Blush'),('P3-83-c1','#79d15d','Concealer'),('P3-83-q1','#574786','Blush'),('P3-93-o1','#9aead2','Blush'),('Q3-03-b1','#c3440e','Foundation'),('Q3-13-d1','#d6aebd','Concealer'),('Q3-13-v1','#6d5f96','Concealer'),('Q3-23-y1','#642f0c','Contour'),('Q3-43-e1','#0bca58','Contour'),('Q3-43-g1','#579004','Bronzer'),('Q3-53-c1','#662319','Concealer'),('Q3-53-n1','#fb96b2','Blush'),('Q3-53-x1','#bd0d56','Concealer'),('Q3-73-a1','#85060f','Concealer'),('Q3-73-n1','#87828e','Bronzer'),('Q3-73-y1','#cf616e','Contour'),('Q3-73-z1','#8be093','Bronzer'),('Q3-83-b1','#4d29e2','Contour'),('Q3-83-r1','#1f51f4','Concealer'),('Q3-93-s1','#225322','Bronzer'),('R3-03-a1','#8b106d','Foundation'),('R3-03-n1','#40bae9','Bronzer'),('R3-03-z1','#efcf6e','Contour'),('R3-13-i1','#0f6bad','Blush'),('R3-23-j1','#52b301','Bronzer'),('R3-33-d1','#b07d46','Bronzer'),('R3-33-e1','#abb679','Contour'),('R3-33-x1','#8d0da9','Contour'),('R3-43-j1','#bce29a','Bronzer'),('R3-43-r1','#99d0bb','Contour'),('R3-73-o1','#228155','Foundation'),('R3-73-r1','#47c3fa','Bronzer'),('R3-73-u1','#9e7436','Bronzer'),('R3-83-g1','#324d81','Blush'),('R3-93-w1','#3388a1','Blush'),('S3-03-d1','#3b53c4','Blush'),('S3-03-p1','#2e7262','Bronzer'),('S3-03-s1','#7d00c0','Foundation'),('S3-13-z1','#cae1e9','Foundation'),('S3-23-n1','#51d9f5','Bronzer'),('S3-33-c1','#0ef439','Concealer'),('S3-43-u1','#931285','Foundation'),('S3-43-w1','#a67024','Concealer'),('S3-53-p1','#397a04','Foundation'),('S3-63-l1','#018c3e','Blush'),('S3-63-s1','#83e4c1','Blush'),('S3-73-j1','#9965c1','Contour'),('S3-73-n1','#f7d799','Concealer'),('S3-83-f1','#0a4cf3','Blush'),('S3-83-l1','#207871','Bronzer'),('S3-83-r1','#af0c5c','Blush'),('S3-83-s1','#1d1924','Contour'),('S3-93-k1','#8e6e1c','Foundation'),('T3-03-w1','#b19026','Bronzer'),('T3-13-v1','#907c56','Contour'),('T3-23-c1','#e9ab20','Foundation'),('T3-23-d1','#e4f578','Blush'),('T3-23-w1','#38d5bb','Foundation'),('T3-33-q1','#238f38','Contour'),('T3-33-w1','#0763e2','Blush'),('T3-53-u1','#a2b436','Concealer'),('T3-63-m1','#842306','Bronzer'),('T3-63-t1','#ff08b2','Contour'),('T3-73-f1','#35316d','Concealer'),('T3-73-x1','#f99a9a','Blush'),('T3-83-a1','#c456ba','Blush'),('T3-83-l1','#7c425d','Contour'),('T3-93-q1','#462ea9','Foundation'),('U3-03-i1','#929f16','Blush'),('U3-03-n1','#162289','Concealer'),('U3-03-p1','#e58ac0','Blush'),('U3-03-w1','#46576f','Blush'),('U3-13-d1','#aed40f','Foundation'),('U3-13-e1','#464267','Blush'),('U3-13-q1','#b9e67a','Blush'),('U3-13-x1','#688aac','Contour'),('U3-23-a1','#738a21','Concealer'),('U3-23-n1','#c47f95','Bronzer'),('U3-23-s1','#738546','Contour'),('U3-33-e1','#299c0e','Concealer'),('U3-43-z1','#4a8fc0','Foundation'),('U3-53-k1','#a0d3ae','Bronzer'),('U3-53-r1','#d402b5','Concealer'),('U3-53-u1','#7e50d2','Contour'),('U3-53-y1','#beeeea','Concealer'),('U3-63-d1','#866e27','Concealer'),('U3-63-e1','#cb50b2','Bronzer'),('U3-63-t1','#6ceb61','Bronzer'),('U3-63-z1','#878322','Foundation'),('U3-73-c1','#83f313','Concealer'),('U3-73-i1','#eb5947','Bronzer'),('U3-73-k1','#d2490a','Contour'),('U3-73-x1','#828c70','Blush'),('V3-03-j1','#380927','Foundation'),('V3-13-o1','#36fc61','Concealer'),('V3-13-t1','#a794ca','Foundation'),('V3-33-e1','#9c4009','Foundation'),('V3-33-r1','#0d3d80','Foundation'),('V3-43-c1','#139abf','Concealer'),('V3-53-k1','#70d483','Concealer'),('V3-53-u1','#8b2813','Foundation'),('V3-63-b1','#bb4d2e','Contour'),('V3-63-m1','#bfa175','Contour'),('V3-73-o1','#5c6fdf','Blush'),('V3-83-a1','#006e84','Contour'),('V3-83-l1','#b7b21f','Blush'),('V3-83-t1','#b1c4c1','Foundation'),('V3-83-u1','#9054ec','Concealer'),('V3-83-z1','#418d87','Blush'),('V3-93-a1','#1f37b5','Contour'),('V3-93-f1','#979186','Foundation'),('V3-93-h1','#322a83','Concealer'),('V3-93-k1','#dad814','Concealer'),('V3-93-o1','#736114','Blush'),('V3-93-p1','#962394','Concealer'),('W3-03-x1','#57371b','Foundation'),('W3-13-m1','#485632','Bronzer'),('W3-13-x1','#1fdc73','Concealer'),('W3-23-l1','#76bd2e','Blush'),('W3-43-s1','#0da077','Blush'),('W3-43-x1','#c69dac','Concealer'),('W3-43-z1','#0c168a','Foundation'),('W3-53-n1','#157043','Concealer'),('W3-63-j1','#369186','Foundation'),('W3-63-k1','#01a7c7','Concealer'),('W3-63-o1','#66ea0f','Foundation'),('W3-63-t1','#ccf8b3','Foundation'),('W3-63-w1','#42629f','Foundation'),('W3-73-h1','#8bc80d','Bronzer'),('W3-83-d1','#f1a730','Contour'),('W3-93-i1','#6769ec','Blush'),('X3-03-s1','#bbad0f','Foundation'),('X3-13-m1','#906bbd','Concealer'),('X3-13-y1','#7430d5','Concealer'),('X3-23-i1','#1145f3','Concealer'),('X3-33-h1','#302579','Bronzer'),('X3-33-v1','#7f644d','Blush'),('X3-43-e1','#a3f306','Foundation'),('X3-43-q1','#bbe935','Concealer'),('X3-43-s1','#be4191','Bronzer'),('X3-53-g1','#48d1ae','Blush'),('X3-53-s1','#fbfb87','Foundation'),('X3-73-l1','#a1a5a1','Concealer'),('X3-73-n1','#bd9fc9','Blush'),('X3-73-w1','#c9e869','Blush'),('X3-83-h1','#a9d82a','Bronzer'),('X3-93-h1','#b63b64','Foundation'),('X3-93-i1','#347313','Contour'),('Y3-03-i1','#bea775','Contour'),('Y3-23-l1','#3dd29a','Concealer'),('Y3-23-p1','#fe4ff0','Blush'),('Y3-43-a1','#398096','Contour'),('Y3-53-t1','#b62e24','Bronzer'),('Y3-63-d1','#53c001','Contour'),('Y3-73-a1','#1821f3','Blush'),('Y3-73-u1','#d227ba','Contour'),('Y3-73-v1','#ad2d36','Contour'),('Y3-83-b1','#32d3c9','Foundation'),('Y3-93-c1','#b1657f','Concealer'),('Y3-93-k1','#8dc2c7','Blush'),('Y3-93-p1','#1ce6d7','Bronzer'),('Z3-03-h1','#d1a056','Foundation'),('Z3-03-s1','#6f4960','Contour'),('Z3-03-x1','#ed6a5e','Foundation'),('Z3-13-r1','#796aee','Concealer'),('Z3-23-z1','#1c3314','Blush'),('Z3-33-e1','#330a24','Blush'),('Z3-33-g1','#1cda63','Blush'),('Z3-33-p1','#60fb6f','Bronzer'),('Z3-43-r1','#0f9fd0','Contour'),('Z3-53-o1','#85560b','Concealer'),('Z3-63-a1','#52f1d9','Foundation'),('Z3-63-m1','#831604','Bronzer'),('Z3-63-w1','#ce40db','Blush'),('Z3-63-x1','#497cf9','Foundation'),('Z3-73-p1','#f25e8a','Bronzer'),('Z3-83-s1','#3d54d2','Concealer');
/*!40000 ALTER TABLE `products` ENABLE KEYS */;
UNLOCK TABLES;
/*!40103 SET TIME_ZONE=@OLD_TIME_ZONE */;

/*!40101 SET SQL_MODE=@OLD_SQL_MODE */;
/*!40014 SET FOREIGN_KEY_CHECKS=@OLD_FOREIGN_KEY_CHECKS */;
/*!40014 SET UNIQUE_CHECKS=@OLD_UNIQUE_CHECKS */;
/*!40101 SET CHARACTER_SET_CLIENT=@OLD_CHARACTER_SET_CLIENT */;
/*!40101 SET CHARACTER_SET_RESULTS=@OLD_CHARACTER_SET_RESULTS */;
/*!40101 SET COLLATION_CONNECTION=@OLD_COLLATION_CONNECTION */;
/*!40111 SET SQL_NOTES=@OLD_SQL_NOTES */;

/*!40101 SET @OLD_CHARACTER_SET_CLIENT=@@CHARACTER_SET_CLIENT */;
/*!40101 SET @OLD_CHARACTER_SET_RESULTS=@@CHARACTER_SET_RESULTS */;
/*!40101 SET @OLD_COLLATION_CONNECTION=@@COLLATION_CONNECTION */;
/*!50503 SET NAMES utf8 */;
/*!40103 SET @OLD_TIME_ZONE=@@TIME_ZONE */;
/*!40103 SET TIME_ZONE='+00:00' */;
/*!40014 SET @OLD_UNIQUE_CHECKS=@@UNIQUE_CHECKS, UNIQUE_CHECKS=0 */;
/*!40014 SET @OLD_FOREIGN_KEY_CHECKS=@@FOREIGN_KEY_CHECKS, FOREIGN_KEY_CHECKS=0 */;
/*!40101 SET @OLD_SQL_MODE=@@SQL_MODE, SQL_MODE='NO_AUTO_VALUE_ON_ZERO' */;
/*!40111 SET @OLD_SQL_NOTES=@@SQL_NOTES, SQL_NOTES=0 */;

--
-- Table structure for table `productline`
--

DROP TABLE IF EXISTS `productline`;
/*!40101 SET @saved_cs_client     = @@character_set_client */;
/*!50503 SET character_set_client = utf8mb4 */;
CREATE TABLE `productline` (
  `Productline_id` int NOT NULL,
  `colorId` varchar(15) NOT NULL,
  `toneBucket` varchar(40) DEFAULT NULL,
  `underTone` varchar(30) DEFAULT NULL,
  `amtBlue` decimal(18,10) DEFAULT NULL,
  `amtRed` decimal(18,10) DEFAULT NULL,
  `amtYellow` decimal(18,10) DEFAULT NULL,
  `amtBlack` decimal(18,10) DEFAULT NULL,
  PRIMARY KEY (`Productline_id`,`colorId`),
  KEY `colorId_idx` (`colorId`)
) ENGINE=InnoDB DEFAULT CHARSET=utf8mb4 COLLATE=utf8mb4_0900_ai_ci;
/*!40101 SET character_set_client = @saved_cs_client */;

--
-- Dumping data for table `productline`
--

LOCK TABLES `productline` WRITE;
/*!40000 ALTER TABLE `productline` DISABLE KEYS */;
INSERT INTO `productline` VALUES (1,'#a84f68','Fair','Warm',0.0001000000,0.2854000000,0.9706000000,0.8407000000),(2,'#9aead2','Deep','Warm',0.4921000000,0.0291000000,0.4736000000,0.6249000000),(3,'#0a23f0','Medium','Neutral',0.8758000000,0.0857000000,0.0764000000,0.9030000000),(4,'#4fd0ab','Fair','Cool',0.7455000000,0.6479000000,0.7843000000,0.3686000000),(5,'#aa60b4','Medium','Cool',0.0577000000,0.8912000000,0.8392000000,0.7698000000),(6,'#862c80','Deep','Neutral',0.8763000000,0.4146000000,0.0076000000,0.4436000000),(7,'#bbad0f','Medium','Warm',0.9458000000,0.2211000000,0.0634000000,0.9026000000),(8,'#a1e87e','Fair','Cool',0.1799000000,0.5437000000,0.2238000000,0.2842000000),(9,'#a3f306','Medium','Neutral',0.5115000000,0.5007000000,0.6086000000,0.4264000000),(10,'#f7d799','Deep','Neutral',0.2361000000,0.9216000000,0.9043000000,0.7540000000),(11,'#51beca','Fair','Warm',0.1737000000,0.0111000000,0.2698000000,0.0364000000),(12,'#20adfa','Medium','Neutral',0.4415000000,0.4866000000,0.7189000000,0.0340000000),(13,'#397a04','Deep','Cool',0.5100000000,0.9721000000,0.5984000000,0.0463000000),(14,'#d96ed6','Medium','Cool',0.8795000000,0.4946000000,0.6164000000,0.9887000000),(15,'#51d9f5','Deep','Warm',0.9626000000,0.0146000000,0.4944000000,0.1897000000),(16,'#42ac9d','Deep','Neutral',0.5837000000,0.6224000000,0.1382000000,0.2390000000),(17,'#cc299d','Medium','Neutral',0.8204000000,0.1878000000,0.9943000000,0.4216000000),(18,'#4933a2','Deep','Cool',0.4341000000,0.3130000000,0.3439000000,0.8224000000),(19,'#9d1342','Deep','Warm',0.2433000000,0.9517000000,0.6318000000,0.2969000000),(20,'#8dc2c7','Deep','Warm',0.2250000000,0.1121000000,0.2107000000,0.1472000000),(21,'#738546','Deep','Warm',0.0043000000,0.0520000000,0.2117000000,0.5843000000),(22,'#688aac','Fair','Neutral',0.7829000000,0.5429000000,0.8005000000,0.0855000000),(23,'#cb50b2','Deep','Warm',0.3594000000,0.2683000000,0.8642000000,0.8109000000),(24,'#8e6e1c','Deep','Warm',0.0205000000,0.5827000000,0.6265000000,0.0257000000),(25,'#32d3c9','Medium','Neutral',0.7944000000,0.8518000000,0.8989000000,0.3567000000),(26,'#83f313','Fair','Cool',0.1316000000,0.7353000000,0.6435000000,0.7189000000),(27,'#704a73','Deep','Warm',0.3256000000,0.6691000000,0.0750000000,0.0121000000),(28,'#3b53c4','Medium','Warm',0.5358000000,0.1271000000,0.4111000000,0.1125000000),(29,'#929f16','Fair','Warm',0.2090000000,0.9450000000,0.6043000000,0.6547000000),(30,'#5ff818','Medium','Neutral',0.2717000000,0.7088000000,0.3288000000,0.0696000000),(31,'#cca625','Deep','Cool',0.1308000000,0.0541000000,0.8553000000,0.6790000000),(32,'#19bb54','Medium','Warm',0.0257000000,0.8494000000,0.7052000000,0.8325000000),(33,'#4d29e2','Medium','Neutral',0.3301000000,0.0188000000,0.7497000000,0.6346000000),(34,'#3d54d2','Deep','Neutral',0.9957000000,0.9717000000,0.7723000000,0.8438000000),(35,'#462ea9','Fair','Neutral',0.7910000000,0.3576000000,0.5826000000,0.2008000000),(36,'#2ddab7','Deep','Warm',0.8498000000,0.7339000000,0.7062000000,0.8095000000),(37,'#1cf1f9','Fair','Warm',0.1635000000,0.0397000000,0.3765000000,0.7822000000),(38,'#ddcd9c','Fair','Cool',0.1831000000,0.8371000000,0.4324000000,0.8911000000),(39,'#f4ea64','Deep','Neutral',0.6865000000,0.4842000000,0.9865000000,0.2784000000),(40,'#a794ca','Medium','Warm',0.5655000000,0.3643000000,0.3084000000,0.5702000000),(41,'#20bb24','Medium','Warm',0.2605000000,0.0944000000,0.2854000000,0.6951000000),(42,'#86c3f2','Medium','Neutral',0.1084000000,0.2150000000,0.7033000000,0.5113000000),(43,'#5c6fdf','Fair','Warm',0.3565000000,0.2232000000,0.0535000000,0.1024000000),(44,'#557b8e','Fair','Neutral',0.7307000000,0.8106000000,0.7895000000,0.6506000000),(45,'#90e4d1','Fair','Neutral',0.1261000000,0.6685000000,0.2329000000,0.8338000000),(46,'#aa0192','Fair','Neutral',0.1994000000,0.8588000000,0.9936000000,0.6608000000),(47,'#485632','Fair','Cool',0.4281000000,0.0056000000,0.0444000000,0.4104000000),(48,'#c2c101','Deep','Warm',0.2757000000,0.9302000000,0.1066000000,0.4121000000),(49,'#44c898','Deep','Warm',0.9106000000,0.4935000000,0.3422000000,0.5221000000),(50,'#d227ba','Fair','Neutral',0.4372000000,0.5256000000,0.5045000000,0.2667000000),(51,'#f67f26','Deep','Neutral',0.3176000000,0.1789000000,0.0329000000,0.5902000000),(52,'#c9e869','Medium','Cool',0.9578000000,0.0283000000,0.1687000000,0.2339000000),(53,'#3f649e','Deep','Cool',0.0862000000,0.3481000000,0.6293000000,0.1371000000),(54,'#6179d4','Fair','Warm',0.6817000000,0.7943000000,0.9850000000,0.5465000000),(55,'#a89504','Medium','Neutral',0.8315000000,0.2742000000,0.1308000000,0.9269000000),(56,'#7377ca','Medium','Cool',0.1145000000,0.4463000000,0.1893000000,0.1191000000),(57,'#b19026','Medium','Warm',0.3319000000,0.5584000000,0.8358000000,0.3712000000),(58,'#99cadf','Deep','Neutral',0.2392000000,0.3859000000,0.7398000000,0.7475000000),(59,'#e675a8','Medium','Warm',0.6521000000,0.4316000000,0.9469000000,0.7657000000),(60,'#50d02b','Deep','Cool',0.4867000000,0.0566000000,0.6794000000,0.9958000000),(61,'#1f51f4','Deep','Warm',0.0780000000,0.1926000000,0.5266000000,0.5808000000),(62,'#d6963e','Medium','Cool',0.9226000000,0.8294000000,0.3715000000,0.1034000000),(63,'#7eebbd','Medium','Neutral',0.8808000000,0.3591000000,0.0466000000,0.0147000000),(64,'#f75398','Fair','Neutral',0.5582000000,0.4585000000,0.4095000000,0.0347000000),(65,'#8d5eab','Deep','Neutral',0.5200000000,0.7030000000,0.5094000000,0.1645000000),(66,'#cae1e9','Deep','Warm',0.2134000000,0.5218000000,0.3060000000,0.0604000000),(67,'#1fdc73','Fair','Warm',0.7442000000,0.3570000000,0.5930000000,0.5419000000),(68,'#b90723','Deep','Neutral',0.4311000000,0.3828000000,0.4811000000,0.3655000000),(69,'#e1760f','Fair','Neutral',0.0067000000,0.8435000000,0.3077000000,0.2389000000),(70,'#0a7dd2','Medium','Cool',0.9744000000,0.0693000000,0.4374000000,0.1335000000),(71,'#4f83ff','Deep','Warm',0.4624000000,0.0873000000,0.8425000000,0.5824000000),(72,'#ac0afe','Fair','Neutral',0.3602000000,0.5845000000,0.0804000000,0.6226000000),(73,'#ab1d95','Medium','Warm',0.0431000000,0.9534000000,0.0838000000,0.0745000000),(74,'#b3d685','Fair','Cool',0.5318000000,0.2740000000,0.0141000000,0.4774000000),(75,'#f99a9a','Medium','Warm',0.8470000000,0.6979000000,0.2117000000,0.2311000000),(76,'#bbe935','Medium','Warm',0.1387000000,0.7354000000,0.9165000000,0.3082000000),(77,'#c07e92','Deep','Neutral',0.6546000000,0.5859000000,0.2439000000,0.2640000000),(78,'#53c983','Fair','Neutral',0.6851000000,0.6468000000,0.8256000000,0.5968000000),(79,'#536c4c','Fair','Cool',0.3826000000,0.7526000000,0.9826000000,0.0883000000),(80,'#822baa','Medium','Cool',0.5395000000,0.7011000000,0.5212000000,0.1381000000),(81,'#e2dbf5','Medium','Neutral',0.2095000000,0.5921000000,0.2174000000,0.6346000000),(82,'#e04528','Deep','Warm',0.0609000000,0.0918000000,0.8550000000,0.1104000000),(83,'#d9f08c','Fair','Neutral',0.0189000000,0.3408000000,0.6810000000,0.9824000000),(84,'#28c352','Deep','Cool',0.0064000000,0.7665000000,0.8092000000,0.9894000000),(85,'#79d15d','Fair','Cool',0.7321000000,0.2787000000,0.3655000000,0.9153000000),(86,'#28b743','Deep','Warm',0.9165000000,0.4878000000,0.8084000000,0.8435000000),(87,'#2e7262','Medium','Warm',0.8468000000,0.4958000000,0.7543000000,0.4227000000),(88,'#20e2bd','Deep','Cool',0.7465000000,0.1106000000,0.9485000000,0.9257000000),(89,'#d1a056','Deep','Cool',0.3378000000,0.1969000000,0.9971000000,0.0671000000),(90,'#4bce33','Deep','Neutral',0.5379000000,0.2647000000,0.7547000000,0.0514000000),(91,'#a4c8d4','Medium','Warm',0.7865000000,0.8393000000,0.3544000000,0.1309000000),(92,'#fb2d80','Medium','Neutral',0.5976000000,0.6140000000,0.2255000000,0.6859000000),(93,'#50d4ec','Medium','Neutral',0.1511000000,0.2964000000,0.4961000000,0.8052000000),(94,'#07a9e6','Fair','Cool',0.5279000000,0.8617000000,0.6823000000,0.5111000000),(95,'#d402b5','Medium','Warm',0.9741000000,0.4792000000,0.3231000000,0.3374000000),(96,'#47c3fa','Deep','Warm',0.2396000000,0.0279000000,0.3063000000,0.2218000000),(97,'#a9de79','Medium','Warm',0.4036000000,0.8743000000,0.6207000000,0.5380000000),(98,'#69c024','Fair','Neutral',0.6204000000,0.7952000000,0.5366000000,0.6852000000),(99,'#fec00e','Medium','Cool',0.0778000000,0.8640000000,0.8263000000,0.1719000000),(100,'#228155','Deep','Warm',0.1409000000,0.7526000000,0.3718000000,0.1982000000),(101,'#3dd29a','Fair','Cool',0.8226000000,0.3263000000,0.4482000000,0.7619000000),(102,'#e9ab20','Deep','Cool',0.7810000000,0.1808000000,0.4184000000,0.5264000000),(103,'#cec8c4','Medium','Warm',0.4976000000,0.7810000000,0.6194000000,0.5396000000),(104,'#f40f4e','Fair','Cool',0.1558000000,0.3455000000,0.6599000000,0.5817000000),(105,'#7bef6b','Fair','Warm',0.8486000000,0.1083000000,0.9543000000,0.8514000000),(106,'#4eba2c','Fair','Cool',0.1165000000,0.3961000000,0.9677000000,0.8733000000),(107,'#2f9074','Medium','Cool',0.7348000000,0.8128000000,0.4853000000,0.2501000000),(108,'#9d4b9d','Fair','Warm',0.6739000000,0.9678000000,0.5754000000,0.6200000000),(109,'#ceb2f9','Deep','Warm',0.2857000000,0.4501000000,0.8327000000,0.2146000000),(110,'#ff08b2','Medium','Warm',0.1491000000,0.7768000000,0.5042000000,0.0846000000),(111,'#56310b','Deep','Cool',0.5382000000,0.3539000000,0.7249000000,0.5189000000),(112,'#452caa','Fair','Cool',0.0674000000,0.8669000000,0.6907000000,0.7614000000),(113,'#da4d71','Deep','Neutral',0.7019000000,0.7310000000,0.8974000000,0.6016000000),(114,'#3ea39b','Fair','Warm',0.6308000000,0.7232000000,0.6616000000,0.0929000000),(115,'#796aee','Fair','Neutral',0.0674000000,0.4779000000,0.6367000000,0.2948000000),(116,'#e58ac0','Medium','Warm',0.9929000000,0.0837000000,0.2681000000,0.4401000000),(117,'#842306','Deep','Cool',0.8348000000,0.5517000000,0.0640000000,0.9246000000),(118,'#57fb34','Medium','Neutral',0.2331000000,0.5109000000,0.4151000000,0.7773000000),(119,'#0e5879','Medium','Neutral',0.8969000000,0.1047000000,0.1348000000,0.1570000000),(120,'#450ce2','Fair','Cool',0.1107000000,0.0906000000,0.8455000000,0.0115000000),(121,'#322a83','Fair','Neutral',0.9089000000,0.8167000000,0.5222000000,0.0634000000),(122,'#0af4a1','Fair','Warm',0.0930000000,0.8198000000,0.7228000000,0.7386000000),(123,'#fb96b2','Medium','Warm',0.1277000000,0.6010000000,0.7050000000,0.2781000000),(124,'#f4bce6','Deep','Cool',0.4877000000,0.8335000000,0.2658000000,0.4704000000),(125,'#a83f1a','Deep','Warm',0.0044000000,0.1541000000,0.1227000000,0.5085000000),(126,'#139abf','Deep','Warm',0.8045000000,0.3478000000,0.5923000000,0.5926000000),(127,'#8d0da9','Fair','Warm',0.8992000000,0.7612000000,0.7165000000,0.5018000000),(128,'#eb296d','Deep','Neutral',0.4229000000,0.3233000000,0.9184000000,0.8635000000),(129,'#4b3f23','Medium','Neutral',0.8918000000,0.7275000000,0.5152000000,0.2761000000),(130,'#162289','Medium','Cool',0.2522000000,0.3363000000,0.7000000000,0.4627000000),(131,'#01a7c7','Medium','Neutral',0.3762000000,0.3863000000,0.0192000000,0.0195000000),(132,'#64819f','Fair','Cool',0.7246000000,0.6292000000,0.6754000000,0.1321000000),(133,'#60fb6f','Deep','Cool',0.4031000000,0.4898000000,0.0708000000,0.5291000000),(134,'#8b4846','Medium','Warm',0.5152000000,0.8525000000,0.8959000000,0.3130000000),(135,'#bfbc86','Medium','Cool',0.8796000000,0.4216000000,0.7132000000,0.5182000000),(136,'#cd321e','Medium','Warm',0.6312000000,0.1625000000,0.9020000000,0.8019000000),(137,'#238f38','Fair','Neutral',0.0018000000,0.9715000000,0.8112000000,0.6377000000),(138,'#77f37f','Medium','Neutral',0.0325000000,0.7031000000,0.4900000000,0.6431000000),(139,'#ff2539','Medium','Neutral',0.1965000000,0.5913000000,0.4530000000,0.7037000000),(140,'#1ce99a','Fair','Neutral',0.2202000000,0.3925000000,0.7650000000,0.6431000000),(141,'#12e84e','Medium','Neutral',0.7145000000,0.9741000000,0.1041000000,0.7546000000),(142,'#91256b','Medium','Warm',0.0101000000,0.6656000000,0.6644000000,0.8288000000),(143,'#5e7148','Medium','Cool',0.2798000000,0.3708000000,0.4070000000,0.4028000000),(144,'#398096','Deep','Cool',0.1014000000,0.3515000000,0.7137000000,0.6586000000),(145,'#54ba1a','Medium','Warm',0.3049000000,0.0485000000,0.7059000000,0.7419000000),(146,'#1f37b5','Deep','Neutral',0.9571000000,0.2313000000,0.1137000000,0.7722000000),(147,'#ad26a5','Deep','Warm',0.6507000000,0.2014000000,0.5681000000,0.3361000000),(148,'#5a5009','Deep','Neutral',0.5555000000,0.8881000000,0.3698000000,0.4367000000),(149,'#e60f86','Deep','Warm',0.8094000000,0.3950000000,0.7217000000,0.7796000000),(150,'#fbfb87','Medium','Cool',0.9413000000,0.5774000000,0.6559000000,0.4008000000),(151,'#95841a','Medium','Cool',0.9132000000,0.1415000000,0.5777000000,0.1358000000),(152,'#43b7cf','Deep','Cool',0.3585000000,0.3564000000,0.6831000000,0.1584000000),(153,'#619c2a','Deep','Cool',0.0297000000,0.2962000000,0.6031000000,0.7174000000),(154,'#4cd52d','Deep','Warm',0.7589000000,0.1316000000,0.8706000000,0.3675000000),(155,'#0dc9f1','Fair','Cool',0.5716000000,0.3835000000,0.9226000000,0.5841000000),(156,'#c048b9','Medium','Cool',0.3275000000,0.2627000000,0.7030000000,0.1701000000),(157,'#930af2','Deep','Warm',0.7361000000,0.8723000000,0.6616000000,0.6979000000),(158,'#10d4e0','Medium','Neutral',0.8629000000,0.2820000000,0.8495000000,0.7186000000),(159,'#b3b93d','Deep','Warm',0.5868000000,0.0077000000,0.3890000000,0.7380000000),(160,'#e7e9b1','Deep','Warm',0.5309000000,0.9160000000,0.3993000000,0.8182000000),(161,'#9965c1','Fair','Neutral',0.1563000000,0.5527000000,0.3977000000,0.7139000000),(162,'#f17af4','Fair','Warm',0.7467000000,0.9731000000,0.1467000000,0.3711000000),(163,'#cea288','Fair','Cool',0.7871000000,0.0395000000,0.4037000000,0.0012000000),(164,'#90823b','Medium','Neutral',0.2066000000,0.8354000000,0.2395000000,0.7773000000),(165,'#906bbd','Fair','Warm',0.0192000000,0.2461000000,0.8325000000,0.2143000000),(166,'#5e5814','Deep','Neutral',0.6220000000,0.4721000000,0.7787000000,0.7131000000),(167,'#736114','Deep','Warm',0.1673000000,0.2448000000,0.3343000000,0.9864000000),(168,'#0ef439','Fair','Warm',0.6491000000,0.0535000000,0.0828000000,0.5015000000),(169,'#bd9fc9','Fair','Neutral',0.9440000000,0.7157000000,0.4060000000,0.2658000000),(170,'#9a2745','Deep','Cool',0.1278000000,0.6109000000,0.8290000000,0.0788000000),(171,'#6a8502','Medium','Neutral',0.5221000000,0.6978000000,0.1788000000,0.4532000000),(172,'#d2490a','Deep','Cool',0.3410000000,0.8008000000,0.5595000000,0.2796000000),(173,'#398dc4','Deep','Warm',0.1454000000,0.9571000000,0.8995000000,0.9731000000),(174,'#b63b64','Fair','Neutral',0.1787000000,0.7106000000,0.5562000000,0.2187000000),(175,'#00319c','Fair','Cool',0.0658000000,0.3234000000,0.1613000000,0.9688000000),(176,'#a488dc','Deep','Cool',0.8124000000,0.9654000000,0.2516000000,0.1830000000),(177,'#3593f5','Deep','Neutral',0.4228000000,0.0919000000,0.5924000000,0.3584000000),(178,'#dad814','Fair','Neutral',0.4881000000,0.2118000000,0.4165000000,0.8589000000),(179,'#642f0c','Medium','Warm',0.4703000000,0.9576000000,0.0083000000,0.1909000000),(180,'#7ae899','Medium','Warm',0.7412000000,0.1816000000,0.4783000000,0.2784000000),(181,'#023174','Deep','Neutral',0.3730000000,0.9238000000,0.5008000000,0.5185000000),(182,'#574786','Deep','Cool',0.1681000000,0.8672000000,0.0968000000,0.7737000000),(183,'#9d130f','Fair','Cool',0.6130000000,0.8973000000,0.6059000000,0.6209000000),(184,'#1145f3','Medium','Warm',0.3935000000,0.7493000000,0.7707000000,0.1651000000),(185,'#0afd68','Deep','Neutral',0.3487000000,0.8759000000,0.3793000000,0.2252000000),(186,'#828c70','Fair','Neutral',0.3179000000,0.9121000000,0.8948000000,0.6051000000),(187,'#cd3e47','Medium','Warm',0.9958000000,0.6834000000,0.6438000000,0.1917000000),(188,'#7c425d','Fair','Warm',0.7350000000,0.1938000000,0.1170000000,0.0351000000),(189,'#03a630','Fair','Warm',0.2914000000,0.4147000000,0.3768000000,0.0539000000),(190,'#79169a','Fair','Cool',0.9955000000,0.2901000000,0.3068000000,0.4033000000),(191,'#85560b','Deep','Cool',0.8410000000,0.0963000000,0.0339000000,0.3612000000),(192,'#294959','Fair','Warm',0.3588000000,0.3213000000,0.7437000000,0.2155000000),(193,'#a06bf8','Medium','Cool',0.5121000000,0.8453000000,0.6703000000,0.0458000000),(194,'#57a623','Deep','Neutral',0.9258000000,0.4336000000,0.6480000000,0.8802000000),(195,'#c456ba','Deep','Cool',0.1347000000,0.5828000000,0.6710000000,0.0440000000),(196,'#3f2a30','Medium','Neutral',0.5646000000,0.5033000000,0.7883000000,0.0204000000),(197,'#f52fa1','Fair','Neutral',0.2050000000,0.8667000000,0.0296000000,0.9699000000),(198,'#d52c42','Medium','Neutral',0.9492000000,0.5497000000,0.6683000000,0.5831000000),(199,'#23a9eb','Deep','Neutral',0.8570000000,0.8243000000,0.5090000000,0.8723000000),(200,'#61ec5b','Fair','Cool',0.0601000000,0.3086000000,0.8967000000,0.4242000000),(201,'#866e27','Medium','Cool',0.4060000000,0.2969000000,0.3671000000,0.3805000000),(202,'#464267','Deep','Warm',0.4044000000,0.7575000000,0.6729000000,0.0307000000),(203,'#6749aa','Fair','Neutral',0.1240000000,0.2660000000,0.8192000000,0.0675000000),(204,'#1c9bec','Fair','Warm',0.0172000000,0.9884000000,0.1862000000,0.2010000000),(205,'#712463','Deep','Neutral',0.2761000000,0.8536000000,0.3088000000,0.7952000000),(206,'#40bae9','Fair','Neutral',0.2231000000,0.6498000000,0.7332000000,0.3767000000),(207,'#878322','Medium','Cool',0.3370000000,0.9268000000,0.9732000000,0.3543000000),(208,'#69cb8a','Fair','Cool',0.3444000000,0.7661000000,0.3187000000,0.0962000000),(209,'#9944db','Fair','Cool',0.5009000000,0.2677000000,0.7981000000,0.3209000000),(210,'#a488fa','Medium','Neutral',0.7527000000,0.6908000000,0.3092000000,0.4069000000),(211,'#42629f','Fair','Cool',0.2480000000,0.8619000000,0.0814000000,0.5853000000),(212,'#5a89de','Medium','Warm',0.8250000000,0.4458000000,0.6295000000,0.6920000000),(213,'#efef60','Medium','Neutral',0.7519000000,0.6221000000,0.2845000000,0.9375000000),(214,'#6f909b','Deep','Cool',0.6429000000,0.9882000000,0.0885000000,0.6032000000),(215,'#207871','Fair','Cool',0.3956000000,0.1220000000,0.7602000000,0.4006000000),(216,'#edc44e','Medium','Warm',0.6772000000,0.9564000000,0.6525000000,0.7921000000),(217,'#abb679','Medium','Neutral',0.6960000000,0.8510000000,0.7616000000,0.0178000000),(218,'#0bca58','Deep','Warm',0.6222000000,0.4099000000,0.5032000000,0.6493000000),(219,'#6b9d1f','Fair','Neutral',0.5069000000,0.5277000000,0.7340000000,0.4475000000),(220,'#47a5be','Medium','Neutral',0.8581000000,0.5925000000,0.7631000000,1.0000000000),(221,'#68191a','Deep','Warm',0.9519000000,0.6251000000,0.7457000000,0.6458000000),(222,'#0f9fd0','Fair','Neutral',0.5408000000,0.1721000000,0.0748000000,0.9166000000),(223,'#36fc61','Medium','Cool',0.2858000000,0.0087000000,0.3883000000,0.3909000000),(224,'#49b4e8','Fair','Neutral',0.9707000000,0.1422000000,0.0477000000,0.6102000000),(225,'#895b02','Deep','Cool',0.0066000000,0.5252000000,0.5924000000,0.6868000000),(226,'#bce29a','Deep','Neutral',0.1541000000,0.0401000000,0.7358000000,0.8130000000),(227,'#299c0e','Deep','Neutral',0.0889000000,0.5013000000,0.0616000000,0.6432000000),(228,'#a67024','Medium','Warm',0.5490000000,0.4049000000,0.9184000000,0.9698000000),(229,'#49c0f1','Deep','Warm',0.9313000000,0.2958000000,0.0273000000,0.6279000000),(230,'#91806e','Fair','Cool',0.8956000000,0.1313000000,0.3601000000,0.2286000000),(231,'#9e25e5','Fair','Neutral',0.5761000000,0.7522000000,0.5280000000,0.3951000000),(232,'#9054ec','Deep','Cool',0.1413000000,0.1930000000,0.4313000000,0.1938000000),(233,'#1bede8','Deep','Cool',0.5930000000,0.5106000000,0.8931000000,0.1407000000),(234,'#70d483','Deep','Neutral',0.1643000000,0.9075000000,0.2870000000,0.6786000000),(235,'#b4be2b','Medium','Warm',0.5499000000,0.7546000000,0.4705000000,0.8660000000),(236,'#8b2813','Fair','Cool',0.7212000000,0.2310000000,0.2304000000,0.7541000000),(237,'#0da077','Deep','Warm',0.1989000000,0.2702000000,0.7893000000,0.3975000000),(238,'#35316d','Deep','Neutral',0.4787000000,0.6048000000,0.3214000000,0.1905000000),(239,'#9e7436','Deep','Warm',0.7452000000,0.9082000000,0.8294000000,0.6447000000),(240,'#c3d81c','Medium','Cool',0.3677000000,0.1556000000,0.9828000000,0.7840000000),(241,'#962394','Fair','Cool',0.9782000000,0.0338000000,0.7891000000,0.6526000000),(242,'#af611e','Fair','Warm',0.1666000000,0.6172000000,0.0159000000,0.4047000000),(243,'#b3b11a','Medium','Neutral',0.9325000000,0.7888000000,0.9221000000,0.4830000000),(244,'#efcf6e','Deep','Cool',0.6316000000,0.2716000000,0.1595000000,0.4845000000),(245,'#1ce6d7','Deep','Neutral',0.9894000000,0.6231000000,0.6458000000,0.1198000000),(246,'#1d1924','Medium','Cool',0.8029000000,0.7244000000,0.6391000000,0.4354000000),(247,'#53c001','Deep','Warm',0.9412000000,0.7877000000,0.7857000000,0.0837000000),(248,'#a52495','Fair','Cool',0.8212000000,0.7723000000,0.0798000000,0.9572000000),(249,'#bb2668','Fair','Neutral',0.4994000000,0.6761000000,0.0116000000,0.6492000000),(250,'#1ddfc4','Medium','Neutral',0.1158000000,0.3060000000,0.2757000000,0.3973000000),(251,'#2b4f7b','Deep','Warm',0.1899000000,0.9067000000,0.7252000000,0.4545000000),(252,'#0f6bad','Fair','Neutral',0.3553000000,0.8910000000,0.5951000000,0.8766000000),(253,'#579004','Medium','Warm',0.5148000000,0.0850000000,0.7091000000,0.1284000000),(254,'#8b106d','Deep','Warm',0.6733000000,0.6501000000,0.5541000000,0.7794000000),(255,'#f1a730','Medium','Cool',0.0234000000,0.4688000000,0.7538000000,0.2390000000),(256,'#bcaa4c','Deep','Neutral',0.8923000000,0.8058000000,0.6188000000,0.4730000000),(257,'#9c4009','Fair','Neutral',0.8301000000,0.3467000000,0.6541000000,0.0340000000),(258,'#380927','Medium','Cool',0.6571000000,0.2370000000,0.6148000000,0.1695000000),(259,'#0d3d80','Fair','Cool',0.7109000000,0.1739000000,0.2265000000,0.3594000000),(260,'#050b31','Fair','Neutral',0.6451000000,0.7785000000,0.5517000000,0.6923000000),(261,'#a712f7','Fair','Cool',0.5238000000,0.6521000000,0.2979000000,0.8491000000),(262,'#0cd90c','Fair','Cool',0.9005000000,0.7514000000,0.0104000000,0.4986000000),(263,'#0d1bfb','Deep','Warm',0.7801000000,0.5027000000,0.8920000000,0.1610000000),(264,'#0b833e','Fair','Cool',0.4460000000,0.8615000000,0.1982000000,0.0694000000),(265,'#da3f2f','Deep','Cool',0.6164000000,0.6855000000,0.8694000000,0.1982000000),(266,'#464421','Fair','Warm',0.2449000000,0.8105000000,0.7539000000,0.6111000000),(267,'#de6818','Medium','Neutral',0.1223000000,0.0683000000,0.7624000000,0.8240000000),(268,'#8be093','Medium','Warm',0.6352000000,0.1469000000,0.1369000000,0.6877000000),(269,'#831604','Medium','Neutral',0.3118000000,0.7678000000,0.6459000000,0.3965000000),(270,'#558dd8','Fair','Warm',0.1516000000,0.8125000000,0.3071000000,0.1226000000),(271,'#7e50d2','Fair','Neutral',0.9576000000,0.3094000000,0.6826000000,0.2135000000),(272,'#8fb715','Fair','Neutral',0.1166000000,0.5465000000,0.3827000000,0.9582000000),(273,'#909a0a','Deep','Neutral',0.1094000000,0.8790000000,0.2783000000,0.5974000000),(274,'#51b2ae','Fair','Cool',0.5936000000,0.2337000000,0.4001000000,0.9941000000),(275,'#018c3e','Deep','Cool',0.6380000000,0.4862000000,0.2573000000,0.0621000000),(276,'#2a551e','Deep','Neutral',0.6672000000,0.7049000000,0.1086000000,0.6426000000),(277,'#0a4cf3','Medium','Cool',0.9945000000,0.0185000000,0.9296000000,0.5337000000),(278,'#497cf9','Fair','Neutral',0.7167000000,0.0990000000,0.6274000000,0.0050000000),(279,'#017c43','Deep','Neutral',0.6746000000,0.3722000000,0.4282000000,0.7088000000),(280,'#b2a8d4','Fair','Neutral',0.9833000000,0.3171000000,0.8041000000,0.0052000000),(281,'#6d5f96','Deep','Warm',0.8459000000,0.6170000000,0.6609000000,0.5397000000),(282,'#f1cd71','Fair','Warm',0.1715000000,0.0155000000,0.7475000000,0.9040000000),(283,'#7df952','Deep','Warm',0.0908000000,0.0174000000,0.2572000000,0.0128000000),(284,'#3c275b','Deep','Neutral',0.3617000000,0.8021000000,0.9542000000,0.3561000000),(285,'#662319','Fair','Neutral',0.6400000000,0.5215000000,0.0406000000,0.0712000000),(286,'#e1df97','Fair','Warm',0.7518000000,0.2952000000,0.4400000000,0.5624000000),(287,'#247a4e','Deep','Warm',0.2501000000,0.1514000000,0.9835000000,0.7685000000),(288,'#e91bb8','Medium','Neutral',0.1546000000,0.2377000000,0.5188000000,0.1334000000),(289,'#6bfb49','Fair','Neutral',0.7667000000,0.9102000000,0.3994000000,0.3750000000),(290,'#8b1f80','Fair','Neutral',0.3254000000,0.0035000000,0.2930000000,0.5357000000),(291,'#9ae7b4','Deep','Warm',0.2206000000,0.1790000000,0.9957000000,0.4166000000),(292,'#6ceb61','Deep','Cool',0.3411000000,0.6880000000,0.6827000000,0.1580000000),(293,'#9d8f7f','Deep','Cool',0.7654000000,0.4755000000,0.6823000000,0.9078000000),(294,'#907c56','Medium','Warm',0.2852000000,0.2540000000,0.6374000000,0.4337000000),(295,'#f4e760','Fair','Cool',0.1476000000,0.0138000000,0.0885000000,0.5285000000),(296,'#7430d5','Fair','Warm',0.4030000000,0.4801000000,0.5686000000,0.6103000000),(297,'#52f1d9','Fair','Warm',0.8241000000,0.5726000000,0.5334000000,0.0006000000),(298,'#4377d0','Fair','Neutral',0.6475000000,0.3625000000,0.9877000000,0.2706000000),(299,'#e6f95b','Medium','Neutral',0.1084000000,0.8797000000,0.7403000000,0.6927000000),(300,'#96f9ed','Fair','Warm',0.6329000000,0.8143000000,0.3641000000,0.5300000000),(301,'#aed40f','Fair','Neutral',0.2342000000,0.5083000000,0.1307000000,0.9481000000),(302,'#7392da','Deep','Neutral',0.2163000000,0.8075000000,0.4820000000,0.2536000000),(303,'#c9e1f4','Medium','Cool',0.2308000000,0.2119000000,0.8913000000,0.8192000000),(304,'#50b852','Deep','Cool',0.5302000000,0.2510000000,0.6346000000,0.3611000000),(305,'#ed6a5e','Deep','Warm',0.2075000000,0.9624000000,0.4292000000,0.6512000000),(306,'#439aab','Fair','Warm',0.1189000000,0.4225000000,0.9399000000,0.7802000000),(307,'#e4aabd','Deep','Cool',0.7361000000,0.1505000000,0.6302000000,0.5178000000),(308,'#191b01','Fair','Warm',0.8724000000,0.6038000000,0.5636000000,0.6556000000),(309,'#c63be0','Deep','Warm',0.4601000000,0.1975000000,0.8604000000,0.2639000000),(310,'#8c8d0d','Deep','Warm',0.0607000000,0.6507000000,0.7440000000,0.7953000000),(311,'#5871c7','Deep','Neutral',0.3262000000,0.6942000000,0.8563000000,0.0189000000),(312,'#fd4afb','Fair','Neutral',0.9729000000,0.1411000000,0.5978000000,0.9140000000),(313,'#9ab78d','Medium','Warm',0.2966000000,0.9742000000,0.6588000000,0.7389000000),(314,'#d6aebd','Fair','Cool',0.4537000000,0.3818000000,0.7138000000,0.7837000000),(315,'#a3068e','Fair','Cool',0.2020000000,0.4153000000,0.2970000000,0.7577000000),(316,'#4ab354','Medium','Neutral',0.5626000000,0.4399000000,0.7018000000,0.7022000000),(317,'#1d314a','Medium','Neutral',0.7328000000,0.8817000000,0.5990000000,0.6810000000),(318,'#8ac205','Medium','Cool',0.8213000000,0.2445000000,0.4571000000,0.6867000000),(319,'#bd0d56','Medium','Neutral',0.3695000000,0.0080000000,0.4747000000,0.3902000000),(320,'#ad2d36','Fair','Warm',0.1868000000,0.7703000000,0.9762000000,0.0961000000),(321,'#9d2fd5','Deep','Neutral',0.2631000000,0.7711000000,0.5974000000,0.8059000000),(322,'#52b301','Deep','Warm',0.7332000000,0.1597000000,0.1464000000,0.0669000000),(323,'#87828e','Fair','Cool',0.0147000000,0.2775000000,0.5178000000,0.3886000000),(324,'#b62e24','Deep','Cool',0.1451000000,0.4244000000,0.3520000000,0.2182000000),(325,'#b418ee','Medium','Warm',0.8928000000,0.4532000000,0.6555000000,0.0069000000),(326,'#48d1ae','Deep','Neutral',0.7491000000,0.8295000000,0.6038000000,0.6619000000),(327,'#48b928','Deep','Cool',0.3722000000,0.6736000000,0.9036000000,0.8130000000),(328,'#c69dac','Fair','Neutral',0.5695000000,0.6539000000,0.1093000000,0.5345000000),(329,'#e4f70a','Medium','Cool',0.1093000000,0.0422000000,0.8153000000,0.1969000000),(330,'#982960','Deep','Neutral',0.9782000000,0.0928000000,0.1756000000,0.6216000000),(331,'#7eba4d','Deep','Warm',0.7380000000,0.7450000000,0.3235000000,0.5969000000),(332,'#ce40db','Medium','Neutral',0.8919000000,0.9588000000,0.8996000000,0.9765000000),(333,'#e2a633','Fair','Cool',0.5343000000,0.3391000000,0.5763000000,0.6735000000),(334,'#c122e6','Deep','Cool',0.0230000000,0.7121000000,0.6705000000,0.5252000000),(335,'#15e84e','Medium','Warm',0.4011000000,0.7168000000,0.3596000000,0.0653000000),(336,'#2c93c4','Deep','Cool',0.1894000000,0.2697000000,0.6877000000,0.8965000000),(337,'#418d87','Fair','Neutral',0.9603000000,0.3836000000,0.2797000000,0.1647000000),(338,'#1cda63','Medium','Neutral',0.0745000000,0.6319000000,0.5164000000,0.5291000000),(339,'#6d4c6d','Medium','Cool',0.6818000000,0.7779000000,0.5455000000,0.7330000000),(340,'#85060f','Medium','Warm',0.3510000000,0.9140000000,0.2061000000,0.4284000000),(341,'#049ce3','Medium','Cool',0.1582000000,0.0991000000,0.6598000000,0.7820000000),(342,'#f775fc','Deep','Neutral',0.0214000000,0.1856000000,0.9423000000,0.4657000000),(343,'#b05bca','Medium','Warm',0.1104000000,0.3148000000,0.1658000000,0.2011000000),(344,'#25dfac','Fair','Neutral',0.6296000000,0.0196000000,0.7075000000,0.1969000000),(345,'#006e84','Medium','Warm',0.2512000000,0.0410000000,0.4498000000,0.3884000000),(346,'#717f0e','Fair','Neutral',0.9038000000,0.9022000000,0.2145000000,0.1572000000),(347,'#99d0bb','Medium','Neutral',0.0348000000,0.2389000000,0.5299000000,0.3713000000),(348,'#66ea0f','Deep','Neutral',0.6549000000,0.8825000000,0.4168000000,0.4645000000),(349,'#1c3314','Fair','Warm',0.3432000000,0.9499000000,0.3136000000,0.0515000000),(350,'#17136a','Fair','Neutral',0.7134000000,0.9782000000,0.5099000000,0.8484000000),(351,'#b1657f','Fair','Cool',0.7069000000,0.8677000000,0.0271000000,0.0136000000),(352,'#843b71','Fair','Neutral',0.1678000000,0.0754000000,0.9876000000,0.3017000000),(353,'#335ad0','Medium','Neutral',0.6284000000,0.7232000000,0.3713000000,0.0806000000),(354,'#7468b4','Medium','Cool',0.8131000000,0.5418000000,0.4653000000,0.3072000000),(355,'#127d93','Deep','Warm',0.3667000000,0.9985000000,0.4591000000,0.5288000000),(356,'#1f0851','Fair','Warm',0.4210000000,0.6899000000,0.2280000000,0.2107000000),(357,'#0247b2','Deep','Warm',0.3315000000,0.1944000000,0.5599000000,0.9368000000),(358,'#261c8a','Deep','Cool',0.7903000000,0.7578000000,0.9867000000,0.4790000000),(359,'#7e7d7d','Fair','Cool',0.0648000000,0.7264000000,0.3802000000,0.1075000000),(360,'#7f644d','Medium','Warm',0.3647000000,0.6204000000,0.2874000000,0.3713000000),(361,'#0b52a8','Fair','Warm',0.3994000000,0.0620000000,0.3422000000,0.9343000000),(362,'#e85fd6','Fair','Cool',0.7921000000,0.4162000000,0.9270000000,0.9813000000),(363,'#00afbd','Medium','Neutral',0.2046000000,0.6336000000,0.9074000000,0.2064000000),(364,'#f1a84d','Fair','Warm',0.3535000000,0.0387000000,0.4019000000,0.9589000000),(365,'#2eabcd','Deep','Cool',0.1349000000,0.8602000000,0.0159000000,0.8200000000),(366,'#588241','Fair','Neutral',0.9985000000,0.7925000000,0.5950000000,0.9912000000),(367,'#7b6425','Deep','Neutral',0.0458000000,0.5265000000,0.4669000000,0.0959000000),(368,'#0763e2','Deep','Cool',0.0108000000,0.1663000000,0.9601000000,0.5115000000),(369,'#fe4ff0','Deep','Cool',0.1903000000,0.0097000000,0.2404000000,0.0768000000),(370,'#8bc80d','Fair','Neutral',0.3909000000,0.2836000000,0.6888000000,0.0725000000),(371,'#369186','Fair','Cool',0.2388000000,0.5687000000,0.7125000000,0.7951000000),(372,'#25e0d3','Fair','Warm',0.9192000000,0.0293000000,0.7603000000,0.5015000000),(373,'#63801e','Medium','Neutral',0.1431000000,0.0184000000,0.1267000000,0.7512000000),(374,'#f3e77c','Deep','Neutral',0.4299000000,0.1918000000,0.8591000000,0.1728000000),(375,'#5e71a5','Deep','Cool',0.3973000000,0.3945000000,0.7506000000,0.5696000000),(376,'#a20163','Medium','Warm',0.6527000000,0.2303000000,0.7770000000,0.4908000000),(377,'#af0c5c','Fair','Warm',0.8622000000,0.6869000000,0.0478000000,0.8034000000),(378,'#41e99e','Medium','Cool',0.8396000000,0.3421000000,0.5299000000,0.4367000000),(379,'#44328c','Deep','Neutral',0.3477000000,0.9989000000,0.6677000000,0.1501000000),(380,'#58d650','Medium','Warm',0.9711000000,0.6943000000,0.0210000000,0.1579000000),(381,'#69f806','Deep','Neutral',0.9971000000,0.2708000000,0.0058000000,0.2216000000),(382,'#beeeea','Deep','Cool',0.7247000000,0.6285000000,0.4208000000,0.0819000000),(383,'#530466','Medium','Neutral',0.8401000000,0.0775000000,0.6556000000,0.2938000000),(384,'#20a502','Medium','Warm',0.3625000000,0.5816000000,0.6628000000,0.3620000000),(385,'#6769ec','Deep','Warm',0.0596000000,0.0635000000,0.3098000000,0.7007000000),(386,'#e3f36c','Fair','Cool',0.9269000000,0.2846000000,0.7648000000,0.9621000000),(387,'#1ea586','Fair','Warm',0.4242000000,0.9620000000,0.6202000000,0.9848000000),(388,'#ee31c0','Deep','Warm',0.8313000000,0.2419000000,0.3048000000,0.0424000000),(389,'#78b535','Fair','Warm',0.4899000000,0.9192000000,0.9430000000,0.4795000000),(390,'#330a24','Medium','Warm',0.9777000000,0.1742000000,0.0979000000,0.8104000000),(391,'#46576f','Deep','Neutral',0.8156000000,0.1842000000,0.1576000000,0.0148000000),(392,'#c582ff','Fair','Cool',0.0548000000,0.6924000000,0.0715000000,0.1761000000),(393,'#699dbd','Fair','Cool',0.3342000000,0.0610000000,0.3773000000,0.4121000000),(394,'#80bc80','Fair','Cool',0.5377000000,0.1230000000,0.7755000000,0.9869000000),(395,'#a780ff','Deep','Cool',0.7696000000,0.8258000000,0.4431000000,0.4138000000),(396,'#3426ee','Deep','Warm',0.4908000000,0.3636000000,0.4335000000,0.7992000000),(397,'#2ff93b','Fair','Warm',0.0846000000,0.8176000000,0.5349000000,0.2133000000),(398,'#4e81ca','Deep','Neutral',0.1117000000,0.5499000000,0.1189000000,0.4300000000),(399,'#38d5bb','Medium','Warm',0.8305000000,0.8462000000,0.3488000000,0.8827000000),(400,'#4a8fc0','Medium','Cool',0.5019000000,0.2153000000,0.2725000000,0.4942000000),(401,'#c3440e','Deep','Warm',0.1125000000,0.0548000000,0.0493000000,0.9183000000),(402,'#cf616e','Fair','Neutral',0.1676000000,0.4946000000,0.3124000000,0.1838000000),(403,'#57371b','Deep','Neutral',0.4080000000,0.6834000000,0.1996000000,0.9828000000),(404,'#a76c18','Deep','Cool',0.6611000000,0.2370000000,0.5757000000,0.4763000000),(405,'#bb4d2e','Deep','Cool',0.6406000000,0.3688000000,0.4652000000,0.9169000000),(406,'#47f01e','Deep','Warm',0.0647000000,0.3958000000,0.8320000000,0.8859000000),(407,'#a9d82a','Medium','Neutral',0.1231000000,0.5765000000,0.4403000000,0.2841000000),(408,'#9ee666','Fair','Warm',0.7410000000,0.4492000000,0.9081000000,0.5112000000),(409,'#3eb36b','Medium','Neutral',0.9084000000,0.6340000000,0.9110000000,0.0691000000),(410,'#615d2e','Medium','Cool',0.8733000000,0.7457000000,0.7425000000,0.0874000000),(411,'#2b0303','Fair','Warm',0.6845000000,0.0882000000,0.5351000000,0.3852000000),(412,'#a1a5a1','Fair','Neutral',0.7164000000,0.1798000000,0.7889000000,0.5243000000),(413,'#a1bc13','Deep','Neutral',0.8652000000,0.0349000000,0.7389000000,0.2543000000),(414,'#324d81','Deep','Cool',0.6218000000,0.2458000000,0.2955000000,0.6416000000),(415,'#00bd7b','Medium','Warm',0.6065000000,0.9485000000,0.9621000000,0.4140000000),(416,'#eb5947','Deep','Warm',0.7586000000,0.2905000000,0.4989000000,0.9282000000),(417,'#63218c','Medium','Neutral',0.8589000000,0.5935000000,0.1002000000,0.2853000000),(418,'#2ce725','Medium','Neutral',0.0799000000,0.0405000000,0.9936000000,0.1879000000),(419,'#157043','Deep','Warm',0.0578000000,0.3845000000,0.1342000000,0.3950000000),(420,'#a2b436','Fair','Neutral',0.1998000000,0.0200000000,0.1594000000,0.1499000000),(421,'#ccf8b3','Fair','Neutral',0.6010000000,0.3934000000,0.2740000000,0.0816000000),(422,'#6be576','Fair','Cool',0.8576000000,0.6240000000,0.1304000000,0.6232000000),(423,'#cf1829','Fair','Cool',0.8031000000,0.7866000000,0.9204000000,0.3606000000),(424,'#06a3f5','Deep','Cool',0.0473000000,0.2951000000,0.3752000000,0.6844000000),(425,'#ead9e5','Fair','Neutral',0.1898000000,0.1018000000,0.7561000000,0.0680000000),(426,'#6ed34c','Deep','Neutral',0.9931000000,0.9094000000,0.4922000000,0.1124000000),(427,'#bea775','Medium','Cool',0.0574000000,0.9116000000,0.3849000000,0.6695000000),(428,'#647e6b','Deep','Cool',0.1305000000,0.9696000000,0.9949000000,0.8188000000),(429,'#b1dbab','Deep','Neutral',0.4059000000,0.4443000000,0.5913000000,0.3570000000),(430,'#738a21','Fair','Warm',0.7407000000,0.2684000000,0.6178000000,0.2123000000),(431,'#c9985d','Medium','Neutral',0.8688000000,0.6736000000,0.6205000000,0.1572000000),(432,'#106274','Deep','Cool',0.9469000000,0.4726000000,0.9112000000,0.6230000000),(433,'#be4191','Medium','Warm',0.4228000000,0.9067000000,0.5328000000,0.2782000000),(434,'#f25e8a','Medium','Cool',0.5561000000,0.5272000000,0.5716000000,0.0644000000),(435,'#98c49a','Deep','Neutral',0.1579000000,0.7692000000,0.2416000000,0.4410000000),(436,'#bfa175','Medium','Cool',0.0833000000,0.5765000000,0.8601000000,0.6243000000),(437,'#86a40c','Fair','Neutral',0.1239000000,0.9255000000,0.7371000000,0.3582000000),(438,'#26b4ac','Medium','Cool',0.7259000000,0.4594000000,0.3925000000,0.3707000000),(439,'#e4f578','Fair','Neutral',0.4473000000,0.4851000000,0.6673000000,0.3692000000),(440,'#80993a','Fair','Cool',0.6264000000,0.9741000000,0.2819000000,0.1060000000),(441,'#b76db5','Deep','Neutral',0.3446000000,0.3705000000,0.8742000000,0.6975000000),(442,'#1d75f6','Medium','Neutral',0.4327000000,0.0277000000,0.6308000000,0.6220000000),(443,'#7d00c0','Fair','Warm',0.1024000000,0.8815000000,0.9683000000,0.1169000000),(444,'#3d77d2','Medium','Warm',0.4180000000,0.5542000000,0.0034000000,0.8932000000),(445,'#0c168a','Medium','Warm',0.2469000000,0.8056000000,0.0287000000,0.6698000000),(446,'#bfcb9b','Medium','Cool',0.3657000000,0.8962000000,0.1935000000,0.2902000000),(447,'#4cc329','Deep','Cool',0.0488000000,0.7119000000,0.3078000000,0.2505000000),(448,'#6bca5a','Deep','Cool',0.5297000000,0.4326000000,0.4391000000,0.3377000000),(449,'#b41d53','Deep','Neutral',0.1229000000,0.0610000000,0.8822000000,0.7755000000),(450,'#dfc0f7','Medium','Warm',0.4279000000,0.9483000000,0.4011000000,0.1259000000),(451,'#4c6695','Medium','Cool',0.3418000000,0.0547000000,0.2983000000,0.9132000000),(452,'#e135fe','Medium','Warm',0.5395000000,0.3760000000,0.3991000000,0.1428000000),(453,'#b18a16','Deep','Neutral',0.7226000000,0.3286000000,0.0828000000,0.9897000000),(454,'#57d8d7','Fair','Cool',0.9193000000,0.2539000000,0.3711000000,0.9129000000),(455,'#de2a52','Fair','Cool',0.5678000000,0.3914000000,0.7165000000,0.2172000000),(456,'#76bd2e','Medium','Warm',0.4735000000,0.5331000000,0.1696000000,0.6961000000),(457,'#cc8e63','Medium','Cool',0.2512000000,0.3551000000,0.5638000000,0.7994000000),(458,'#632ca2','Deep','Neutral',0.2806000000,0.7093000000,0.1513000000,0.5623000000),(459,'#705088','Medium','Warm',0.1507000000,0.3017000000,0.0252000000,0.1627000000),(460,'#fb5d7b','Fair','Warm',0.1935000000,0.1996000000,0.8378000000,0.9963000000),(461,'#793600','Fair','Neutral',0.2945000000,0.2720000000,0.2513000000,0.6693000000),(462,'#347313','Fair','Cool',0.0975000000,0.5667000000,0.7255000000,0.8679000000),(463,'#df34e2','Medium','Warm',0.5784000000,0.9387000000,0.4228000000,0.4270000000),(464,'#15746d','Fair','Cool',0.0914000000,0.5572000000,0.1168000000,0.1177000000),(465,'#225322','Deep','Cool',0.9989000000,0.2882000000,0.5734000000,0.4525000000),(466,'#177aa6','Medium','Neutral',0.5458000000,0.1165000000,0.0430000000,0.6942000000),(467,'#e8065a','Fair','Cool',0.6696000000,0.6123000000,0.6407000000,0.6466000000),(468,'#b1c4c1','Deep','Cool',0.9650000000,0.2750000000,0.1585000000,0.4521000000),(469,'#e42673','Deep','Warm',0.2861000000,0.4791000000,0.2808000000,0.5376000000),(470,'#e16ed3','Medium','Cool',0.5413000000,0.9798000000,0.4710000000,0.6106000000),(471,'#b9e67a','Fair','Neutral',0.5142000000,0.7253000000,0.7580000000,0.3418000000),(472,'#b34153','Fair','Warm',0.8831000000,0.1391000000,0.6181000000,0.8056000000),(473,'#a0d3ae','Medium','Neutral',0.7252000000,0.1231000000,0.9590000000,0.5537000000),(474,'#302579','Deep','Cool',0.7482000000,0.1828000000,0.4654000000,0.1580000000),(475,'#39b94d','Medium','Cool',0.7193000000,0.4993000000,0.6687000000,0.7210000000),(476,'#3c1607','Fair','Neutral',0.6048000000,0.3390000000,0.1679000000,0.5288000000),(477,'#db5035','Fair','Cool',0.3835000000,0.4484000000,0.5814000000,0.4268000000),(478,'#ecb388','Medium','Neutral',0.9479000000,0.8160000000,0.0108000000,0.7535000000),(479,'#1821f3','Medium','Cool',0.4385000000,0.6984000000,0.2910000000,0.1313000000),(480,'#b07d46','Fair','Neutral',0.1523000000,0.5830000000,0.8032000000,0.2239000000),(481,'#931285','Deep','Cool',0.6857000000,0.3879000000,0.1481000000,0.7915000000),(482,'#a3e79d','Medium','Neutral',0.5445000000,0.9812000000,0.8238000000,0.3334000000),(483,'#bd6d90','Fair','Cool',0.8298000000,0.9620000000,0.2992000000,0.1058000000),(484,'#220c74','Fair','Warm',0.9697000000,0.1365000000,0.3048000000,0.8595000000),(485,'#83e4c1','Deep','Cool',0.9156000000,0.6551000000,0.1284000000,0.5076000000),(486,'#b7b21f','Medium','Neutral',0.4367000000,0.5354000000,0.2213000000,0.8691000000),(487,'#5d6f43','Deep','Cool',0.4581000000,0.1017000000,0.5359000000,0.5569000000),(488,'#9d2190','Medium','Cool',0.1948000000,0.3882000000,0.7260000000,0.1025000000),(489,'#3388a1','Medium','Cool',0.9493000000,0.2299000000,0.0287000000,0.3695000000),(490,'#c47f95','Fair','Cool',0.4735000000,0.2718000000,0.5631000000,0.5484000000),(491,'#3b9797','Fair','Neutral',0.4145000000,0.6407000000,0.0800000000,0.8062000000),(492,'#73c527','Fair','Neutral',0.8115000000,0.5332000000,0.5963000000,0.1958000000),(493,'#bfdb61','Fair','Warm',0.3302000000,0.7084000000,0.3031000000,0.1372000000),(494,'#87e714','Deep','Neutral',0.4818000000,0.8865000000,0.4082000000,0.8207000000),(495,'#92aba2','Medium','Warm',0.7403000000,0.3773000000,0.6476000000,0.5514000000),(496,'#6f4960','Fair','Neutral',0.7844000000,0.6524000000,0.6012000000,0.2010000000),(497,'#979186','Fair','Neutral',0.3595000000,0.1336000000,0.1275000000,0.3559000000),(498,'#03308f','Deep','Cool',0.7602000000,0.1831000000,0.8812000000,0.5852000000),(499,'#c0fcbb','Medium','Neutral',0.0137000000,0.9713000000,0.0642000000,0.1550000000),(500,'#3c1b64','Deep','Cool',0.1974000000,0.9110000000,0.3836000000,0.3594000000),(501,'#051361','Fair','Cool',0.4410000000,0.2492000000,0.4726000000,0.1489000000),(502,'#a8ba2f','Medium','Cool',0.3410000000,0.6663000000,0.7462000000,0.4648000000),(503,'#bc2695','Fair','Warm',0.9087000000,0.0845000000,0.6406000000,0.4976000000),(504,'#45dc9a','Medium','Warm',0.3185000000,0.0461000000,0.5771000000,0.8208000000),(505,'#ff6001','Deep','Warm',0.6921000000,0.8668000000,0.0600000000,0.0933000000),(506,'#417490','Medium','Cool',0.6655000000,0.0305000000,0.3222000000,0.8171000000),(507,'#b5f472','Deep','Neutral',0.0357000000,0.6907000000,0.3441000000,0.3964000000),(508,'#041db7','Deep','Neutral',0.2386000000,0.8194000000,0.9309000000,0.5967000000),(509,'#0c07a2','Fair','Cool',0.0498000000,0.0400000000,0.6187000000,0.3563000000),(510,'#acf06a','Medium','Cool',0.2112000000,0.7679000000,0.8352000000,0.4578000000),(511,'#f7638d','Fair','Warm',0.6968000000,0.1211000000,0.8848000000,0.3862000000),(512,'#566ed0','Medium','Warm',0.5903000000,0.4050000000,0.5436000000,0.2252000000),(513,'#b3d724','Fair','Warm',0.8479000000,0.3644000000,0.7784000000,0.3561000000),(514,'#012b50','Medium','Cool',0.9674000000,0.5545000000,0.2710000000,0.5150000000),(515,'#1a8f33','Medium','Warm',0.5614000000,0.7457000000,0.1705000000,0.0877000000),(516,'#8be5c8','Medium','Warm',0.0900000000,0.2302000000,0.9437000000,0.4769000000),(517,'#257ea0','Fair','Cool',0.0517000000,0.7702000000,0.5377000000,0.8054000000),(518,'#76242a','Medium','Cool',0.1756000000,0.7037000000,0.1151000000,0.9533000000),(519,'#df8f31','Deep','Neutral',0.6148000000,0.8377000000,0.1582000000,0.8523000000),(520,'#396e2c','Deep','Neutral',0.6547000000,0.6239000000,0.6536000000,0.7709000000),(521,'#a293dc','Deep','Warm',0.1462000000,0.2897000000,0.3013000000,0.3017000000),(522,'#22dfb2','Deep','Cool',0.4206000000,0.8866000000,0.2316000000,0.7230000000),(523,'#010342','Deep','Warm',0.9139000000,0.4685000000,0.2719000000,0.8917000000),(524,'#f4ee5e','Medium','Neutral',0.3827000000,0.1816000000,0.0515000000,0.5527000000),(525,'#04aa19','Deep','Cool',0.3840000000,0.1807000000,0.9940000000,0.7645000000),(526,'#0c296f','Deep','Neutral',0.7610000000,0.3063000000,0.3453000000,0.3634000000),(527,'#e6e573','Medium','Neutral',0.6565000000,0.1838000000,0.8916000000,0.1674000000),(528,'#4d4287','Fair','Cool',0.7037000000,0.6011000000,0.0466000000,0.0091000000),(529,'#3ed2e1','Deep','Warm',0.9805000000,0.8395000000,0.4674000000,0.4622000000),(530,'#016ee5','Medium','Neutral',0.3490000000,0.9465000000,0.4268000000,0.4235000000),(531,'#dfa0df','Medium','Cool',0.1539000000,0.8048000000,0.0969000000,0.1528000000),(532,'#026f2e','Deep','Cool',0.9245000000,0.3927000000,0.6717000000,0.5047000000),(533,'#9ae3cf','Fair','Cool',0.4445000000,0.5798000000,0.0500000000,0.0711000000),(534,'#fff61c','Deep','Cool',0.7600000000,0.8547000000,0.7505000000,0.4704000000),(535,'#defbae','Fair','Neutral',0.4164000000,0.4723000000,0.5270000000,0.7889000000),(536,'#c40a19','Fair','Cool',0.0305000000,0.9225000000,0.4135000000,0.0005000000),(537,'#2216f2','Medium','Warm',0.0860000000,0.8434000000,0.7098000000,0.8606000000),(538,'#d265e2','Deep','Warm',0.9513000000,0.1312000000,0.7713000000,0.7926000000),(539,'#c5ad7e','Fair','Warm',0.4602000000,0.3569000000,0.6018000000,0.9390000000),(540,'#5e325e','Medium','Cool',0.8320000000,0.9755000000,0.8440000000,0.9133000000),(541,'#6f7ede','Deep','Cool',0.4915000000,0.9680000000,0.9841000000,0.6728000000),(542,'#607836','Deep','Warm',0.5511000000,0.2427000000,0.9521000000,0.5825000000),(543,'#8f7e5e','Fair','Cool',0.0337000000,0.9893000000,0.6459000000,0.3114000000),(544,'#9192f5','Fair','Warm',0.7863000000,0.0070000000,0.7525000000,0.5845000000),(545,'#bd9992','Deep','Warm',0.9676000000,0.3672000000,0.5016000000,0.3103000000),(546,'#243d47','Medium','Neutral',0.7187000000,0.5328000000,0.9700000000,0.8291000000),(547,'#51d44f','Fair','Neutral',0.3268000000,0.7974000000,0.9474000000,0.0301000000),(548,'#a44e42','Deep','Warm',0.2800000000,0.1061000000,0.2864000000,0.2536000000),(549,'#58f8d8','Medium','Cool',0.6861000000,0.6454000000,0.6450000000,0.5598000000),(550,'#8a6171','Deep','Warm',0.2985000000,0.6048000000,0.2359000000,0.8712000000),(551,'#65a8a4','Fair','Warm',0.1896000000,0.9419000000,0.7488000000,0.9339000000),(552,'#9fb2b2','Deep','Warm',0.0065000000,0.3472000000,0.4091000000,0.5374000000),(553,'#543bf3','Fair','Neutral',0.0268000000,0.3684000000,0.0440000000,0.2032000000),(554,'#10dfff','Deep','Neutral',0.1915000000,0.3740000000,0.7728000000,0.7600000000),(555,'#75560e','Fair','Cool',0.4811000000,0.4084000000,0.5536000000,0.0571000000),(556,'#b44f0e','Medium','Warm',0.8642000000,0.9921000000,0.6274000000,0.5688000000),(557,'#03ee17','Medium','Cool',0.5226000000,0.2686000000,0.4488000000,0.7944000000),(558,'#b3a04c','Medium','Warm',0.3958000000,0.2653000000,0.4699000000,0.0102000000),(559,'#2da1cd','Fair','Cool',0.1931000000,0.8935000000,0.0834000000,0.6644000000),(560,'#90e6fa','Fair','Warm',0.8360000000,0.3709000000,0.7989000000,0.7413000000),(561,'#0d427e','Medium','Neutral',0.2409000000,0.0963000000,0.6084000000,0.0097000000),(562,'#372838','Deep','Neutral',0.8028000000,0.3199000000,0.4608000000,0.5712000000),(563,'#66e35c','Medium','Warm',0.2619000000,0.6387000000,0.9207000000,0.1277000000),(564,'#800996','Deep','Warm',0.0232000000,0.5879000000,0.4853000000,0.4744000000),(565,'#d80728','Medium','Neutral',0.6262000000,0.2766000000,0.1555000000,0.5517000000),(566,'#22e266','Deep','Neutral',0.6301000000,0.7129000000,0.4855000000,0.4478000000),(567,'#86ccba','Fair','Neutral',0.9239000000,0.4761000000,0.4997000000,0.1718000000),(568,'#50f865','Fair','Neutral',0.3097000000,0.8985000000,0.7855000000,0.2499000000),(569,'#6ce98b','Fair','Warm',0.9340000000,0.3630000000,0.7148000000,0.1364000000),(570,'#0cd0e2','Fair','Warm',0.1138000000,0.6859000000,0.5922000000,0.5339000000),(571,'#88117c','Fair','Cool',0.9280000000,0.8045000000,0.2701000000,0.1290000000),(572,'#75508d','Fair','Cool',0.2266000000,0.7409000000,0.3741000000,0.9230000000),(573,'#d83988','Deep','Warm',0.0883000000,0.5477000000,0.2981000000,0.5049000000),(574,'#a7b38a','Fair','Warm',0.8871000000,0.0641000000,0.5291000000,0.1049000000),(575,'#f92149','Medium','Cool',0.2056000000,0.3628000000,0.6173000000,0.1003000000),(576,'#2aeaab','Medium','Neutral',0.1973000000,0.8773000000,0.5867000000,0.9458000000),(577,'#d8ae8a','Medium','Cool',0.8047000000,0.8152000000,0.1033000000,0.8743000000),(578,'#c0aaa9','Fair','Warm',0.1562000000,0.7516000000,0.2028000000,0.9487000000),(579,'#1b2cdf','Medium','Neutral',0.9969000000,0.1575000000,0.0331000000,0.1022000000),(580,'#2aa4d9','Fair','Warm',0.0168000000,0.4056000000,0.7651000000,0.0771000000),(581,'#079980','Medium','Neutral',0.5343000000,0.0552000000,0.3216000000,0.0388000000),(582,'#8cfb82','Medium','Warm',0.2043000000,0.6360000000,0.4282000000,0.0158000000),(583,'#bcc71b','Medium','Warm',0.3865000000,0.5715000000,0.6573000000,0.1887000000),(584,'#2d63bc','Deep','Neutral',0.0032000000,0.4424000000,0.8023000000,0.5574000000),(585,'#691a57','Deep','Cool',0.8448000000,0.7390000000,0.6326000000,0.0858000000),(586,'#b896ab','Fair','Warm',0.8914000000,0.5638000000,0.1608000000,0.3892000000),(587,'#0799ee','Fair','Neutral',0.3369000000,0.9183000000,0.9065000000,0.6311000000),(588,'#2b25b9','Deep','Cool',0.0547000000,0.0599000000,0.1493000000,0.3022000000),(589,'#3e39af','Medium','Cool',0.9940000000,0.3531000000,0.6826000000,0.2197000000),(590,'#8d49e5','Deep','Warm',0.1451000000,0.6888000000,0.5973000000,0.3845000000),(591,'#04dfc1','Medium','Neutral',0.3693000000,0.8779000000,0.1340000000,0.0071000000),(592,'#99bde2','Fair','Warm',0.9946000000,0.5071000000,0.7693000000,0.5177000000),(593,'#d3e658','Fair','Neutral',0.5338000000,0.2456000000,0.6683000000,0.1788000000),(594,'#024505','Medium','Cool',0.3644000000,0.9275000000,0.7736000000,0.5019000000),(595,'#ebe42d','Fair','Warm',0.6644000000,0.4907000000,0.3561000000,0.3973000000),(596,'#5e5230','Deep','Neutral',0.5512000000,0.8824000000,0.6779000000,0.4609000000),(597,'#5a4711','Deep','Cool',0.0090000000,0.6282000000,0.7181000000,0.7284000000),(598,'#a11428','Fair','Cool',0.6237000000,0.9880000000,0.5062000000,0.0218000000),(599,'#0870a1','Fair','Neutral',0.1766000000,0.1593000000,0.2285000000,0.6252000000),(600,'#923561','Deep','Warm',0.9421000000,0.8848000000,0.5897000000,0.1879000000),(601,'#51d91b','Medium','Neutral',0.7633000000,0.5887000000,0.5935000000,0.0360000000),(602,'#74e350','Deep','Neutral',0.1419000000,0.5356000000,0.9133000000,0.7207000000),(603,'#d9f015','Fair','Warm',0.3791000000,0.6413000000,0.8724000000,0.8432000000),(604,'#c51ca4','Deep','Cool',0.5065000000,0.2749000000,0.6193000000,0.4446000000),(605,'#7f4403','Deep','Neutral',0.3478000000,0.2556000000,0.3134000000,0.5332000000),(606,'#001681','Fair','Cool',0.8125000000,0.9671000000,0.2430000000,0.4175000000),(607,'#d4ef91','Medium','Warm',0.3874000000,0.1643000000,0.8866000000,0.0458000000),(608,'#5628d1','Fair','Warm',0.0867000000,0.1644000000,0.5824000000,0.4048000000),(609,'#2a6c7f','Medium','Warm',0.4674000000,0.6496000000,0.3179000000,0.8212000000),(610,'#c12c0d','Deep','Cool',0.0256000000,0.2179000000,0.1800000000,0.0556000000),(611,'#687119','Medium','Warm',0.0044000000,0.9377000000,0.4749000000,0.7988000000),(612,'#a79370','Deep','Warm',0.7053000000,0.9591000000,0.3359000000,0.7886000000),(613,'#7b529f','Deep','Neutral',0.3285000000,0.1151000000,0.9892000000,0.8017000000),(614,'#11c89f','Deep','Warm',0.6128000000,0.3791000000,0.7402000000,0.7208000000),(615,'#407971','Medium','Warm',0.5360000000,0.0284000000,0.3546000000,0.0112000000),(616,'#8f94e2','Fair','Cool',0.7219000000,0.8570000000,0.9862000000,0.9125000000),(617,'#dc0800','Deep','Warm',0.8603000000,0.7701000000,0.3286000000,0.0217000000),(618,'#aacb4d','Medium','Warm',0.9567000000,0.7888000000,0.5742000000,0.3552000000),(619,'#e1e643','Medium','Neutral',0.6573000000,0.5521000000,0.7193000000,0.8693000000),(620,'#675164','Fair','Warm',0.1759000000,0.5377000000,0.9557000000,0.6565000000),(621,'#aac9e9','Deep','Cool',0.2874000000,0.9495000000,0.0250000000,0.1631000000),(622,'#f6c8a8','Medium','Warm',0.4604000000,0.2950000000,0.2664000000,0.4529000000),(623,'#33b3a3','Medium','Cool',0.8528000000,0.9325000000,0.6019000000,0.2017000000),(624,'#f2c292','Medium','Cool',0.4920000000,0.1438000000,0.0419000000,0.6636000000),(625,'#9b71f0','Deep','Cool',0.6578000000,0.0114000000,0.9599000000,0.3037000000),(626,'#6ea88a','Deep','Warm',0.2569000000,0.5961000000,0.0125000000,0.8935000000),(627,'#adce3e','Medium','Neutral',0.0186000000,0.1873000000,0.3439000000,0.0287000000),(628,'#dd5f49','Fair','Neutral',0.7747000000,0.3946000000,0.7405000000,0.6805000000),(629,'#fc93d4','Medium','Cool',0.9085000000,0.5475000000,0.7596000000,0.4806000000),(630,'#85c957','Medium','Cool',0.9474000000,0.1768000000,0.1617000000,0.3411000000),(631,'#3e0b2a','Deep','Cool',0.3538000000,0.0662000000,0.8994000000,0.5585000000),(632,'#2bae67','Medium','Neutral',0.2516000000,0.9501000000,0.6895000000,0.6298000000),(633,'#ada4a0','Fair','Warm',0.7518000000,0.4273000000,0.4709000000,0.5205000000),(634,'#7bb056','Fair','Warm',0.8397000000,0.8603000000,0.4610000000,0.3735000000),(635,'#12e327','Medium','Warm',0.0713000000,0.1464000000,0.5783000000,0.6282000000),(636,'#2864b3','Medium','Warm',0.1984000000,0.2532000000,0.0440000000,0.0030000000),(637,'#095ffa','Fair','Warm',0.2396000000,0.7903000000,0.4339000000,0.6887000000),(638,'#8cf79f','Fair','Cool',0.4224000000,0.1507000000,0.0502000000,0.4614000000),(639,'#76c66b','Fair','Warm',0.1039000000,0.1633000000,0.5848000000,0.9204000000),(640,'#7936e7','Fair','Neutral',0.7944000000,0.7401000000,0.6265000000,0.8474000000),(641,'#e67099','Medium','Cool',0.8219000000,0.9249000000,0.8606000000,0.1576000000),(642,'#0ac4ac','Medium','Cool',0.5256000000,0.4124000000,0.8436000000,0.8211000000),(643,'#d0f20d','Deep','Warm',0.3616000000,0.1687000000,0.4487000000,0.0590000000),(644,'#ba3b6d','Medium','Warm',0.5633000000,0.8520000000,0.6685000000,0.5986000000),(645,'#c08d87','Fair','Cool',0.9302000000,0.2884000000,0.8199000000,0.5697000000),(646,'#8a566c','Deep','Neutral',0.5319000000,0.1600000000,0.7896000000,0.0901000000),(647,'#9a2bb3','Deep','Neutral',0.5086000000,0.3974000000,0.0925000000,0.0716000000),(648,'#dc195d','Deep','Neutral',0.0258000000,0.1092000000,0.9123000000,0.1225000000),(649,'#677a53','Fair','Warm',0.4601000000,0.5550000000,0.6558000000,0.3987000000),(650,'#07c559','Fair','Warm',0.8671000000,0.0338000000,0.8646000000,0.5701000000),(651,'#070a14','Deep','Cool',0.1051000000,0.5384000000,0.7581000000,0.6976000000),(652,'#8665e8','Fair','Warm',0.2663000000,0.7199000000,0.8797000000,0.3376000000),(653,'#60a784','Fair','Cool',0.2199000000,0.0958000000,0.3204000000,0.0730000000),(654,'#8b2835','Deep','Cool',0.6290000000,0.2288000000,0.7249000000,0.5120000000),(655,'#0c8186','Medium','Warm',0.6380000000,0.4908000000,0.2999000000,0.1508000000),(656,'#09acbd','Deep','Neutral',0.0686000000,0.9185000000,0.1206000000,0.3271000000),(657,'#dbd92d','Deep','Warm',0.9018000000,0.9958000000,0.6210000000,0.7942000000),(658,'#cce32d','Deep','Warm',0.1218000000,0.9896000000,0.6102000000,0.5754000000),(659,'#310458','Medium','Cool',0.7584000000,0.0920000000,0.6493000000,0.2894000000),(660,'#17312c','Medium','Neutral',0.9844000000,0.3457000000,0.6035000000,0.3858000000),(661,'#0025ea','Fair','Cool',0.3583000000,0.9454000000,0.9559000000,0.2493000000),(662,'#42fbdb','Fair','Neutral',0.9527000000,0.8831000000,0.6330000000,0.3849000000),(663,'#5ee15e','Deep','Cool',0.4499000000,0.1701000000,0.8445000000,0.3321000000),(664,'#25f57e','Fair','Neutral',0.5339000000,0.1482000000,0.0943000000,0.2685000000),(665,'#565e29','Medium','Cool',0.5654000000,0.4195000000,0.7874000000,0.0192000000),(666,'#1fbc7d','Fair','Neutral',0.3171000000,0.0764000000,0.6222000000,0.4244000000),(667,'#e35a31','Medium','Cool',0.9630000000,0.1820000000,0.4907000000,0.1278000000),(668,'#5e9f9b','Medium','Cool',0.7292000000,0.8429000000,0.8973000000,0.8469000000),(669,'#c4ad79','Deep','Neutral',0.8822000000,0.2618000000,0.0415000000,0.8452000000),(670,'#767030','Medium','Neutral',0.0030000000,0.5284000000,0.3449000000,0.0087000000),(671,'#41878c','Medium','Neutral',0.5944000000,0.3346000000,0.6532000000,0.2056000000),(672,'#9f86ef','Fair','Neutral',0.5826000000,0.2084000000,0.2199000000,0.9767000000),(673,'#8440db','Deep','Warm',0.9748000000,0.8756000000,0.7811000000,0.1560000000),(674,'#b2fe49','Fair','Warm',0.5717000000,0.0320000000,0.2477000000,0.5961000000),(675,'#461dce','Medium','Neutral',0.2720000000,0.9379000000,0.3773000000,0.3370000000),(676,'#bd09eb','Fair','Cool',0.9549000000,0.0555000000,0.2789000000,0.7130000000),(677,'#894481','Fair','Cool',0.6577000000,0.3860000000,0.4551000000,0.6563000000),(678,'#3d67cf','Fair','Neutral',0.1919000000,0.8005000000,0.2443000000,0.7606000000),(679,'#c1da87','Medium','Warm',0.3460000000,0.9793000000,0.2765000000,0.3561000000),(680,'#bc2a02','Medium','Neutral',0.2590000000,0.1637000000,0.6378000000,0.3803000000),(681,'#b5ee3c','Fair','Cool',0.0751000000,0.5269000000,0.4003000000,0.5972000000),(682,'#ead139','Deep','Cool',0.3061000000,0.8710000000,0.0410000000,0.4352000000),(683,'#c6d4ed','Fair','Neutral',0.2362000000,0.4238000000,0.6925000000,0.6906000000),(684,'#870daa','Deep','Warm',0.2554000000,0.3867000000,0.2415000000,0.0428000000),(685,'#7c3611','Medium','Neutral',0.2907000000,0.4493000000,0.7806000000,0.9815000000),(686,'#75c36b','Fair','Neutral',0.0719000000,0.6117000000,0.9442000000,0.1480000000),(687,'#1c9b6d','Fair','Neutral',0.3232000000,0.3124000000,0.7517000000,0.0112000000),(688,'#48cdbf','Fair','Warm',0.6054000000,0.4137000000,0.1369000000,0.4458000000),(689,'#848e0a','Deep','Cool',0.1748000000,0.8396000000,0.4917000000,0.1114000000),(690,'#7d939e','Medium','Warm',0.9705000000,0.9460000000,0.3584000000,0.0746000000),(691,'#8fc928','Deep','Neutral',0.9421000000,0.0991000000,0.8257000000,0.5400000000),(692,'#ce2a76','Medium','Cool',0.7748000000,0.8953000000,0.7884000000,0.7258000000),(693,'#15ecab','Medium','Cool',0.2028000000,0.1990000000,0.3899000000,0.5444000000),(694,'#09c9ba','Fair','Neutral',0.4107000000,0.8851000000,0.9393000000,0.9669000000),(695,'#ee6393','Fair','Neutral',0.9770000000,0.5001000000,0.2138000000,0.8818000000),(696,'#5fa092','Deep','Neutral',0.1388000000,0.2419000000,0.7704000000,0.0589000000),(697,'#453f65','Medium','Warm',0.9170000000,0.0845000000,0.0124000000,0.3600000000),(698,'#9dc0d7','Fair','Warm',0.2165000000,0.0743000000,0.8376000000,0.4905000000),(699,'#6ba19e','Medium','Cool',0.5719000000,0.0029000000,0.9175000000,0.4293000000),(700,'#021875','Fair','Cool',0.4766000000,0.2262000000,0.1573000000,0.7471000000),(701,'#b32032','Deep','Cool',0.0338000000,0.4305000000,0.5593000000,0.4924000000),(702,'#dab366','Fair','Cool',0.3649000000,0.7786000000,0.9346000000,0.6551000000),(703,'#bd7d74','Deep','Cool',0.0662000000,0.5054000000,0.3609000000,0.4947000000),(704,'#b3bacd','Fair','Warm',0.0063000000,0.3396000000,0.5487000000,0.2857000000),(705,'#02be95','Medium','Neutral',0.7885000000,0.4960000000,0.7471000000,0.0749000000),(706,'#362413','Medium','Cool',0.0259000000,0.6383000000,0.0933000000,0.4382000000),(707,'#cca459','Fair','Cool',0.3026000000,0.4584000000,0.7282000000,0.9107000000),(708,'#1b2de3','Fair','Neutral',0.9072000000,0.6630000000,0.9622000000,0.1325000000),(709,'#2f91e2','Medium','Neutral',0.8144000000,0.6507000000,0.3665000000,0.3435000000),(710,'#77d0c0','Deep','Warm',0.2230000000,0.5010000000,0.4329000000,0.2962000000),(711,'#512873','Deep','Neutral',0.4137000000,0.7378000000,0.4254000000,0.5709000000),(712,'#dd68ac','Medium','Cool',0.2040000000,0.8575000000,0.8364000000,0.8934000000),(713,'#85c0c9','Deep','Neutral',0.9422000000,0.2242000000,0.0044000000,0.6821000000),(714,'#c6245e','Deep','Neutral',0.7958000000,0.7987000000,0.1042000000,0.9360000000),(715,'#709a6f','Fair','Cool',0.1002000000,0.6239000000,0.6573000000,0.1907000000),(716,'#9a4918','Medium','Cool',0.3875000000,0.2108000000,0.3941000000,0.3027000000),(717,'#99f81c','Deep','Cool',0.0804000000,0.5634000000,0.0265000000,0.7174000000),(718,'#d1115d','Fair','Warm',0.3583000000,0.3476000000,0.9513000000,0.9615000000),(719,'#876267','Deep','Warm',0.9030000000,0.1496000000,0.6869000000,0.8170000000),(720,'#21d224','Medium','Warm',0.3487000000,0.0073000000,0.0804000000,0.7007000000),(721,'#f5add3','Fair','Cool',0.6805000000,0.8455000000,0.5768000000,0.0598000000),(722,'#85e380','Deep','Warm',0.3022000000,0.9350000000,0.9621000000,0.5621000000),(723,'#755cda','Fair','Neutral',0.9811000000,0.9028000000,0.0600000000,0.9727000000),(724,'#b061d5','Medium','Cool',0.9807000000,0.6276000000,0.8302000000,0.3174000000),(725,'#ecb10c','Medium','Neutral',0.6314000000,0.3616000000,0.9218000000,0.6461000000),(726,'#e115a8','Medium','Cool',0.2923000000,0.4575000000,0.2112000000,0.7152000000),(727,'#dfde92','Deep','Warm',0.6040000000,0.8821000000,0.3309000000,0.9223000000),(728,'#a0bd46','Medium','Neutral',0.8605000000,0.4257000000,0.3026000000,0.7532000000),(729,'#ba4e24','Deep','Warm',0.1851000000,0.3349000000,0.6542000000,0.5259000000),(730,'#7d0418','Deep','Neutral',0.1692000000,0.4880000000,0.5262000000,0.0994000000),(731,'#f35895','Fair','Warm',0.9948000000,0.8049000000,0.7669000000,0.8369000000),(732,'#719598','Deep','Cool',0.3558000000,0.8376000000,0.5869000000,0.0798000000),(733,'#699b23','Deep','Warm',0.8420000000,0.7459000000,0.1133000000,0.3085000000),(734,'#2a5cc2','Deep','Warm',0.8303000000,0.6584000000,0.3531000000,0.1290000000),(735,'#60d90b','Fair','Cool',0.4682000000,0.7543000000,0.5467000000,0.2674000000),(736,'#405cab','Deep','Warm',0.3795000000,0.6139000000,0.4535000000,0.5513000000),(737,'#32ff08','Deep','Warm',0.5277000000,0.9049000000,0.2729000000,0.7422000000),(738,'#f2c895','Fair','Neutral',0.3405000000,0.5624000000,0.2499000000,0.3898000000),(739,'#f83b56','Deep','Cool',0.5852000000,0.7641000000,0.5832000000,0.6780000000),(740,'#d0193e','Deep','Neutral',0.7494000000,0.7900000000,0.5872000000,0.6519000000),(741,'#993ce1','Medium','Cool',0.9982000000,0.8003000000,0.1297000000,0.0164000000),(742,'#f2d4ef','Deep','Cool',0.7084000000,0.5184000000,0.4251000000,0.6511000000),(743,'#c901c6','Medium','Cool',0.0825000000,0.9125000000,0.0520000000,0.9136000000),(744,'#97d867','Deep','Cool',0.3446000000,0.5284000000,0.4835000000,0.0352000000),(745,'#0b3f77','Medium','Neutral',0.3783000000,0.6990000000,0.7479000000,0.3848000000),(746,'#80aeb9','Fair','Neutral',0.1747000000,0.3673000000,0.6040000000,0.9122000000),(747,'#55991a','Fair','Neutral',0.0373000000,0.9579000000,0.1192000000,0.1312000000),(748,'#10e89d','Fair','Neutral',0.7815000000,0.9263000000,0.9979000000,0.1974000000),(749,'#397de7','Deep','Neutral',0.4929000000,0.2140000000,0.2534000000,0.4340000000),(750,'#f67d08','Deep','Neutral',0.2911000000,0.5451000000,0.3439000000,0.3157000000),(751,'#e63664','Medium','Warm',0.0561000000,0.9922000000,0.2070000000,0.2122000000),(752,'#5225c3','Deep','Neutral',0.0415000000,0.1580000000,0.7965000000,0.0468000000),(753,'#f5f9f4','Medium','Warm',0.6186000000,0.6763000000,0.9900000000,0.6639000000),(754,'#de7c54','Deep','Cool',0.0754000000,0.1293000000,0.1092000000,0.6893000000),(755,'#826065','Fair','Cool',0.6846000000,0.5602000000,0.1485000000,0.4235000000),(756,'#b8fa61','Fair','Warm',0.3134000000,0.4866000000,0.7633000000,0.1468000000),(757,'#d92594','Medium','Warm',0.3201000000,0.6669000000,0.6940000000,0.5738000000),(758,'#2ac55f','Deep','Neutral',0.8608000000,0.3375000000,0.1808000000,0.1645000000),(759,'#212eb3','Deep','Warm',0.2037000000,0.7239000000,0.1539000000,0.5683000000),(760,'#adece0','Fair','Cool',0.5524000000,0.7322000000,0.8588000000,0.5454000000),(761,'#144e77','Deep','Cool',0.0245000000,0.2129000000,0.4131000000,0.8317000000),(762,'#dbf032','Medium','Cool',0.0464000000,0.6918000000,0.4001000000,0.4845000000),(763,'#6545c7','Medium','Neutral',0.4522000000,0.3010000000,0.5633000000,0.6912000000),(764,'#3bff45','Fair','Warm',0.1452000000,0.5988000000,0.5941000000,0.9094000000),(765,'#0c86a5','Deep','Warm',0.7654000000,0.2457000000,0.3797000000,0.7748000000),(766,'#d5de2e','Fair','Cool',0.9646000000,0.1548000000,0.5634000000,0.7828000000),(767,'#9054a3','Deep','Cool',0.3733000000,0.4695000000,0.7300000000,0.4690000000),(768,'#94b83f','Fair','Neutral',0.5880000000,0.2915000000,0.9384000000,0.6125000000),(769,'#03fdf8','Deep','Neutral',0.9150000000,0.5260000000,0.5436000000,0.2523000000),(770,'#a239fe','Fair','Cool',0.0459000000,0.7279000000,0.3890000000,0.2429000000),(771,'#c10f8d','Deep','Neutral',0.0300000000,0.0838000000,0.4371000000,0.7003000000),(772,'#231d7e','Medium','Warm',0.1983000000,0.2374000000,0.5347000000,0.0659000000),(773,'#922f25','Deep','Neutral',0.9962000000,0.9956000000,0.3910000000,0.8668000000),(774,'#629a38','Medium','Warm',0.9662000000,0.7474000000,0.8602000000,0.7780000000),(775,'#5f7dea','Fair','Cool',0.4313000000,0.2632000000,0.0246000000,0.0223000000),(776,'#c54bdc','Deep','Neutral',0.0696000000,0.7816000000,0.0448000000,0.1877000000),(777,'#7519ea','Deep','Cool',0.1049000000,0.6881000000,0.3641000000,0.1813000000),(778,'#8f4ee3','Fair','Warm',0.5711000000,0.6527000000,0.1635000000,0.8822000000),(779,'#efa4b1','Medium','Cool',0.4641000000,0.3936000000,0.4436000000,0.2975000000),(780,'#050fcf','Medium','Warm',0.9738000000,0.2042000000,0.3070000000,0.2314000000),(781,'#1cbf52','Fair','Warm',0.4773000000,0.5066000000,0.2140000000,0.9139000000),(782,'#6485ab','Deep','Warm',0.2215000000,0.5255000000,0.0244000000,0.0503000000),(783,'#2c461a','Deep','Neutral',0.1108000000,0.9714000000,0.0906000000,0.1213000000),(784,'#e0db09','Medium','Warm',0.1809000000,0.6765000000,0.1067000000,0.6078000000),(785,'#7b5137','Fair','Warm',0.3983000000,0.8911000000,0.4987000000,0.6207000000),(786,'#f362d6','Fair','Neutral',0.2338000000,0.5427000000,0.7778000000,0.2234000000),(787,'#11bd6e','Fair','Neutral',0.0292000000,0.8107000000,0.0091000000,0.3663000000),(788,'#65c361','Medium','Warm',0.6607000000,0.3279000000,0.7805000000,0.0534000000),(789,'#8c65f0','Deep','Cool',0.4929000000,0.7532000000,0.1081000000,0.3500000000),(790,'#089c82','Fair','Neutral',0.1557000000,0.5858000000,0.5415000000,0.3192000000),(791,'#61a698','Fair','Warm',0.6855000000,0.1328000000,0.9794000000,0.5041000000),(792,'#8e064a','Fair','Warm',0.7525000000,0.4445000000,0.9170000000,0.1957000000),(793,'#9feb06','Deep','Neutral',0.1274000000,0.0525000000,0.7763000000,0.4305000000),(794,'#030b24','Medium','Warm',0.7085000000,0.7064000000,0.1880000000,0.4739000000),(795,'#eef999','Medium','Warm',0.0982000000,0.7475000000,0.0534000000,0.0336000000),(796,'#b3a70e','Fair','Neutral',0.1775000000,0.7583000000,0.7421000000,0.3468000000),(797,'#397dd2','Deep','Neutral',0.8275000000,0.5698000000,0.8764000000,0.0568000000),(798,'#e9cf4a','Fair','Cool',0.6090000000,0.1997000000,0.4890000000,0.2194000000),(799,'#8a51b4','Medium','Cool',0.3279000000,0.0960000000,0.6429000000,0.5297000000),(800,'#584894','Fair','Cool',0.5193000000,0.4500000000,0.1644000000,0.6351000000),(801,'#f4d757','Fair','Neutral',0.1343000000,0.9649000000,0.7876000000,0.0642000000),(802,'#b2ef42','Deep','Warm',0.4687000000,0.5506000000,0.9742000000,0.4715000000),(803,'#270337','Deep','Warm',0.1191000000,0.1350000000,0.9738000000,0.1382000000),(804,'#3fd823','Deep','Cool',0.4762000000,0.3110000000,0.4850000000,0.1746000000),(805,'#0b3756','Deep','Warm',0.5649000000,0.7347000000,0.2849000000,0.7866000000),(806,'#530b5c','Deep','Cool',0.1902000000,0.3404000000,0.4639000000,0.6847000000),(807,'#1dc1a3','Fair','Warm',0.3010000000,0.4722000000,0.8266000000,0.7350000000),(808,'#625e02','Fair','Cool',0.1453000000,0.1376000000,0.4967000000,0.2553000000),(809,'#4cf71e','Medium','Cool',0.7169000000,0.1670000000,0.4263000000,0.4745000000),(810,'#f1fb26','Medium','Neutral',0.3916000000,0.3619000000,0.0619000000,0.6358000000),(811,'#4a9ae6','Deep','Neutral',0.0371000000,0.9581000000,0.3671000000,0.3371000000),(812,'#e48c00','Deep','Neutral',0.1590000000,0.9879000000,0.7139000000,0.1534000000),(813,'#521635','Medium','Warm',0.1425000000,0.9627000000,0.2782000000,0.4339000000),(814,'#5f07de','Deep','Neutral',0.5525000000,0.2744000000,0.6322000000,0.8749000000),(815,'#0fc1a9','Deep','Neutral',0.6452000000,0.7608000000,0.1464000000,0.8668000000),(816,'#d44f87','Fair','Warm',0.9778000000,0.4787000000,0.9205000000,0.1594000000),(817,'#d5aaf3','Medium','Cool',0.0240000000,0.8945000000,0.6532000000,0.0417000000),(818,'#8af88c','Fair','Cool',0.9890000000,0.5258000000,0.7224000000,0.7410000000),(819,'#961f9d','Fair','Warm',0.9885000000,0.6284000000,0.3687000000,0.1141000000),(820,'#9ebac2','Medium','Cool',0.0596000000,0.0197000000,0.3052000000,0.4366000000),(821,'#ed97d5','Fair','Neutral',0.6715000000,0.0294000000,0.6622000000,0.2481000000),(822,'#a91512','Medium','Warm',0.3703000000,0.8385000000,0.1429000000,0.4413000000),(823,'#fad04e','Medium','Cool',0.4631000000,0.6059000000,0.7587000000,0.3999000000),(824,'#0882f4','Fair','Cool',0.2154000000,0.8565000000,0.9256000000,0.4809000000),(825,'#e00d7d','Fair','Neutral',0.7800000000,0.2639000000,0.5813000000,0.8315000000),(826,'#5799c1','Medium','Warm',0.7121000000,0.1114000000,0.7119000000,0.3779000000),(827,'#b1dd2b','Fair','Cool',0.9938000000,0.9903000000,0.1965000000,0.3964000000),(828,'#d8cc06','Medium','Neutral',0.5520000000,0.6659000000,0.6547000000,0.9302000000),(829,'#a9487c','Fair','Neutral',0.0275000000,0.1002000000,0.9316000000,0.8918000000),(830,'#0e4e08','Medium','Cool',0.8590000000,0.5493000000,0.5866000000,0.4966000000),(831,'#83a2cf','Deep','Neutral',0.7007000000,0.5883000000,0.8083000000,0.2136000000),(832,'#c13ca5','Medium','Cool',0.4161000000,0.1700000000,0.2677000000,0.0749000000),(833,'#307182','Medium','Neutral',0.1228000000,0.5855000000,0.3728000000,0.0767000000),(834,'#f3d5e8','Fair','Cool',0.3266000000,0.3436000000,0.7483000000,0.3680000000),(835,'#81ebcc','Fair','Neutral',0.1876000000,0.0262000000,0.4992000000,0.0257000000),(836,'#c5b248','Medium','Neutral',0.3154000000,0.8257000000,0.0359000000,0.3476000000),(837,'#8b3367','Fair','Cool',0.4344000000,0.6331000000,0.9100000000,0.7740000000),(838,'#b6aea4','Medium','Warm',0.0176000000,0.7415000000,0.6514000000,0.1360000000),(839,'#e79f30','Medium','Warm',0.7805000000,0.7738000000,0.1881000000,0.3160000000),(840,'#258203','Medium','Neutral',0.1407000000,0.8280000000,0.5139000000,0.8207000000),(841,'#646e33','Fair','Neutral',0.7265000000,0.5466000000,0.7284000000,0.6005000000),(842,'#269425','Fair','Cool',0.6902000000,0.3224000000,0.4869000000,0.0438000000),(843,'#eb93b6','Deep','Warm',0.3352000000,0.4455000000,0.5520000000,0.1209000000),(844,'#31c085','Deep','Neutral',0.1062000000,0.4061000000,0.9820000000,0.6789000000),(845,'#eae301','Deep','Neutral',0.9761000000,0.8979000000,0.7542000000,0.4207000000),(846,'#dbc188','Fair','Neutral',0.8794000000,0.2725000000,0.5059000000,0.9272000000),(847,'#25ca8a','Medium','Warm',0.0502000000,0.1371000000,0.7117000000,0.8498000000),(848,'#fc3646','Medium','Warm',0.7554000000,0.9354000000,0.8754000000,0.1638000000),(849,'#d41bf7','Medium','Warm',0.8428000000,0.1426000000,0.1102000000,0.9944000000),(850,'#ac5a84','Deep','Cool',0.6593000000,0.4416000000,0.6936000000,0.7984000000),(851,'#e38c95','Medium','Cool',0.0778000000,0.9533000000,0.5921000000,0.6602000000),(852,'#d6eb11','Fair','Warm',0.0631000000,0.4351000000,0.3754000000,0.1583000000),(853,'#dc1fa9','Medium','Cool',0.8573000000,0.8006000000,0.6803000000,0.0550000000),(854,'#7ae819','Deep','Neutral',0.7639000000,0.7135000000,0.9675000000,0.0110000000),(855,'#d1fb13','Medium','Warm',0.9068000000,0.4817000000,0.9056000000,0.4841000000),(856,'#c5f140','Fair','Cool',0.8552000000,0.4649000000,0.7032000000,0.1091000000),(857,'#c39eac','Fair','Cool',0.2596000000,0.0362000000,0.6205000000,0.6382000000),(858,'#52dded','Deep','Cool',0.8505000000,0.3489000000,0.4615000000,0.2404000000),(859,'#468e75','Medium','Neutral',0.4300000000,0.6920000000,0.1641000000,0.7869000000),(860,'#982fcd','Deep','Neutral',0.9928000000,0.6183000000,0.6925000000,0.1228000000),(861,'#e6d63f','Fair','Warm',0.8502000000,0.5203000000,0.5118000000,0.8057000000),(862,'#55b7b7','Fair','Neutral',0.7443000000,0.4834000000,0.5861000000,0.8866000000),(863,'#322b0f','Deep','Warm',0.9733000000,0.4198000000,0.9628000000,0.8270000000),(864,'#a0a344','Medium','Warm',0.8388000000,0.7482000000,0.6730000000,0.6582000000),(865,'#5deae4','Deep','Cool',0.7255000000,0.9968000000,0.5173000000,0.7061000000),(866,'#38833a','Medium','Neutral',0.5287000000,0.7775000000,0.7745000000,0.2068000000),(867,'#aa5954','Fair','Cool',0.0510000000,0.8600000000,0.5890000000,0.6992000000),(868,'#6341f6','Fair','Neutral',0.2715000000,0.2636000000,0.8899000000,0.4516000000),(869,'#e3a98e','Medium','Neutral',0.2179000000,0.4086000000,0.9262000000,0.8408000000),(870,'#6f25d1','Fair','Cool',0.8591000000,0.1239000000,0.3582000000,0.6249000000),(871,'#41e8b1','Fair','Cool',0.7964000000,0.0247000000,0.7486000000,0.8520000000),(872,'#9d5a89','Fair','Neutral',0.7282000000,0.1539000000,0.0633000000,0.3913000000),(873,'#b8052c','Deep','Cool',0.7664000000,0.4840000000,0.9816000000,0.2298000000),(874,'#9ad5cd','Medium','Neutral',0.6212000000,0.1767000000,0.9136000000,0.7295000000),(875,'#214b1e','Deep','Cool',0.2267000000,0.6564000000,0.7514000000,0.3344000000),(876,'#cb7206','Deep','Neutral',0.8160000000,0.1229000000,0.7137000000,0.4706000000),(877,'#7f14aa','Fair','Warm',0.7788000000,0.6325000000,0.2902000000,0.4089000000),(878,'#8643a7','Fair','Neutral',0.2574000000,0.9301000000,0.6081000000,0.1363000000),(879,'#5ded08','Fair','Cool',0.4684000000,0.0149000000,0.6245000000,0.6735000000),(880,'#297873','Fair','Neutral',0.3725000000,0.8236000000,0.3068000000,0.1652000000),(881,'#24eb10','Deep','Cool',0.2645000000,0.5728000000,0.5324000000,0.5181000000),(882,'#e8a957','Medium','Warm',0.2181000000,0.7733000000,0.2585000000,0.5993000000),(883,'#f35ed0','Medium','Warm',0.5006000000,0.2601000000,0.8938000000,0.3657000000),(884,'#337b43','Fair','Warm',0.4534000000,0.3592000000,0.6281000000,0.6548000000),(885,'#0d8415','Deep','Neutral',0.2050000000,0.7687000000,0.3397000000,0.6514000000),(886,'#08205b','Fair','Cool',0.8193000000,0.8343000000,0.8301000000,0.9195000000),(887,'#eea9b2','Fair','Neutral',0.0166000000,0.1744000000,0.8020000000,0.2387000000),(888,'#188d82','Deep','Cool',0.9170000000,0.0695000000,0.6768000000,0.3418000000),(889,'#fb2a4f','Deep','Cool',0.2482000000,0.1590000000,0.7997000000,0.0972000000),(890,'#f55311','Fair','Neutral',0.7869000000,0.2038000000,0.5697000000,0.0304000000),(891,'#ade590','Medium','Neutral',0.3952000000,0.5638000000,0.9875000000,0.2516000000),(892,'#2dc0d4','Fair','Warm',0.1487000000,0.3641000000,0.9845000000,0.7627000000),(893,'#1d5159','Deep','Warm',0.5228000000,0.4034000000,0.8227000000,0.1598000000),(894,'#30e281','Medium','Neutral',0.3985000000,0.0397000000,0.2169000000,0.2624000000),(895,'#39951f','Deep','Cool',0.9141000000,0.2322000000,0.2195000000,0.7334000000),(896,'#f6a398','Fair','Cool',0.4960000000,0.2131000000,0.3062000000,0.2198000000),(897,'#5d9109','Fair','Cool',0.2742000000,0.7226000000,0.0818000000,0.2835000000),(898,'#e87dde','Medium','Warm',0.1778000000,0.0366000000,0.5853000000,0.3963000000),(899,'#40634d','Fair','Neutral',0.9745000000,0.6021000000,0.6413000000,0.5675000000),(900,'#a96728','Deep','Warm',0.0883000000,0.0492000000,0.1564000000,0.8251000000),(901,'#c3232e','Medium','Neutral',0.8918000000,0.4647000000,0.5384000000,0.6569000000),(902,'#7702a9','Fair','Warm',0.1863000000,0.4379000000,0.9521000000,0.4861000000),(903,'#41cdab','Fair','Warm',0.8937000000,0.4346000000,0.1253000000,0.6848000000),(904,'#cc88e7','Deep','Neutral',0.7974000000,0.2705000000,0.1643000000,0.8479000000),(905,'#fb0d0c','Fair','Warm',0.7888000000,0.1552000000,0.5567000000,0.7700000000),(906,'#856d3c','Deep','Neutral',0.2543000000,0.3478000000,0.0921000000,0.2403000000),(907,'#ad291c','Fair','Warm',0.5819000000,0.7340000000,0.9170000000,0.6157000000),(908,'#a59533','Fair','Neutral',0.5654000000,0.4581000000,0.4498000000,0.3448000000),(909,'#fc1e4a','Fair','Cool',0.2342000000,0.5125000000,0.2656000000,0.4054000000),(910,'#57bcb2','Medium','Cool',0.4115000000,0.9928000000,0.0049000000,0.0591000000),(911,'#ad91e5','Fair','Warm',0.5323000000,0.0602000000,0.5835000000,0.7978000000),(912,'#7698a3','Medium','Warm',0.3887000000,0.3814000000,0.1276000000,0.4086000000),(913,'#81d1d8','Medium','Warm',0.8601000000,0.6915000000,0.7459000000,0.6764000000),(914,'#e4701c','Medium','Warm',0.4081000000,0.3897000000,0.8878000000,0.1608000000),(915,'#0e11fa','Fair','Neutral',0.4785000000,0.3633000000,0.8648000000,0.7993000000),(916,'#01b4e1','Deep','Neutral',0.9437000000,0.5596000000,0.6537000000,0.5290000000),(917,'#6c6123','Deep','Neutral',0.1889000000,0.7309000000,0.9910000000,0.8701000000),(918,'#6c0b46','Fair','Neutral',0.6815000000,0.1462000000,0.1008000000,0.7116000000),(919,'#825f3c','Fair','Cool',0.1411000000,0.8107000000,0.9546000000,0.6127000000),(920,'#ec1358','Fair','Warm',0.2304000000,0.8172000000,0.7495000000,0.0706000000),(921,'#c14050','Deep','Warm',0.7513000000,0.9578000000,0.5217000000,0.3688000000),(922,'#b4a0b6','Fair','Neutral',0.1078000000,0.9532000000,0.2552000000,0.9496000000),(923,'#609010','Fair','Cool',0.2564000000,0.9424000000,0.8800000000,0.2333000000),(924,'#61cf6a','Deep','Neutral',0.2507000000,0.5982000000,0.8166000000,0.8481000000),(925,'#a22709','Medium','Cool',0.5132000000,0.4671000000,0.0774000000,0.2039000000),(926,'#d27f00','Deep','Warm',0.0841000000,0.5158000000,0.8510000000,0.1010000000),(927,'#d22789','Deep','Warm',0.6686000000,0.1929000000,0.5105000000,0.9986000000),(928,'#3731b3','Medium','Neutral',0.4277000000,0.3700000000,0.6551000000,0.7008000000),(929,'#6588d1','Medium','Cool',0.1327000000,0.4715000000,0.2792000000,0.7090000000),(930,'#8a4cd0','Fair','Neutral',0.5026000000,0.4054000000,0.3809000000,0.5994000000),(931,'#e3582a','Medium','Warm',0.9273000000,0.9784000000,0.1628000000,0.5465000000),(932,'#a2d949','Medium','Warm',0.9240000000,0.8238000000,0.9260000000,0.1525000000),(933,'#dc9ed7','Fair','Cool',0.1635000000,0.9447000000,0.6134000000,0.4422000000),(934,'#0a5b70','Medium','Warm',0.0802000000,0.6705000000,0.4400000000,0.5261000000),(935,'#6a08c1','Deep','Neutral',0.2556000000,0.8372000000,0.7119000000,0.8475000000),(936,'#245bc4','Deep','Neutral',0.6821000000,0.8789000000,0.9720000000,0.2124000000),(937,'#75d79a','Deep','Neutral',0.1305000000,0.2057000000,0.9054000000,0.9969000000),(938,'#e35f07','Medium','Neutral',0.9292000000,0.9912000000,0.1659000000,0.9735000000),(939,'#d399b4','Fair','Cool',0.7397000000,0.8382000000,0.2399000000,0.9217000000),(940,'#b7c3ff','Fair','Neutral',0.6984000000,0.6716000000,0.8894000000,0.4618000000),(941,'#70837c','Medium','Cool',0.1784000000,0.3712000000,0.7891000000,0.6214000000),(942,'#b4bd32','Medium','Neutral',0.6538000000,0.0166000000,0.7521000000,0.5411000000),(943,'#0bea65','Medium','Cool',0.0705000000,0.2333000000,0.7210000000,0.6965000000),(944,'#acb5e1','Deep','Neutral',0.0827000000,0.0394000000,0.1907000000,0.3089000000),(945,'#16074d','Deep','Warm',0.8863000000,0.1126000000,0.6309000000,0.8378000000),(946,'#fd0be8','Deep','Cool',0.5699000000,0.9037000000,0.0629000000,0.0030000000),(947,'#ff0862','Medium','Cool',0.4461000000,0.0117000000,0.2076000000,0.7265000000),(948,'#b1dae0','Fair','Neutral',0.9966000000,0.0052000000,0.9748000000,0.3422000000),(949,'#ef6217','Fair','Neutral',0.4207000000,0.8749000000,0.8094000000,0.9642000000),(950,'#3300ac','Fair','Cool',0.8280000000,0.6029000000,0.9884000000,0.0255000000),(951,'#5b93c9','Fair','Cool',0.3903000000,0.6282000000,0.2779000000,0.8186000000),(952,'#f0b34c','Deep','Neutral',0.4174000000,0.8827000000,0.1401000000,0.8746000000),(953,'#2f956f','Fair','Cool',0.8795000000,0.9423000000,0.8141000000,0.3045000000),(954,'#c4bca8','Fair','Warm',0.1134000000,0.6017000000,0.9537000000,0.0574000000),(955,'#4191a4','Deep','Neutral',0.0029000000,0.1457000000,0.0211000000,0.9671000000),(956,'#36b532','Fair','Warm',0.7361000000,0.1836000000,0.4160000000,0.2020000000),(957,'#1c2e4e','Deep','Cool',0.1843000000,0.9659000000,0.5359000000,0.2192000000),(958,'#53ddca','Fair','Warm',0.2451000000,0.1584000000,0.4748000000,0.8228000000),(959,'#7d958d','Fair','Neutral',0.2806000000,0.8940000000,0.7264000000,0.7920000000),(960,'#59844b','Fair','Cool',0.5634000000,0.4922000000,0.5023000000,0.6336000000),(961,'#b4a595','Medium','Cool',0.9286000000,0.6619000000,0.2443000000,0.9868000000),(962,'#31f738','Medium','Cool',0.4136000000,0.9368000000,0.6728000000,0.1666000000),(963,'#79e14d','Deep','Warm',0.8644000000,0.1020000000,0.3110000000,0.6101000000),(964,'#a776dd','Deep','Warm',0.1944000000,0.7313000000,0.3895000000,0.0534000000),(965,'#3a9fbe','Medium','Neutral',0.3311000000,0.3886000000,0.4612000000,0.2592000000),(966,'#df013d','Fair','Neutral',0.6906000000,0.6096000000,0.7380000000,0.8668000000),(967,'#b322ea','Fair','Neutral',0.8503000000,0.3347000000,0.4699000000,0.2548000000),(968,'#7e278e','Fair','Warm',0.9785000000,0.4451000000,0.4800000000,0.4044000000),(969,'#cada70','Fair','Warm',0.2801000000,0.0448000000,0.4301000000,0.5549000000),(970,'#d624c2','Fair','Neutral',0.8089000000,0.0617000000,0.6232000000,0.8684000000),(971,'#24fd15','Deep','Cool',0.1040000000,0.0433000000,0.1210000000,0.1636000000),(972,'#cb7b11','Medium','Cool',0.2997000000,0.7580000000,0.5649000000,0.1444000000),(973,'#8118d2','Medium','Warm',0.6477000000,0.5729000000,0.2227000000,0.9486000000),(974,'#e73330','Fair','Cool',0.9171000000,0.0476000000,0.3163000000,0.3606000000),(975,'#7d05cd','Medium','Cool',0.0762000000,0.5860000000,0.6355000000,0.6932000000),(976,'#53086f','Medium','Warm',0.5196000000,0.6096000000,0.8019000000,0.4752000000),(977,'#b6cc6c','Deep','Cool',0.2724000000,0.9508000000,0.9536000000,0.2540000000),(978,'#534a3d','Deep','Warm',0.8854000000,0.2858000000,0.4846000000,0.7593000000),(979,'#67dc5c','Medium','Warm',0.3755000000,0.4921000000,0.5356000000,0.3430000000),(980,'#e4b9b7','Deep','Neutral',0.5714000000,0.1281000000,0.2280000000,0.1906000000),(981,'#95dea1','Deep','Neutral',0.7559000000,0.8495000000,0.8731000000,0.7064000000),(982,'#4e0d22','Deep','Neutral',0.4778000000,0.2847000000,0.8857000000,0.9281000000),(983,'#5ea28a','Medium','Cool',0.6140000000,0.3999000000,0.6967000000,0.3069000000),(984,'#a56960','Deep','Warm',0.0719000000,0.2345000000,0.6295000000,0.7203000000),(985,'#ca8f3d','Deep','Cool',0.1741000000,0.3512000000,0.0543000000,0.9503000000),(986,'#56c381','Fair','Neutral',0.9752000000,0.0248000000,0.4499000000,0.7279000000),(987,'#f8a8b7','Medium','Neutral',0.3659000000,0.3702000000,0.7149000000,0.0229000000),(988,'#d7ef98','Deep','Cool',0.0009000000,0.3475000000,0.4047000000,0.8062000000),(989,'#4a4a17','Deep','Neutral',0.0407000000,0.7809000000,0.8319000000,0.7585000000),(990,'#4152e4','Fair','Cool',0.8631000000,0.0219000000,0.1530000000,0.4425000000),(991,'#d95999','Fair','Cool',0.0403000000,0.0966000000,0.4918000000,0.2827000000),(992,'#5a3bd7','Medium','Cool',0.9146000000,0.1036000000,0.1543000000,0.7914000000),(993,'#b4e17c','Fair','Warm',0.6714000000,0.8579000000,0.4698000000,0.3001000000),(994,'#cecad3','Fair','Cool',0.7027000000,0.9136000000,0.4596000000,0.2489000000),(995,'#c34b63','Medium','Warm',0.0977000000,0.2911000000,0.1401000000,0.7660000000),(996,'#1e941a','Deep','Cool',0.5313000000,0.9679000000,0.3950000000,0.0445000000),(997,'#ca7c6e','Deep','Cool',0.6409000000,0.8238000000,0.3234000000,0.5971000000),(998,'#e7185c','Deep','Neutral',0.2810000000,0.7489000000,0.3551000000,0.3232000000),(999,'#9db5ac','Fair','Cool',0.5555000000,0.8888000000,0.9104000000,0.1792000000),(1000,'#c7bfa1','Fair','Neutral',0.5094000000,0.1773000000,0.6460000000,0.1688000000);
/*!40000 ALTER TABLE `productline` ENABLE KEYS */;
UNLOCK TABLES;
/*!40103 SET TIME_ZONE=@OLD_TIME_ZONE */;

/*!40101 SET SQL_MODE=@OLD_SQL_MODE */;
/*!40014 SET FOREIGN_KEY_CHECKS=@OLD_FOREIGN_KEY_CHECKS */;
/*!40014 SET UNIQUE_CHECKS=@OLD_UNIQUE_CHECKS */;
/*!40101 SET CHARACTER_SET_CLIENT=@OLD_CHARACTER_SET_CLIENT */;
/*!40101 SET CHARACTER_SET_RESULTS=@OLD_CHARACTER_SET_RESULTS */;
/*!40101 SET COLLATION_CONNECTION=@OLD_COLLATION_CONNECTION */;
/*!40111 SET SQL_NOTES=@OLD_SQL_NOTES */;

/*!40101 SET @OLD_CHARACTER_SET_CLIENT=@@CHARACTER_SET_CLIENT */;
/*!40101 SET @OLD_CHARACTER_SET_RESULTS=@@CHARACTER_SET_RESULTS */;
/*!40101 SET @OLD_COLLATION_CONNECTION=@@COLLATION_CONNECTION */;
/*!50503 SET NAMES utf8 */;
/*!40103 SET @OLD_TIME_ZONE=@@TIME_ZONE */;
/*!40103 SET TIME_ZONE='+00:00' */;
/*!40014 SET @OLD_UNIQUE_CHECKS=@@UNIQUE_CHECKS, UNIQUE_CHECKS=0 */;
/*!40014 SET @OLD_FOREIGN_KEY_CHECKS=@@FOREIGN_KEY_CHECKS, FOREIGN_KEY_CHECKS=0 */;
/*!40101 SET @OLD_SQL_MODE=@@SQL_MODE, SQL_MODE='NO_AUTO_VALUE_ON_ZERO' */;
/*!40111 SET @OLD_SQL_NOTES=@@SQL_NOTES, SQL_NOTES=0 */;

--
-- Table structure for table `pricing`
--

DROP TABLE IF EXISTS `pricing`;
/*!40101 SET @saved_cs_client     = @@character_set_client */;
/*!50503 SET character_set_client = utf8mb4 */;
CREATE TABLE `pricing` (
  `productId` varchar(10) NOT NULL,
  `productSize` decimal(10,2) NOT NULL,
  `unit` varchar(5) DEFAULT NULL,
  `pricePerUnit` decimal(10,2) DEFAULT NULL,
  PRIMARY KEY (`productId`,`productSize`),
  CONSTRAINT `pricing_ibfk_1` FOREIGN KEY (`productId`) REFERENCES `products` (`productId`)
) ENGINE=InnoDB DEFAULT CHARSET=utf8mb4 COLLATE=utf8mb4_0900_ai_ci;
/*!40101 SET character_set_client = @saved_cs_client */;

--
-- Dumping data for table `pricing`
--

LOCK TABLES `pricing` WRITE;
/*!40000 ALTER TABLE `pricing` DISABLE KEYS */;
INSERT INTO `pricing` VALUES ('A3-03-q1',0.16,'oz',21.54),('A3-03-x1',0.28,'oz',6.90),('A3-13-c1',1.08,'oz',2.03),('A3-13-s1',0.16,'oz',11.45),('A3-13-u1',0.28,'oz',12.57),('A3-23-i1',0.28,'oz',1.48),('A3-23-l1',0.16,'oz',31.24),('A3-43-c1',1.08,'oz',19.64),('A3-43-o1',3.50,'oz',31.66),('A3-53-c1',0.16,'oz',20.42),('A3-53-c1',1.08,'oz',23.49),('A3-53-n1',0.16,'oz',35.07),('A3-53-w1',0.16,'oz',18.26),('A3-63-d1',0.16,'oz',37.02),('A3-73-n1',0.28,'oz',4.04),('A3-73-p1',3.50,'oz',25.87),('A3-93-b1',0.28,'oz',7.26),('A3-93-j1',3.50,'oz',5.99),('A3-93-x1',3.50,'oz',34.24),('B3-03-r1',3.50,'oz',19.31),('B3-13-e1',0.28,'oz',24.30),('B3-13-j1',0.25,'oz',29.44),('B3-23-m1',1.08,'oz',25.40),('B3-33-m1',0.16,'oz',32.71),('B3-43-e1',0.16,'oz',32.63),('B3-43-r1',0.25,'oz',5.52),('B3-53-o1',0.28,'oz',4.82),('B3-63-b1',0.25,'oz',36.60),('B3-63-e1',1.08,'oz',29.70),('B3-63-k1',3.50,'oz',32.53),('B3-63-s1',3.50,'oz',19.36),('B3-63-y1',1.08,'oz',32.13),('B3-73-v1',1.08,'oz',11.32),('B3-83-i1',0.16,'oz',26.72),('B3-83-m1',1.08,'oz',35.89),('B3-83-r1',3.50,'oz',24.33),('C3-13-b1',0.16,'oz',14.97),('C3-23-d1',0.25,'oz',29.00),('C3-23-i1',3.50,'oz',12.47),('C3-33-d1',0.28,'oz',21.72),('C3-33-e1',0.16,'oz',15.15),('C3-33-u1',1.08,'oz',24.00),('C3-43-e1',0.28,'oz',33.94),('C3-43-h1',0.28,'oz',17.09),('C3-43-n1',0.16,'oz',16.14),('C3-43-o1',3.50,'oz',18.90),('C3-53-k1',1.08,'oz',9.89),('C3-53-r1',0.25,'oz',38.67),('C3-63-r1',0.25,'oz',7.28),('C3-73-d1',1.08,'oz',15.21),('C3-73-f1',0.28,'oz',22.88),('C3-73-s1',3.50,'oz',39.81),('C3-73-v1',1.08,'oz',10.16),('C3-83-b1',1.08,'oz',12.96),('C3-83-m1',0.28,'oz',22.25),('D3-03-c1',1.08,'oz',2.41),('D3-03-p1',1.08,'oz',37.83),('D3-13-d1',1.08,'oz',16.47),('D3-13-x1',0.16,'oz',4.98),('D3-23-b1',0.25,'oz',20.74),('D3-23-h1',0.25,'oz',20.34),('D3-23-j1',1.08,'oz',36.98),('D3-23-t1',0.25,'oz',29.78),('D3-53-b1',0.28,'oz',9.32),('D3-53-s1',0.28,'oz',22.46),('D3-63-s1',0.28,'oz',20.41),('D3-63-s1',3.50,'oz',10.92),('D3-73-h1',3.50,'oz',6.94),('D3-73-n1',0.25,'oz',17.31),('D3-83-w1',0.28,'oz',20.63),('D3-93-c1',0.28,'oz',32.65),('E3-03-q1',0.28,'oz',2.60),('E3-13-v1',0.16,'oz',9.84),('E3-33-c1',0.25,'oz',35.86),('E3-33-g1',0.28,'oz',4.31),('E3-43-o1',3.50,'oz',2.32),('E3-43-v1',0.28,'oz',35.04),('E3-53-e1',3.50,'oz',13.31),('E3-53-j1',0.25,'oz',36.59),('E3-53-o1',0.16,'oz',7.98),('E3-53-w1',0.25,'oz',35.72),('E3-63-j1',3.50,'oz',11.13),('E3-63-p1',0.16,'oz',39.89),('E3-63-u1',0.28,'oz',27.72),('E3-73-m1',0.16,'oz',15.16),('E3-73-s1',0.25,'oz',32.20),('E3-73-x1',1.08,'oz',6.22),('E3-73-x1',3.50,'oz',24.33),('E3-83-c1',0.16,'oz',8.30),('E3-83-p1',0.28,'oz',2.83),('E3-93-c1',0.16,'oz',26.96),('E3-93-l1',3.50,'oz',19.40),('F3-03-a1',0.25,'oz',4.09),('F3-13-f1',0.16,'oz',20.35),('F3-13-r1',3.50,'oz',34.81),('F3-13-t1',0.25,'oz',28.20),('F3-13-z1',0.28,'oz',16.77),('F3-23-b1',1.08,'oz',8.61),('F3-23-c1',0.25,'oz',21.48),('F3-23-l1',0.25,'oz',28.09),('F3-33-f1',0.28,'oz',28.23),('F3-33-o1',0.25,'oz',33.56),('F3-43-a1',1.08,'oz',1.76),('F3-53-l1',3.50,'oz',34.12),('F3-53-m1',1.08,'oz',23.19),('F3-53-x1',0.25,'oz',20.16),('F3-63-i1',0.28,'oz',35.09),('F3-73-c1',0.25,'oz',22.69),('F3-73-o1',1.08,'oz',23.82),('F3-73-t1',0.16,'oz',11.69),('F3-73-x1',1.08,'oz',25.92),('F3-83-e1',1.08,'oz',37.65),('F3-83-f1',0.28,'oz',34.36),('F3-83-m1',0.16,'oz',26.38),('F3-83-r1',0.25,'oz',34.34),('F3-83-w1',0.28,'oz',15.18),('F3-93-w1',3.50,'oz',7.50),('G3-03-j1',0.25,'oz',14.48),('G3-03-l1',0.16,'oz',7.75),('G3-03-x1',3.50,'oz',8.09),('G3-03-y1',0.25,'oz',3.16),('G3-13-n1',1.08,'oz',35.80),('G3-13-o1',0.28,'oz',39.86),('G3-23-k1',0.28,'oz',14.88),('G3-23-r1',0.16,'oz',6.33),('G3-33-b1',1.08,'oz',29.28),('G3-33-g1',3.50,'oz',4.91),('G3-33-j1',0.25,'oz',7.56),('G3-43-s1',0.16,'oz',6.29),('G3-63-h1',0.25,'oz',18.47),('G3-63-w1',0.28,'oz',9.39),('G3-73-f1',0.28,'oz',13.61),('G3-83-a1',0.28,'oz',25.82),('G3-83-d1',3.50,'oz',34.97),('G3-83-l1',0.28,'oz',4.82),('G3-83-v1',0.28,'oz',30.85),('G3-93-c1',0.28,'oz',33.72),('G3-93-l1',0.25,'oz',25.63),('G3-93-x1',1.08,'oz',25.25),('H3-03-n1',3.50,'oz',25.97),('H3-03-u1',3.50,'oz',11.67),('H3-13-t1',0.25,'oz',4.37),('H3-13-u1',3.50,'oz',17.53),('H3-23-h1',1.08,'oz',10.60),('H3-23-t1',0.25,'oz',32.91),('H3-33-h1',0.28,'oz',29.79),('H3-33-w1',0.16,'oz',12.28),('H3-53-m1',0.16,'oz',15.07),('H3-63-b1',1.08,'oz',31.16),('H3-63-f1',3.50,'oz',3.31),('H3-63-r1',0.28,'oz',36.54),('H3-63-t1',3.50,'oz',20.63),('H3-63-u1',0.28,'oz',36.53),('H3-73-a1',3.50,'oz',21.75),('H3-73-o1',0.28,'oz',20.21),('H3-83-l1',3.50,'oz',17.49),('H3-93-c1',0.28,'oz',14.14),('H3-93-r1',3.50,'oz',11.34),('H3-93-u1',1.08,'oz',1.61),('H3-93-w1',1.08,'oz',29.36),('I3-03-r1',0.16,'oz',23.93),('I3-13-b1',1.08,'oz',8.65),('I3-13-n1',0.25,'oz',16.32),('I3-13-r1',1.08,'oz',22.20),('I3-23-a1',1.08,'oz',25.46),('I3-43-d1',0.25,'oz',32.61),('I3-43-y1',0.25,'oz',3.13),('I3-63-g1',0.28,'oz',10.88),('I3-73-c1',3.50,'oz',28.49),('I3-73-n1',1.08,'oz',24.28),('I3-83-r1',3.50,'oz',2.58),('I3-83-v1',0.28,'oz',3.12),('I3-93-b1',0.28,'oz',32.08),('I3-93-e1',0.16,'oz',18.40),('I3-93-h1',1.08,'oz',4.89),('J3-03-j1',0.28,'oz',33.95),('J3-03-o1',3.50,'oz',36.33),('J3-03-r1',3.50,'oz',24.94),('J3-03-t1',3.50,'oz',35.49),('J3-13-f1',0.25,'oz',1.09),('J3-23-w1',0.28,'oz',10.75),('J3-33-c1',1.08,'oz',8.35),('J3-33-e1',0.25,'oz',18.14),('J3-43-b1',1.08,'oz',27.18),('J3-43-j1',0.28,'oz',11.68),('J3-43-l1',3.50,'oz',37.80),('J3-53-b1',0.16,'oz',28.30),('J3-53-l1',0.25,'oz',30.28),('J3-63-b1',0.25,'oz',2.00),('J3-63-b1',3.50,'oz',31.70),('J3-63-k1',0.25,'oz',31.45),('J3-73-g1',0.25,'oz',3.37),('J3-73-w1',0.16,'oz',20.01),('J3-83-w1',3.50,'oz',10.00),('J3-93-w1',3.50,'oz',35.09),('K3-03-i1',0.16,'oz',36.29),('K3-03-k1',0.28,'oz',8.67),('K3-03-k1',3.50,'oz',34.92),('K3-03-z1',0.28,'oz',34.56),('K3-13-l1',0.28,'oz',12.18),('K3-23-j1',0.25,'oz',12.97),('K3-23-m1',0.28,'oz',29.55),('K3-23-t1',0.25,'oz',6.39),('K3-33-m1',0.28,'oz',27.37),('K3-43-p1',0.25,'oz',18.77),('K3-43-v1',1.08,'oz',33.17),('K3-53-j1',3.50,'oz',24.23),('K3-53-x1',1.08,'oz',7.19),('K3-63-d1',0.28,'oz',35.89),('K3-63-h1',1.08,'oz',34.08),('K3-83-b1',0.16,'oz',27.65),('K3-83-c1',3.50,'oz',1.60),('K3-83-f1',1.08,'oz',6.29),('L3-03-e1',3.50,'oz',12.57),('L3-13-m1',1.08,'oz',35.60),('L3-13-o1',0.16,'oz',33.18),('L3-23-l1',0.16,'oz',29.55),('L3-33-g1',3.50,'oz',7.46),('L3-33-v1',0.28,'oz',13.89),('L3-53-s1',0.16,'oz',11.60),('L3-63-q1',3.50,'oz',36.60),('L3-63-r1',0.16,'oz',10.80),('L3-73-l1',0.25,'oz',19.72),('L3-73-o1',0.28,'oz',31.29),('L3-73-x1',0.25,'oz',11.91),('L3-83-c1',0.25,'oz',21.38),('L3-93-s1',0.16,'oz',34.55),('L3-93-s1',0.25,'oz',2.82),('L3-93-t1',0.28,'oz',14.19),('M3-03-e1',0.28,'oz',39.59),('M3-03-m1',0.16,'oz',6.07),('M3-03-o1',1.08,'oz',20.07),('M3-03-s1',0.16,'oz',28.78),('M3-13-g1',0.28,'oz',15.00),('M3-13-i1',1.08,'oz',17.21),('M3-13-y1',0.28,'oz',39.07),('M3-23-n1',0.28,'oz',11.11),('M3-23-q1',0.16,'oz',30.69),('M3-23-w1',0.25,'oz',38.02),('M3-33-z1',0.25,'oz',37.41),('M3-43-g1',0.28,'oz',20.70),('M3-43-i1',0.16,'oz',13.64),('M3-53-b1',0.25,'oz',19.38),('M3-53-e1',3.50,'oz',33.45),('M3-53-g1',1.08,'oz',25.61),('M3-53-q1',0.28,'oz',26.61),('M3-53-v1',1.08,'oz',27.32),('M3-63-d1',3.50,'oz',23.02),('M3-63-f1',1.08,'oz',31.62),('M3-63-p1',3.50,'oz',4.42),('M3-73-c1',0.28,'oz',34.62),('M3-73-f1',0.28,'oz',21.25),('M3-73-q1',3.50,'oz',31.27),('M3-73-u1',1.08,'oz',14.85),('M3-83-f1',0.16,'oz',14.75),('M3-93-m1',0.28,'oz',24.20),('M3-93-r1',0.25,'oz',7.35),('M3-93-x1',3.50,'oz',35.44),('N3-03-m1',0.25,'oz',21.14),('N3-03-s1',3.50,'oz',15.37),('N3-13-a1',0.28,'oz',33.62),('N3-13-h1',3.50,'oz',34.43),('N3-23-n1',0.25,'oz',37.02),('N3-23-v1',0.16,'oz',23.45),('N3-33-k1',0.25,'oz',32.46),('N3-33-r1',0.25,'oz',35.09),('N3-43-i1',0.25,'oz',39.48),('N3-43-z1',0.16,'oz',32.02),('N3-53-g1',0.16,'oz',34.67),('N3-63-d1',1.08,'oz',15.38),('N3-83-l1',3.50,'oz',28.11),('N3-83-v1',0.25,'oz',16.86),('N3-83-z1',3.50,'oz',7.47),('N3-93-e1',1.08,'oz',3.96),('N3-93-p1',0.25,'oz',13.57),('N3-93-x1',3.50,'oz',37.57),('N3-93-z1',0.16,'oz',14.81),('O3-13-m1',0.25,'oz',16.73),('O3-13-p1',0.25,'oz',30.06),('O3-13-r1',0.25,'oz',8.10),('O3-33-l1',0.25,'oz',17.51),('O3-33-r1',0.28,'oz',26.46),('O3-33-v1',1.08,'oz',5.72),('O3-43-c1',1.08,'oz',23.48),('O3-43-d1',0.16,'oz',15.93),('O3-43-n1',0.28,'oz',32.93),('O3-63-e1',0.25,'oz',38.84),('O3-63-r1',3.50,'oz',15.39),('O3-63-w1',1.08,'oz',10.63),('O3-63-x1',3.50,'oz',9.25),('O3-63-y1',0.28,'oz',1.22),('O3-73-c1',0.28,'oz',33.41),('O3-83-b1',3.50,'oz',28.17),('O3-83-v1',0.28,'oz',36.27),('O3-93-q1',3.50,'oz',18.39),('O3-93-u1',3.50,'oz',38.55),('O3-93-w1',0.28,'oz',15.26),('P3-03-d1',0.16,'oz',12.51),('P3-03-n1',0.28,'oz',28.03),('P3-03-n1',3.50,'oz',10.69),('P3-03-s1',0.16,'oz',11.81),('P3-33-g1',1.08,'oz',12.91),('P3-33-l1',1.08,'oz',12.00),('P3-33-p1',0.28,'oz',19.22),('P3-33-v1',0.25,'oz',8.14),('P3-43-a1',1.08,'oz',9.35),('P3-43-b1',0.16,'oz',6.91),('P3-43-o1',0.25,'oz',14.72),('P3-43-s1',1.08,'oz',33.63),('P3-53-x1',0.28,'oz',35.02),('P3-63-f1',0.25,'oz',3.53),('P3-63-j1',1.08,'oz',37.97),('P3-63-u1',3.50,'oz',33.27),('P3-73-h1',3.50,'oz',16.85),('P3-73-k1',0.16,'oz',5.75),('P3-83-c1',3.50,'oz',17.94),('P3-83-q1',0.16,'oz',34.93),('P3-93-o1',0.16,'oz',26.09),('Q3-03-b1',1.08,'oz',25.01),('Q3-13-d1',3.50,'oz',12.76),('Q3-13-v1',0.25,'oz',3.06),('Q3-13-v1',3.50,'oz',7.40),('Q3-23-y1',0.25,'oz',30.48),('Q3-43-e1',0.25,'oz',9.39),('Q3-43-g1',0.28,'oz',11.26),('Q3-53-c1',3.50,'oz',20.47),('Q3-53-n1',0.16,'oz',14.37),('Q3-53-x1',3.50,'oz',12.43),('Q3-73-a1',3.50,'oz',1.36),('Q3-73-n1',0.28,'oz',39.00),('Q3-73-y1',0.25,'oz',33.62),('Q3-73-z1',0.28,'oz',25.62),('Q3-83-b1',0.25,'oz',20.63),('Q3-83-r1',3.50,'oz',2.23),('Q3-93-s1',0.28,'oz',17.32),('R3-03-a1',1.08,'oz',31.00),('R3-03-n1',0.28,'oz',16.64),('R3-03-z1',0.25,'oz',11.70),('R3-13-i1',0.16,'oz',11.87),('R3-23-j1',0.28,'oz',18.66),('R3-33-d1',0.28,'oz',27.64),('R3-33-e1',0.25,'oz',1.70),('R3-33-x1',0.25,'oz',35.71),('R3-43-j1',0.28,'oz',19.29),('R3-43-r1',0.25,'oz',30.61),('R3-73-o1',1.08,'oz',36.74),('R3-73-r1',0.28,'oz',5.27),('R3-73-u1',0.28,'oz',30.83),('R3-83-g1',0.16,'oz',38.15),('R3-93-w1',0.16,'oz',16.34),('S3-03-d1',0.16,'oz',9.49),('S3-03-p1',0.28,'oz',12.28),('S3-03-s1',1.08,'oz',5.05),('S3-13-z1',1.08,'oz',19.87),('S3-23-n1',0.28,'oz',29.93),('S3-33-c1',3.50,'oz',5.59),('S3-43-u1',1.08,'oz',28.21),('S3-43-w1',3.50,'oz',13.50),('S3-53-p1',1.08,'oz',28.82),('S3-63-l1',0.16,'oz',34.33),('S3-63-s1',0.16,'oz',23.70),('S3-73-j1',0.25,'oz',24.78),('S3-73-n1',3.50,'oz',21.47),('S3-83-f1',0.16,'oz',39.18),('S3-83-l1',0.28,'oz',11.60),('S3-83-r1',0.16,'oz',13.94),('S3-83-s1',0.25,'oz',23.93),('S3-93-k1',1.08,'oz',31.80),('T3-03-w1',0.28,'oz',9.68),('T3-13-v1',0.25,'oz',10.78),('T3-23-c1',1.08,'oz',38.31),('T3-23-d1',0.16,'oz',30.92),('T3-23-w1',1.08,'oz',36.66),('T3-33-q1',0.25,'oz',11.12),('T3-33-w1',0.16,'oz',7.84),('T3-53-u1',3.50,'oz',32.78),('T3-63-m1',0.28,'oz',31.87),('T3-63-t1',0.25,'oz',5.63),('T3-73-f1',3.50,'oz',5.86),('T3-73-x1',0.16,'oz',20.99),('T3-83-a1',0.16,'oz',34.14),('T3-83-l1',0.25,'oz',27.43),('T3-93-q1',1.08,'oz',32.30),('U3-03-i1',0.16,'oz',18.72),('U3-03-n1',3.50,'oz',21.72),('U3-03-p1',0.16,'oz',6.34),('U3-03-w1',0.16,'oz',37.93),('U3-13-d1',1.08,'oz',11.81),('U3-13-e1',0.16,'oz',35.30),('U3-13-q1',0.16,'oz',9.86),('U3-13-x1',0.25,'oz',22.14),('U3-23-a1',3.50,'oz',13.39),('U3-23-n1',0.28,'oz',30.28),('U3-23-s1',0.25,'oz',3.81),('U3-33-e1',3.50,'oz',6.33),('U3-43-z1',1.08,'oz',26.01),('U3-53-k1',0.28,'oz',25.49),('U3-53-r1',3.50,'oz',3.91),('U3-53-u1',0.25,'oz',22.52),('U3-53-y1',3.50,'oz',8.51),('U3-63-d1',3.50,'oz',11.98),('U3-63-e1',0.28,'oz',28.82),('U3-63-t1',0.28,'oz',30.30),('U3-63-z1',1.08,'oz',20.84),('U3-73-c1',3.50,'oz',20.93),('U3-73-i1',0.28,'oz',38.72),('U3-73-k1',0.25,'oz',29.23),('U3-73-x1',0.16,'oz',25.18),('V3-03-j1',1.08,'oz',35.17),('V3-13-o1',3.50,'oz',4.61),('V3-13-t1',1.08,'oz',32.70),('V3-33-e1',1.08,'oz',24.97),('V3-33-r1',1.08,'oz',7.45),('V3-43-c1',3.50,'oz',17.68),('V3-53-k1',3.50,'oz',25.55),('V3-53-u1',1.08,'oz',7.53),('V3-63-b1',0.25,'oz',35.38),('V3-63-m1',0.25,'oz',32.22),('V3-73-o1',0.16,'oz',30.16),('V3-83-a1',0.25,'oz',39.21),('V3-83-l1',0.16,'oz',2.80),('V3-83-t1',1.08,'oz',17.41),('V3-83-u1',3.50,'oz',28.34),('V3-83-z1',0.16,'oz',14.53),('V3-93-a1',0.25,'oz',35.55),('V3-93-a1',1.08,'oz',38.97),('V3-93-f1',1.08,'oz',1.90),('V3-93-h1',3.50,'oz',35.03),('V3-93-k1',3.50,'oz',10.65),('V3-93-o1',0.16,'oz',30.18),('V3-93-p1',3.50,'oz',20.52),('W3-03-x1',1.08,'oz',26.98),('W3-13-m1',0.28,'oz',14.72),('W3-13-x1',3.50,'oz',21.97),('W3-23-l1',0.16,'oz',29.86),('W3-43-s1',0.16,'oz',6.03),('W3-43-x1',3.50,'oz',13.78),('W3-43-z1',1.08,'oz',33.86),('W3-53-n1',3.50,'oz',10.52),('W3-63-j1',1.08,'oz',16.66),('W3-63-k1',3.50,'oz',14.44),('W3-63-o1',1.08,'oz',11.69),('W3-63-t1',1.08,'oz',17.36),('W3-63-w1',1.08,'oz',38.68),('W3-73-h1',0.28,'oz',32.68),('W3-83-d1',0.25,'oz',31.88),('W3-93-i1',0.16,'oz',17.42),('X3-03-s1',1.08,'oz',30.11),('X3-13-m1',3.50,'oz',7.98),('X3-13-y1',3.50,'oz',38.85),('X3-23-i1',3.50,'oz',11.41),('X3-33-h1',0.28,'oz',38.97),('X3-33-v1',0.16,'oz',25.53),('X3-33-v1',1.08,'oz',23.63),('X3-43-e1',1.08,'oz',26.07),('X3-43-q1',3.50,'oz',29.58),('X3-43-s1',0.28,'oz',12.63),('X3-53-g1',0.16,'oz',4.05),('X3-53-s1',1.08,'oz',5.44),('X3-73-l1',3.50,'oz',28.22),('X3-73-n1',0.16,'oz',22.45),('X3-73-w1',0.16,'oz',35.70),('X3-83-h1',0.28,'oz',11.80),('X3-93-h1',1.08,'oz',31.40),('X3-93-i1',0.25,'oz',4.61),('Y3-03-i1',0.25,'oz',6.25),('Y3-23-l1',3.50,'oz',21.38),('Y3-23-p1',0.16,'oz',19.71),('Y3-43-a1',0.25,'oz',39.78),('Y3-53-t1',0.28,'oz',35.99),('Y3-63-d1',0.25,'oz',6.66),('Y3-73-a1',0.16,'oz',11.02),('Y3-73-u1',0.25,'oz',18.94),('Y3-73-v1',0.25,'oz',39.06),('Y3-83-b1',1.08,'oz',34.81),('Y3-93-c1',3.50,'oz',16.21),('Y3-93-k1',0.16,'oz',12.03),('Y3-93-p1',0.28,'oz',31.70),('Z3-03-h1',1.08,'oz',29.10),('Z3-03-s1',0.25,'oz',3.11),('Z3-03-x1',1.08,'oz',26.72),('Z3-13-r1',3.50,'oz',15.49),('Z3-23-z1',0.16,'oz',38.96),('Z3-33-e1',0.16,'oz',32.30),('Z3-33-g1',0.16,'oz',10.79),('Z3-33-p1',0.28,'oz',11.01),('Z3-43-r1',0.25,'oz',13.60),('Z3-53-o1',3.50,'oz',9.49),('Z3-63-a1',1.08,'oz',25.43),('Z3-63-m1',0.28,'oz',16.31),('Z3-63-w1',0.16,'oz',18.51),('Z3-63-x1',1.08,'oz',37.57),('Z3-73-p1',0.28,'oz',15.30),('Z3-83-s1',3.50,'oz',31.64);
/*!40000 ALTER TABLE `pricing` ENABLE KEYS */;
UNLOCK TABLES;
/*!40103 SET TIME_ZONE=@OLD_TIME_ZONE */;

/*!40101 SET SQL_MODE=@OLD_SQL_MODE */;
/*!40014 SET FOREIGN_KEY_CHECKS=@OLD_FOREIGN_KEY_CHECKS */;
/*!40014 SET UNIQUE_CHECKS=@OLD_UNIQUE_CHECKS */;
/*!40101 SET CHARACTER_SET_CLIENT=@OLD_CHARACTER_SET_CLIENT */;
/*!40101 SET CHARACTER_SET_RESULTS=@OLD_CHARACTER_SET_RESULTS */;
/*!40101 SET COLLATION_CONNECTION=@OLD_COLLATION_CONNECTION */;
/*!40111 SET SQL_NOTES=@OLD_SQL_NOTES */;

/*!40101 SET @OLD_CHARACTER_SET_CLIENT=@@CHARACTER_SET_CLIENT */;
/*!40101 SET @OLD_CHARACTER_SET_RESULTS=@@CHARACTER_SET_RESULTS */;
/*!40101 SET @OLD_COLLATION_CONNECTION=@@COLLATION_CONNECTION */;
/*!50503 SET NAMES utf8 */;
/*!40103 SET @OLD_TIME_ZONE=@@TIME_ZONE */;
/*!40103 SET TIME_ZONE='+00:00' */;
/*!40014 SET @OLD_UNIQUE_CHECKS=@@UNIQUE_CHECKS, UNIQUE_CHECKS=0 */;
/*!40014 SET @OLD_FOREIGN_KEY_CHECKS=@@FOREIGN_KEY_CHECKS, FOREIGN_KEY_CHECKS=0 */;
/*!40101 SET @OLD_SQL_MODE=@@SQL_MODE, SQL_MODE='NO_AUTO_VALUE_ON_ZERO' */;
/*!40111 SET @OLD_SQL_NOTES=@@SQL_NOTES, SQL_NOTES=0 */;

--
-- Table structure for table `positions`
--

DROP TABLE IF EXISTS `positions`;
/*!40101 SET @saved_cs_client     = @@character_set_client */;
/*!50503 SET character_set_client = utf8mb4 */;
CREATE TABLE `positions` (
  `Job_id` varchar(10) NOT NULL,
  `Job_Title` varchar(45) NOT NULL,
  `Job_Type` varchar(15) DEFAULT NULL,
  PRIMARY KEY (`Job_id`),
  KEY `jobTitle_idx` (`Job_Title`)
) ENGINE=InnoDB DEFAULT CHARSET=utf8mb4 COLLATE=utf8mb4_0900_ai_ci;
/*!40101 SET character_set_client = @saved_cs_client */;

--
-- Dumping data for table `positions`
--

LOCK TABLES `positions` WRITE;
/*!40000 ALTER TABLE `positions` DISABLE KEYS */;
INSERT INTO `positions` VALUES ('A1-01','Accountant','Full-Time'),('A2-01','Accountant','Part-Time'),('A3-01','Accountant','Temporary'),('C1-02','Customer service representative','Full-Time'),('C2-02','Customer service representative','Part-Time'),('C3-02','Customer service representative','Temporary'),('D1-03','Department manager','Full-Time'),('D2-03','Department manager','Part-Time'),('D3-03','Department manager','Temporary'),('I1-04','Inventory manager','Full-Time'),('I3-04','Inventory manager','Temporary'),('P1-06','Product Manager','Full-Time'),('P1-07','Promotions coordinator','Full-Time'),('P2-05','Procurement specialist','Part-Time'),('P2-06','Product Manager','Part-Time'),('P2-07','Promotions coordinator','Part-Time'),('P3-05','Procurement specialist','Temporary'),('P3-06','Product Manager','Temporary'),('P3-07','Promotions coordinator','Temporary'),('R1-08','Regional manager','Full-Time'),('R1-09','Retail marketing specialist','Full-Time'),('R2-08','Regional manager','Part-Time'),('R2-09','Retail marketing specialist','Part-Time'),('R3-08','Regional manager','Temporary'),('R3-09','Retail marketing specialist','Temporary'),('S1-10','Sales associate','Full-Time'),('S1-11','Store manager','Full-Time'),('S2-10','Sales associate','Part-Time'),('S2-11','Store manager','Part-Time'),('S3-10','Sales associate','Temporary'),('S3-11','Store manager','Temporary'),('T1-12','Team leader','Full-Time'),('T2-12','Team leader','Part-Time'),('T3-12','Team leader','Temporary');
/*!40000 ALTER TABLE `positions` ENABLE KEYS */;
UNLOCK TABLES;
/*!40103 SET TIME_ZONE=@OLD_TIME_ZONE */;

/*!40101 SET SQL_MODE=@OLD_SQL_MODE */;
/*!40014 SET FOREIGN_KEY_CHECKS=@OLD_FOREIGN_KEY_CHECKS */;
/*!40014 SET UNIQUE_CHECKS=@OLD_UNIQUE_CHECKS */;
/*!40101 SET CHARACTER_SET_CLIENT=@OLD_CHARACTER_SET_CLIENT */;
/*!40101 SET CHARACTER_SET_RESULTS=@OLD_CHARACTER_SET_RESULTS */;
/*!40101 SET COLLATION_CONNECTION=@OLD_COLLATION_CONNECTION */;
/*!40111 SET SQL_NOTES=@OLD_SQL_NOTES */;
/*!40101 SET @OLD_CHARACTER_SET_CLIENT=@@CHARACTER_SET_CLIENT */;
/*!40101 SET @OLD_CHARACTER_SET_RESULTS=@@CHARACTER_SET_RESULTS */;
/*!40101 SET @OLD_COLLATION_CONNECTION=@@COLLATION_CONNECTION */;
/*!50503 SET NAMES utf8 */;
/*!40103 SET @OLD_TIME_ZONE=@@TIME_ZONE */;
/*!40103 SET TIME_ZONE='+00:00' */;
/*!40014 SET @OLD_UNIQUE_CHECKS=@@UNIQUE_CHECKS, UNIQUE_CHECKS=0 */;
/*!40014 SET @OLD_FOREIGN_KEY_CHECKS=@@FOREIGN_KEY_CHECKS, FOREIGN_KEY_CHECKS=0 */;
/*!40101 SET @OLD_SQL_MODE=@@SQL_MODE, SQL_MODE='NO_AUTO_VALUE_ON_ZERO' */;
/*!40111 SET @OLD_SQL_NOTES=@@SQL_NOTES, SQL_NOTES=0 */;

--
-- Table structure for table `payments`
--

DROP TABLE IF EXISTS `payments`;
/*!40101 SET @saved_cs_client     = @@character_set_client */;
/*!50503 SET character_set_client = utf8mb4 */;
CREATE TABLE `payments` (
  `order_Id` varchar(20) NOT NULL,
  `payment_amt` decimal(18,2) NOT NULL,
  `payment_type` varchar(45) NOT NULL,
  PRIMARY KEY (`order_Id`),
  CONSTRAINT `payments_ibfk_1` FOREIGN KEY (`order_Id`) REFERENCES `orders` (`orderId`)
) ENGINE=InnoDB DEFAULT CHARSET=utf8mb4 COLLATE=utf8mb4_0900_ai_ci;
/*!40101 SET character_set_client = @saved_cs_client */;

--
-- Dumping data for table `payments`
--

LOCK TABLES `payments` WRITE;
/*!40000 ALTER TABLE `payments` DISABLE KEYS */;
INSERT INTO `payments` VALUES ('A2-23-o1',546.07,'mastercard'),('A2-23-r1',226.24,'americanexpress'),('A2-33-j1',25.99,'bankcard'),('A2-33-s1',341.69,'americanexpress'),('A2-33-v1',606.69,'mastercard'),('A2-43-b1',218.73,'mastercard'),('A2-43-m1',672.49,'americanexpress'),('A2-53-i1',682.84,'visa'),('A2-53-o1',762.82,'mastercard'),('A2-53-u1',78.05,'americanexpress'),('A2-63-c1',493.30,'mastercard'),('A2-63-m1',545.22,'bankcard'),('A2-73-d1',735.40,'americanexpress'),('A2-73-l1',230.07,'bankcard'),('A2-73-m1',774.61,'visa'),('B2-03-i1',472.73,'mastercard'),('B2-03-j1',223.59,'mastercard'),('B2-03-s1',345.24,'visa'),('B2-13-r1',430.19,'mastercard'),('B2-13-x1',242.08,'americanexpress'),('B2-23-t1',513.55,'bankcard'),('B2-43-j1',496.86,'mastercard'),('B2-43-u1',220.20,'mastercard'),('B2-73-a1',251.20,'americanexpress'),('B2-73-b1',702.39,'visa'),('B2-73-e1',459.62,'mastercard'),('B2-73-x1',644.82,'americanexpress'),('B2-83-b1',702.04,'visa'),('B2-83-u1',291.56,'americanexpress'),('B2-93-t1',125.82,'mastercard'),('C2-03-d1',134.69,'mastercard'),('C2-03-e1',278.81,'visa'),('C2-03-v1',88.31,'americanexpress'),('C2-13-s1',282.12,'mastercard'),('C2-13-y1',723.38,'mastercard'),('C2-23-i1',178.57,'mastercard'),('C2-23-o1',356.98,'mastercard'),('C2-33-b1',201.95,'visa'),('C2-53-a1',651.16,'americanexpress'),('C2-63-b1',414.03,'visa'),('C2-63-i1',488.38,'visa'),('C2-63-x1',147.15,'americanexpress'),('C2-63-z1',763.39,'americanexpress'),('C2-73-e1',697.79,'bankcard'),('C2-83-f1',367.62,'bankcard'),('C2-83-l1',510.15,'americanexpress'),('C2-83-n1',549.10,'visa'),('C2-93-g1',543.87,'americanexpress'),('C2-93-p1',768.78,'bankcard'),('D2-03-h1',366.79,'visa'),('D2-13-g1',396.95,'bankcard'),('D2-23-e1',606.70,'americanexpress'),('D2-23-x1',625.30,'americanexpress'),('D2-33-l1',99.03,'mastercard'),('D2-33-r1',137.72,'americanexpress'),('D2-43-f1',677.93,'americanexpress'),('D2-43-n1',196.00,'americanexpress'),('D2-43-y1',20.74,'visa'),('D2-53-l1',150.65,'visa'),('D2-53-p1',246.49,'visa'),('D2-63-j1',130.04,'mastercard'),('D2-63-y1',707.80,'visa'),('D2-73-o1',367.12,'visa'),('D2-83-o1',92.44,'bankcard'),('D2-83-w1',680.62,'americanexpress'),('D2-93-i1',728.27,'bankcard'),('D2-93-t1',459.31,'visa'),('E2-03-i1',547.54,'mastercard'),('E2-03-u1',609.63,'bankcard'),('E2-13-a1',519.17,'mastercard'),('E2-13-b1',704.20,'bankcard'),('E2-13-d1',97.05,'mastercard'),('E2-13-k1',223.99,'mastercard'),('E2-13-z1',148.73,'mastercard'),('E2-23-d1',786.48,'mastercard'),('E2-23-e1',570.37,'visa'),('E2-23-u1',509.78,'mastercard'),('E2-33-n1',368.84,'visa'),('E2-33-w1',190.76,'visa'),('E2-43-d1',477.30,'visa'),('E2-43-m1',257.04,'visa'),('E2-43-s1',710.70,'visa'),('E2-53-a1',80.68,'mastercard'),('E2-53-c1',541.28,'americanexpress'),('E2-53-j1',190.58,'mastercard'),('E2-53-t1',635.66,'bankcard'),('E2-63-b1',20.90,'mastercard'),('E2-63-h1',180.91,'bankcard'),('E2-73-a1',95.34,'visa'),('E2-73-e1',474.81,'americanexpress'),('E2-73-r1',62.29,'mastercard'),('E2-73-w1',269.29,'visa'),('E2-83-m1',361.96,'americanexpress'),('E2-83-r1',649.75,'visa'),('F2-03-i1',719.54,'visa'),('F2-03-y1',118.00,'mastercard'),('F2-13-i1',466.53,'visa'),('F2-13-p1',169.52,'visa'),('F2-13-w1',205.74,'americanexpress'),('F2-13-x1',758.46,'visa'),('F2-23-f1',26.04,'visa'),('F2-33-x1',523.42,'americanexpress'),('F2-43-b1',175.77,'visa'),('F2-43-i1',342.99,'visa'),('F2-53-y1',388.54,'americanexpress'),('F2-63-v1',254.44,'americanexpress'),('F2-63-w1',154.71,'visa'),('F2-73-g1',508.68,'bankcard'),('F2-73-v1',708.63,'mastercard'),('F2-83-d1',774.41,'americanexpress'),('F2-93-d1',244.42,'visa'),('G2-03-h1',466.20,'bankcard'),('G2-03-j1',334.61,'bankcard'),('G2-03-m1',421.06,'visa'),('G2-03-t1',575.41,'visa'),('G2-03-y1',502.44,'mastercard'),('G2-13-b1',765.14,'americanexpress'),('G2-13-c1',26.52,'mastercard'),('G2-13-j1',84.11,'mastercard'),('G2-13-p1',45.97,'visa'),('G2-13-y1',92.07,'mastercard'),('G2-13-z1',678.53,'visa'),('G2-23-g1',627.88,'mastercard'),('G2-33-l1',543.59,'visa'),('G2-43-e1',740.46,'mastercard'),('G2-43-i1',153.52,'bankcard'),('G2-43-o1',119.73,'visa'),('G2-43-y1',399.02,'visa'),('G2-53-u1',702.89,'visa'),('G2-63-e1',441.31,'bankcard'),('G2-63-i1',211.09,'americanexpress'),('G2-63-w1',245.99,'americanexpress'),('G2-73-k1',727.02,'americanexpress'),('G2-83-f1',490.51,'mastercard'),('G2-83-n1',327.95,'mastercard'),('G2-83-p1',555.31,'bankcard'),('G2-93-k1',210.64,'americanexpress'),('H2-03-f1',27.76,'americanexpress'),('H2-13-a1',450.18,'visa'),('H2-13-g1',690.03,'mastercard'),('H2-13-o1',424.44,'mastercard'),('H2-23-g1',167.72,'americanexpress'),('H2-23-u1',336.30,'mastercard'),('H2-23-z1',491.86,'mastercard'),('H2-43-c1',791.76,'americanexpress'),('H2-43-k1',263.74,'mastercard'),('H2-63-a1',752.96,'americanexpress'),('H2-63-b1',60.79,'bankcard'),('H2-63-g1',770.17,'americanexpress'),('H2-63-j1',504.27,'bankcard'),('H2-93-g1',413.76,'mastercard'),('H2-93-y1',203.03,'bankcard'),('I2-03-w1',497.94,'americanexpress'),('I2-13-g1',766.40,'americanexpress'),('I2-13-t1',231.62,'mastercard'),('I2-23-z1',495.74,'americanexpress'),('I2-33-b1',591.17,'mastercard'),('I2-33-f1',476.97,'bankcard'),('I2-53-o1',683.70,'visa'),('I2-83-j1',30.13,'visa'),('I2-83-t1',398.06,'bankcard'),('I2-83-z1',186.60,'visa'),('I2-93-c1',226.93,'bankcard'),('I2-93-g1',411.09,'americanexpress'),('I2-93-j1',172.85,'visa'),('I2-93-z1',408.98,'bankcard'),('J2-03-d1',624.05,'visa'),('J2-03-n1',13.01,'mastercard'),('J2-13-m1',564.32,'visa'),('J2-13-v1',488.75,'bankcard'),('J2-23-b1',600.82,'americanexpress'),('J2-23-j1',695.43,'visa'),('J2-43-d1',234.57,'mastercard'),('J2-43-n1',314.34,'bankcard'),('J2-43-q1',245.17,'mastercard'),('J2-53-c1',543.81,'bankcard'),('J2-53-e1',577.18,'americanexpress'),('J2-53-l1',396.30,'bankcard'),('J2-53-z1',475.55,'americanexpress'),('J2-63-i1',568.58,'bankcard'),('J2-73-p1',355.39,'bankcard'),('J2-73-t1',643.25,'bankcard'),('J2-83-k1',347.78,'bankcard'),('K2-03-y1',113.34,'mastercard'),('K2-13-h1',566.67,'visa'),('K2-13-k1',231.12,'americanexpress'),('K2-13-n1',531.58,'americanexpress'),('K2-13-y1',257.88,'mastercard'),('K2-23-b1',394.77,'visa'),('K2-33-r1',444.12,'mastercard'),('K2-43-f1',673.20,'americanexpress'),('K2-53-k1',637.16,'mastercard'),('K2-73-h1',350.37,'visa'),('K2-73-i1',112.49,'mastercard'),('K2-73-s1',762.46,'americanexpress'),('K2-83-c1',657.35,'visa'),('K2-83-k1',202.42,'bankcard'),('K2-93-u1',272.05,'mastercard'),('K2-93-y1',610.05,'bankcard'),('L2-13-d1',627.94,'mastercard'),('L2-13-u1',758.79,'bankcard'),('L2-13-z1',82.59,'mastercard'),('L2-23-j1',32.10,'visa'),('L2-53-l1',156.66,'americanexpress'),('L2-63-h1',528.82,'americanexpress'),('L2-63-k1',219.64,'mastercard'),('L2-63-q1',328.10,'mastercard'),('L2-73-c1',473.51,'bankcard'),('L2-83-c1',709.27,'mastercard'),('L2-83-d1',143.54,'mastercard'),('L2-83-x1',206.10,'mastercard'),('L2-93-m1',445.24,'mastercard'),('L2-93-u1',624.54,'mastercard'),('M2-03-d1',129.49,'mastercard'),('M2-03-g1',28.16,'mastercard'),('M2-03-i1',421.20,'bankcard'),('M2-13-u1',383.28,'mastercard'),('M2-33-k1',611.58,'mastercard'),('M2-33-q1',323.40,'americanexpress'),('M2-43-g1',342.16,'bankcard'),('M2-43-h1',521.84,'bankcard'),('M2-53-k1',184.31,'bankcard'),('M2-63-f1',535.88,'bankcard'),('M2-63-p1',295.41,'americanexpress'),('M2-93-k1',43.14,'americanexpress'),('M2-93-u1',651.66,'visa'),('M2-93-y1',243.11,'visa'),('N2-03-w1',123.39,'bankcard'),('N2-13-o1',726.07,'americanexpress'),('N2-13-s1',790.69,'visa'),('N2-13-w1',497.74,'americanexpress'),('N2-13-z1',707.19,'visa'),('N2-23-t1',28.06,'mastercard'),('N2-33-l1',748.49,'americanexpress'),('N2-33-n1',464.59,'visa'),('N2-63-b1',612.40,'bankcard'),('N2-63-e1',240.24,'bankcard'),('N2-73-p1',390.61,'americanexpress'),('N2-73-x1',215.28,'visa'),('N2-83-h1',543.49,'mastercard'),('N2-83-y1',170.81,'visa'),('N2-83-z1',37.04,'americanexpress'),('N2-93-a1',262.45,'americanexpress'),('N2-93-d1',749.89,'visa'),('O2-03-f1',778.85,'americanexpress'),('O2-13-e1',488.90,'bankcard'),('O2-13-i1',151.64,'visa'),('O2-13-s1',150.04,'visa'),('O2-23-a1',403.87,'visa'),('O2-23-s1',482.51,'bankcard'),('O2-23-x1',589.46,'americanexpress'),('O2-33-p1',693.33,'visa'),('O2-33-v1',87.15,'visa'),('O2-43-u1',184.51,'bankcard'),('O2-53-a1',158.80,'americanexpress'),('O2-53-d1',156.56,'mastercard'),('O2-53-o1',337.57,'mastercard'),('O2-53-t1',434.33,'bankcard'),('O2-53-y1',571.04,'americanexpress'),('O2-73-e1',357.93,'bankcard'),('O2-73-f1',759.12,'americanexpress'),('O2-83-d1',785.22,'americanexpress'),('O2-83-t1',118.11,'mastercard'),('O2-93-c1',727.42,'bankcard'),('O2-93-f1',368.06,'visa'),('O2-93-q1',454.58,'mastercard'),('P2-03-k1',27.57,'americanexpress'),('P2-03-n1',642.34,'visa'),('P2-03-p1',269.31,'americanexpress'),('P2-03-s1',400.17,'visa'),('P2-13-z1',330.56,'bankcard'),('P2-23-g1',794.14,'americanexpress'),('P2-23-r1',93.45,'mastercard'),('P2-23-s1',352.46,'americanexpress'),('P2-33-c1',184.84,'visa'),('P2-33-k1',392.45,'americanexpress'),('P2-43-j1',352.96,'mastercard'),('P2-53-c1',136.14,'visa'),('P2-53-d1',188.40,'visa'),('P2-53-e1',634.49,'visa'),('P2-73-c1',794.56,'visa'),('P2-73-f1',219.07,'americanexpress'),('P2-73-l1',42.86,'mastercard'),('P2-73-l2',42.86,'mastercard'),('P2-83-i1',100.83,'bankcard'),('P2-83-u1',128.98,'mastercard'),('P2-93-l1',408.60,'mastercard'),('P2-93-r1',470.20,'mastercard'),('P2-93-y1',397.05,'visa'),('P2-93-z1',191.83,'americanexpress'),('Q2-03-e1',270.04,'visa'),('Q2-13-r1',589.30,'bankcard'),('Q2-13-y1',674.94,'visa'),('Q2-23-a1',10.27,'mastercard'),('Q2-23-d1',236.39,'visa'),('Q2-23-e1',202.86,'visa'),('Q2-43-a1',359.40,'bankcard'),('Q2-43-d1',224.30,'mastercard'),('Q2-53-b1',447.98,'visa'),('Q2-53-l1',288.16,'visa'),('Q2-53-n1',144.77,'americanexpress'),('Q2-53-y1',367.30,'bankcard'),('Q2-93-d1',172.22,'americanexpress'),('Q2-93-l1',558.93,'americanexpress'),('R2-03-i1',45.88,'americanexpress'),('R2-03-v1',567.72,'bankcard'),('R2-03-y1',584.63,'bankcard'),('R2-13-z1',213.59,'americanexpress'),('R2-23-b1',559.45,'americanexpress'),('R2-23-m1',148.91,'americanexpress'),('R2-23-s1',727.71,'bankcard'),('R2-33-i1',294.28,'mastercard'),('R2-33-l1',76.70,'visa'),('R2-33-s1',523.69,'americanexpress'),('R2-33-u1',567.16,'americanexpress'),('R2-43-t1',522.90,'bankcard'),('R2-53-z1',608.50,'visa'),('R2-63-o1',178.84,'mastercard'),('R2-93-f1',480.45,'bankcard'),('R2-93-u1',200.32,'mastercard'),('S2-03-p1',322.87,'americanexpress'),('S2-13-z1',195.11,'bankcard'),('S2-23-t1',71.94,'mastercard'),('S2-23-x1',142.19,'visa'),('S2-33-e1',238.87,'americanexpress'),('S2-33-i1',31.53,'visa'),('S2-33-q1',207.28,'americanexpress'),('S2-33-t1',116.19,'visa'),('S2-53-x1',292.20,'bankcard'),('S2-73-c1',113.16,'bankcard'),('S2-73-g1',215.67,'americanexpress'),('S2-73-h1',674.89,'mastercard'),('S2-73-p1',609.20,'mastercard'),('S2-83-m1',512.41,'mastercard'),('S2-93-h1',580.85,'visa'),('S2-93-k1',443.76,'americanexpress'),('S2-93-s1',609.54,'visa'),('S2-93-u1',637.64,'bankcard'),('S2-93-y1',225.47,'americanexpress'),('T2-03-d1',110.90,'mastercard'),('T2-23-h1',71.94,'mastercard'),('T2-23-o1',743.37,'mastercard'),('T2-33-t1',722.71,'mastercard'),('T2-33-w1',71.94,'visa'),('T2-43-a1',81.86,'americanexpress'),('T2-43-d1',704.54,'mastercard'),('T2-43-q1',138.77,'bankcard'),('T2-43-v1',337.93,'bankcard'),('T2-53-b1',564.19,'americanexpress'),('T2-63-w1',388.18,'mastercard'),('T2-93-g1',715.50,'visa'),('U2-03-l1',720.45,'americanexpress'),('U2-23-a1',437.90,'mastercard'),('U2-23-m1',233.16,'mastercard'),('U2-53-m1',497.95,'bankcard'),('U2-53-r1',248.70,'visa'),('U2-73-a1',184.33,'mastercard'),('U2-73-v1',779.67,'visa'),('U2-73-x1',584.82,'bankcard'),('U2-73-y1',773.94,'mastercard'),('U2-83-e1',162.32,'americanexpress'),('U2-83-o1',122.60,'americanexpress'),('U2-93-g1',235.44,'americanexpress'),('U2-93-q1',66.56,'americanexpress'),('U2-93-u1',172.69,'mastercard'),('V2-13-c1',595.13,'bankcard'),('V2-23-s1',741.21,'visa'),('V2-33-d1',442.09,'mastercard'),('V2-33-h1',111.66,'bankcard'),('V2-33-x1',323.15,'bankcard'),('V2-43-i1',663.65,'bankcard'),('V2-43-s1',270.56,'bankcard'),('V2-73-c1',197.33,'mastercard'),('V2-73-d1',175.58,'visa'),('V2-83-j1',589.26,'mastercard'),('V2-83-n1',524.96,'bankcard'),('V2-83-v1',384.60,'mastercard'),('V2-93-e1',356.79,'mastercard'),('W2-13-p1',783.76,'bankcard'),('W2-23-f1',198.50,'mastercard'),('W2-33-w1',219.64,'bankcard'),('W2-43-j1',13.66,'mastercard'),('W2-43-v1',99.69,'visa'),('W2-53-v1',517.76,'visa'),('W2-73-b1',176.95,'mastercard'),('W2-73-p1',167.92,'mastercard'),('W2-83-h1',432.01,'bankcard'),('W2-93-g1',694.20,'visa'),('W2-93-r1',263.33,'mastercard'),('X2-03-c1',201.72,'visa'),('X2-13-j1',528.29,'bankcard'),('X2-13-s1',770.53,'americanexpress'),('X2-13-t1',275.92,'mastercard'),('X2-13-w1',157.89,'americanexpress'),('X2-13-z1',405.16,'mastercard'),('X2-23-e1',505.70,'mastercard'),('X2-23-q1',633.71,'bankcard'),('X2-23-s1',664.45,'visa'),('X2-23-t1',632.83,'visa'),('X2-33-a1',524.46,'mastercard'),('X2-33-t1',642.77,'americanexpress'),('X2-43-e1',498.22,'bankcard'),('X2-43-g1',287.95,'visa'),('X2-53-g1',50.27,'visa'),('X2-53-n1',588.00,'americanexpress'),('X2-53-v1',569.97,'americanexpress'),('X2-63-a1',243.43,'americanexpress'),('X2-63-s1',727.25,'mastercard'),('X2-73-f1',625.58,'bankcard'),('X2-73-q1',58.08,'bankcard'),('X2-73-x1',309.49,'visa'),('X2-83-c1',322.26,'bankcard'),('X2-83-j1',595.96,'bankcard'),('X2-83-l1',320.47,'visa'),('X2-83-n1',781.89,'americanexpress'),('Y2-03-e1',622.78,'visa'),('Y2-03-i1',99.39,'mastercard'),('Y2-03-k1',789.45,'mastercard'),('Y2-03-o1',423.78,'mastercard'),('Y2-33-j1',495.00,'visa'),('Y2-43-g1',30.50,'americanexpress'),('Y2-43-v1',462.30,'americanexpress'),('Y2-43-x1',610.62,'bankcard'),('Y2-53-e1',67.28,'americanexpress'),('Y2-53-q1',187.00,'visa'),('Y2-63-d1',681.37,'americanexpress'),('Y2-63-m1',278.67,'americanexpress'),('Y2-63-u1',593.86,'americanexpress'),('Y2-73-p1',364.48,'bankcard'),('Y2-73-z1',144.83,'americanexpress'),('Y2-93-h1',401.64,'mastercard'),('Y2-93-m1',626.25,'bankcard'),('Y2-93-u1',88.36,'bankcard'),('Y2-93-y1',167.43,'bankcard'),('Z2-03-f1',32.08,'visa'),('Z2-13-b1',77.15,'mastercard'),('Z2-13-w1',466.80,'americanexpress'),('Z2-13-x1',387.76,'mastercard'),('Z2-23-g1',486.12,'americanexpress'),('Z2-23-t1',766.01,'bankcard'),('Z2-43-c1',505.01,'visa'),('Z2-43-h1',737.73,'americanexpress'),('Z2-43-p1',22.61,'mastercard'),('Z2-63-l1',334.52,'bankcard'),('Z2-63-q1',491.56,'americanexpress'),('Z2-73-b1',437.18,'bankcard'),('Z2-73-d1',581.72,'bankcard'),('Z2-83-b1',796.03,'americanexpress'),('Z2-83-q1',575.54,'bankcard');
/*!40000 ALTER TABLE `payments` ENABLE KEYS */;
UNLOCK TABLES;
/*!40103 SET TIME_ZONE=@OLD_TIME_ZONE */;

/*!40101 SET SQL_MODE=@OLD_SQL_MODE */;
/*!40014 SET FOREIGN_KEY_CHECKS=@OLD_FOREIGN_KEY_CHECKS */;
/*!40014 SET UNIQUE_CHECKS=@OLD_UNIQUE_CHECKS */;
/*!40101 SET CHARACTER_SET_CLIENT=@OLD_CHARACTER_SET_CLIENT */;
/*!40101 SET CHARACTER_SET_RESULTS=@OLD_CHARACTER_SET_RESULTS */;
/*!40101 SET COLLATION_CONNECTION=@OLD_COLLATION_CONNECTION */;
/*!40111 SET SQL_NOTES=@OLD_SQL_NOTES */;

/*!40101 SET @OLD_CHARACTER_SET_CLIENT=@@CHARACTER_SET_CLIENT */;
/*!40101 SET @OLD_CHARACTER_SET_RESULTS=@@CHARACTER_SET_RESULTS */;
/*!40101 SET @OLD_COLLATION_CONNECTION=@@COLLATION_CONNECTION */;
/*!50503 SET NAMES utf8 */;
/*!40103 SET @OLD_TIME_ZONE=@@TIME_ZONE */;
/*!40103 SET TIME_ZONE='+00:00' */;
/*!40014 SET @OLD_UNIQUE_CHECKS=@@UNIQUE_CHECKS, UNIQUE_CHECKS=0 */;
/*!40014 SET @OLD_FOREIGN_KEY_CHECKS=@@FOREIGN_KEY_CHECKS, FOREIGN_KEY_CHECKS=0 */;
/*!40101 SET @OLD_SQL_MODE=@@SQL_MODE, SQL_MODE='NO_AUTO_VALUE_ON_ZERO' */;
/*!40111 SET @OLD_SQL_NOTES=@@SQL_NOTES, SQL_NOTES=0 */;

--
-- Table structure for table `orders`
--

DROP TABLE IF EXISTS `orders`;
/*!40101 SET @saved_cs_client     = @@character_set_client */;
/*!50503 SET character_set_client = utf8mb4 */;
CREATE TABLE `orders` (
  `orderId` varchar(10) NOT NULL,
  `paymentAmt` varchar(50) DEFAULT NULL,
  `shippingStatus` varchar(20) DEFAULT NULL,
  `orderDate` date DEFAULT NULL,
  `customerId` int DEFAULT NULL,
  PRIMARY KEY (`orderId`),
  KEY `customerId` (`customerId`),
  CONSTRAINT `orders_ibfk_1` FOREIGN KEY (`customerId`) REFERENCES `customers` (`customerId`)
) ENGINE=InnoDB DEFAULT CHARSET=utf8mb4 COLLATE=utf8mb4_0900_ai_ci;
/*!40101 SET character_set_client = @saved_cs_client */;

--
-- Dumping data for table `orders`
--

LOCK TABLES `orders` WRITE;
/*!40000 ALTER TABLE `orders` DISABLE KEYS */;
INSERT INTO `orders` VALUES ('A2-23-o1','546.07','Cancelled','2020-11-28',135),('A2-23-r1','226.24','Shipped','2020-07-01',195),('A2-33-j1','25.99','In progress','2020-04-05',435),('A2-33-s1','341.69','Delayed','2020-01-20',121),('A2-33-v1','606.69','Delayed','2021-05-19',212),('A2-43-b1','218.73','Cancelled','2021-02-20',248),('A2-43-m1','672.49','Delayed','2021-02-23',81),('A2-53-i1','682.84','Delayed','2021-08-02',339),('A2-53-o1','762.82','In progress','2021-09-30',23),('A2-53-u1','78.05','Delayed','2021-08-21',335),('A2-63-c1','493.3','In progress','2021-03-02',164),('A2-63-m1','545.22','In progress','2021-07-24',338),('A2-73-d1','735.4','In progress','2021-02-26',44),('A2-73-l1','230.07','In progress','2020-02-13',362),('A2-73-m1','774.61','Cancelled','2021-02-01',389),('B2-03-i1','472.73','Shipped','2020-08-18',77),('B2-03-j1','223.59','Delayed','2020-06-01',396),('B2-03-s1','345.24','In progress','2021-04-01',229),('B2-13-r1','430.19','Cancelled','2021-01-05',420),('B2-13-x1','242.08','Cancelled','2020-07-13',393),('B2-23-t1','513.55','Cancelled','2020-01-14',122),('B2-43-j1','496.86','In progress','2021-08-26',95),('B2-43-u1','220.2','Cancelled','2021-07-25',373),('B2-73-a1','251.2','Delayed','2020-06-20',30),('B2-73-b1','702.39','Shipped','2020-01-20',31),('B2-73-e1','459.62','Cancelled','2021-03-15',187),('B2-73-x1','644.82','Delayed','2021-03-20',235),('B2-83-b1','702.04','Cancelled','2020-08-12',11),('B2-83-u1','291.56','Cancelled','2020-05-15',7),('B2-93-t1','125.82','In progress','2021-03-04',261),('C2-03-d1','134.69','Shipped','2021-06-02',145),('C2-03-e1','278.81','In progress','2021-01-26',117),('C2-03-v1','88.31','Delayed','2020-07-29',71),('C2-13-s1','282.12','Shipped','2020-04-17',329),('C2-13-y1','723.38','Cancelled','2021-07-21',416),('C2-23-i1','178.57','Delayed','2021-04-29',144),('C2-23-o1','356.98','Cancelled','2021-06-05',100),('C2-33-b1','201.95','Delayed','2021-11-14',375),('C2-53-a1','651.16','Shipped','2021-07-14',355),('C2-63-b1','414.03','Delayed','2020-05-17',262),('C2-63-i1','488.38','Cancelled','2021-03-08',281),('C2-63-x1','147.15','Cancelled','2020-03-31',182),('C2-63-z1','763.39','Cancelled','2020-11-04',432),('C2-73-e1','697.79','Shipped','2020-01-20',40),('C2-83-f1','367.62','Shipped','2021-05-20',140),('C2-83-l1','510.15','Shipped','2020-01-07',372),('C2-83-n1','549.1','Delayed','2020-08-03',310),('C2-93-g1','543.87','Shipped','2021-09-28',199),('C2-93-p1','768.78','Shipped','2021-10-11',274),('D2-03-h1','366.79','Shipped','2021-05-09',329),('D2-13-g1','396.95','Shipped','2020-12-18',88),('D2-23-e1','606.7','Shipped','2020-10-12',242),('D2-23-x1','625.3','Cancelled','2020-05-12',241),('D2-33-l1','99.03','Delayed','2021-01-25',210),('D2-33-r1','137.72','Cancelled','2021-03-01',113),('D2-43-f1','677.93','Shipped','2021-02-12',159),('D2-43-n1','196','Shipped','2020-04-10',13),('D2-43-y1','20.74','Cancelled','2021-08-27',92),('D2-53-l1','150.65','Cancelled','2021-03-14',225),('D2-53-p1','246.49','Cancelled','2020-03-12',336),('D2-63-j1','130.04','In progress','2021-11-01',74),('D2-63-y1','707.8','In progress','2020-09-23',319),('D2-73-o1','367.12','In progress','2020-11-13',419),('D2-83-o1','92.44','Delayed','2021-03-03',228),('D2-83-w1','680.62','In progress','2020-08-23',145),('D2-93-i1','728.27','In progress','2020-02-29',391),('D2-93-t1','459.31','In progress','2020-02-29',319),('E2-03-i1','547.54','In progress','2021-09-11',402),('E2-03-u1','609.63','In progress','2020-08-17',8),('E2-13-a1','519.17','Delayed','2021-10-11',270),('E2-13-b1','704.2','In progress','2020-03-15',365),('E2-13-d1','97.05','Delayed','2021-03-28',217),('E2-13-k1','223.99','Shipped','2021-03-17',78),('E2-13-z1','148.73','Cancelled','2020-12-15',384),('E2-23-d1','786.48','Cancelled','2020-06-11',191),('E2-23-e1','570.37','Delayed','2020-09-26',460),('E2-23-u1','509.78','Cancelled','2021-03-31',268),('E2-33-n1','368.84','Delayed','2020-09-29',361),('E2-33-w1','190.76','Cancelled','2021-10-05',125),('E2-43-d1','477.3','Delayed','2021-09-24',249),('E2-43-m1','257.04','Shipped','2020-07-19',449),('E2-43-s1','710.7','Delayed','2020-06-19',247),('E2-53-a1','80.68','Shipped','2021-07-12',65),('E2-53-c1','541.28','In progress','2020-05-19',375),('E2-53-j1','190.58','Cancelled','2020-06-26',97),('E2-53-t1','635.66','Cancelled','2021-05-03',234),('E2-63-b1','20.9','Delayed','2020-03-01',442),('E2-63-h1','180.91','Shipped','2020-03-22',212),('E2-73-a1','95.34','Cancelled','2021-02-07',78),('E2-73-e1','474.81','Cancelled','2021-06-06',27),('E2-73-r1','62.29','Shipped','2021-07-27',403),('E2-73-w1','269.29','Cancelled','2020-10-04',123),('E2-83-m1','361.96','Shipped','2021-08-08',298),('E2-83-r1','649.75','Shipped','2021-09-23',391),('F2-03-i1','719.54','Delayed','2021-05-15',38),('F2-03-y1','118','Delayed','2021-09-22',40),('F2-13-i1','466.53','Cancelled','2020-03-04',159),('F2-13-p1','169.52','Delayed','2021-08-13',149),('F2-13-w1','205.74','Shipped','2020-12-19',336),('F2-13-x1','758.46','In progress','2020-08-19',231),('F2-23-f1','26.04','Delayed','2021-09-13',83),('F2-33-x1','523.42','Delayed','2020-08-04',159),('F2-43-b1','175.77','Cancelled','2020-06-11',16),('F2-43-i1','342.99','Cancelled','2021-08-20',70),('F2-53-y1','388.54','Cancelled','2020-07-10',160),('F2-63-v1','254.44','Delayed','2020-08-02',98),('F2-63-w1','154.71','Shipped','2020-07-07',294),('F2-73-g1','508.68','Shipped','2021-02-06',174),('F2-73-v1','708.63','Delayed','2020-06-27',226),('F2-83-d1','774.41','Cancelled','2021-01-19',189),('F2-93-d1','244.42','In progress','2021-02-01',26),('G2-03-h1','466.2','Delayed','2020-09-01',345),('G2-03-j1','334.61','Delayed','2021-06-29',224),('G2-03-m1','421.06','Cancelled','2021-09-09',398),('G2-03-t1','575.41','Shipped','2021-06-29',307),('G2-03-y1','502.44','Cancelled','2020-03-02',52),('G2-13-b1','765.14','Cancelled','2020-11-20',328),('G2-13-c1','26.52','Shipped','2020-03-19',285),('G2-13-j1','84.11','In progress','2021-07-29',327),('G2-13-p1','45.97','In progress','2021-01-26',444),('G2-13-y1','92.07','Cancelled','2020-06-06',172),('G2-13-z1','678.53','Cancelled','2020-04-13',214),('G2-23-g1','627.88','Cancelled','2021-10-14',295),('G2-33-l1','543.59','Shipped','2021-08-06',408),('G2-43-e1','740.46','Cancelled','2021-03-29',81),('G2-43-i1','153.52','Delayed','2021-06-27',277),('G2-43-o1','119.73','In progress','2020-01-24',180),('G2-43-y1','399.02','Delayed','2021-10-17',321),('G2-53-u1','702.89','In progress','2021-04-24',405),('G2-63-e1','441.31','In progress','2021-09-26',395),('G2-63-i1','211.09','In progress','2021-04-01',394),('G2-63-w1','245.99','In progress','2020-09-02',285),('G2-73-k1','727.02','In progress','2021-05-30',316),('G2-83-f1','490.51','Delayed','2020-06-19',213),('G2-83-n1','327.95','Cancelled','2020-11-22',145),('G2-83-p1','555.31','Shipped','2021-04-18',379),('G2-93-k1','210.64','Delayed','2020-02-22',41),('H2-03-f1','27.76','Delayed','2020-12-16',291),('H2-13-a1','450.18','Delayed','2020-11-16',326),('H2-13-g1','690.03','Delayed','2021-04-11',308),('H2-13-o1','424.44','Shipped','2021-08-18',68),('H2-23-g1','167.72','Shipped','2021-03-24',112),('H2-23-u1','336.3','In progress','2020-02-12',96),('H2-23-z1','491.86','In progress','2020-08-10',346),('H2-33-x1','86.55','Delayed','2021-01-11',258),('H2-43-c1','791.76','Delayed','2020-12-27',40),('H2-43-k1','263.74','In progress','2020-12-21',460),('H2-63-a1','752.96','In progress','2020-06-23',77),('H2-63-b1','60.79','Shipped','2021-06-03',383),('H2-63-g1','770.17','Delayed','2021-09-01',109),('H2-63-j1','504.27','Delayed','2020-08-29',313),('H2-93-g1','413.76','Shipped','2020-09-03',318),('H2-93-y1','203.03','Cancelled','2020-07-20',461),('I2-03-w1','497.94','Cancelled','2021-07-07',291),('I2-13-g1','766.4','Shipped','2021-08-31',337),('I2-13-t1','231.62','Shipped','2021-03-22',460),('I2-23-z1','495.74','In progress','2021-09-19',208),('I2-33-b1','591.17','Cancelled','2020-02-06',61),('I2-33-f1','476.97','In progress','2021-08-22',27),('I2-53-o1','683.7','Shipped','2021-03-31',120),('I2-83-j1','30.13','In progress','2021-10-17',301),('I2-83-t1','398.06','Shipped','2021-11-05',207),('I2-83-z1','186.6','Shipped','2021-08-25',381),('I2-93-c1','226.93','Delayed','2021-03-11',132),('I2-93-g1','411.09','Cancelled','2021-03-11',64),('I2-93-j1','172.85','In progress','2020-09-24',28),('I2-93-z1','408.98','Shipped','2020-02-18',40),('J2-03-d1','624.05','Delayed','2021-07-12',181),('J2-03-n1','13.01','Shipped','2020-10-16',28),('J2-13-m1','564.32','Shipped','2021-07-07',452),('J2-13-v1','488.75','Cancelled','2021-04-19',60),('J2-23-b1','600.82','Cancelled','2021-08-31',372),('J2-23-j1','695.43','Cancelled','2021-01-30',384),('J2-43-d1','234.57','Cancelled','2020-07-03',245),('J2-43-n1','314.34','Shipped','2021-03-12',170),('J2-43-q1','245.17','Cancelled','2020-10-11',288),('J2-53-c1','543.81','Delayed','2020-04-27',265),('J2-53-e1','577.18','Cancelled','2021-07-15',133),('J2-53-l1','396.3','In progress','2020-06-13',162),('J2-53-z1','475.55','In progress','2021-04-01',119),('J2-63-i1','568.58','Delayed','2021-06-25',15),('J2-73-p1','355.39','Delayed','2020-08-20',329),('J2-73-t1','643.25','Cancelled','2021-06-24',149),('J2-83-k1','347.78','Cancelled','2021-05-07',31),('K2-03-y1','113.34','Shipped','2020-01-16',296),('K2-13-h1','566.67','Shipped','2020-07-18',301),('K2-13-k1','231.12','Delayed','2021-07-30',396),('K2-13-n1','531.58','In progress','2020-06-03',346),('K2-13-y1','257.88','Delayed','2020-05-17',4),('K2-23-b1','394.77','Delayed','2020-06-23',452),('K2-33-r1','444.12','Delayed','2020-08-01',222),('K2-43-f1','673.2','In progress','2020-12-21',122),('K2-53-k1','637.16','Shipped','2020-12-15',89),('K2-73-h1','350.37','Cancelled','2020-08-27',104),('K2-73-i1','112.49','In progress','2020-11-04',113),('K2-73-s1','762.46','Cancelled','2020-07-15',433),('K2-83-c1','657.35','Shipped','2020-09-23',410),('K2-83-k1','202.42','Cancelled','2020-04-04',113),('K2-93-u1','272.05','Shipped','2021-02-23',232),('K2-93-y1','610.05','Cancelled','2021-06-17',163),('L2-13-d1','627.94','Cancelled','2020-07-06',419),('L2-13-u1','758.79','Delayed','2020-09-21',304),('L2-13-z1','82.59','Shipped','2020-10-08',190),('L2-23-j1','32.1','Cancelled','2021-07-02',207),('L2-53-l1','156.66','Shipped','2020-07-23',434),('L2-63-h1','528.82','Shipped','2020-04-25',142),('L2-63-k1','219.64','Shipped','2020-01-16',215),('L2-63-q1','328.1','Shipped','2021-04-24',170),('L2-73-c1','473.51','Shipped','2021-01-06',9),('L2-83-c1','709.27','Shipped','2021-08-23',201),('L2-83-d1','143.54','Cancelled','2020-11-25',433),('L2-83-x1','206.1','Shipped','2021-11-08',81),('L2-93-m1','445.24','Delayed','2020-05-29',219),('L2-93-u1','624.54','In progress','2020-05-09',177),('M2-03-d1','129.49','Shipped','2020-12-19',437),('M2-03-g1','28.16','Cancelled','2020-09-24',93),('M2-03-i1','421.2','Cancelled','2020-10-06',114),('M2-13-u1','383.28','Delayed','2021-10-11',144),('M2-33-k1','611.58','Delayed','2021-05-26',435),('M2-33-q1','323.4','In progress','2020-05-28',416),('M2-43-g1','342.16','Delayed','2021-05-15',144),('M2-43-h1','521.84','Shipped','2020-11-01',228),('M2-53-k1','184.31','Shipped','2020-05-27',431),('M2-63-f1','535.88','Cancelled','2020-07-26',124),('M2-63-p1','295.41','Shipped','2020-01-26',97),('M2-93-k1','43.14','Shipped','2021-06-16',333),('M2-93-u1','651.66','Shipped','2020-07-19',406),('M2-93-y1','243.11','Cancelled','2020-02-20',197),('N2-03-w1','123.39','In progress','2021-05-01',438),('N2-13-o1','726.07','Cancelled','2020-05-19',27),('N2-13-s1','790.69','Delayed','2020-01-23',38),('N2-13-w1','497.74','Shipped','2020-10-13',147),('N2-13-z1','707.19','Delayed','2020-11-20',189),('N2-23-t1','28.06','In progress','2021-03-12',202),('N2-33-l1','748.49','Cancelled','2020-04-02',426),('N2-33-n1','464.59','In progress','2021-01-22',327),('N2-63-b1','612.4','In progress','2020-01-15',138),('N2-63-e1','240.24','Shipped','2021-03-23',333),('N2-73-p1','390.61','Cancelled','2020-01-02',246),('N2-73-x1','215.28','Cancelled','2021-01-17',343),('N2-83-h1','543.49','Delayed','2020-11-19',251),('N2-83-y1','170.81','In progress','2021-01-11',265),('N2-83-z1','37.04','In progress','2020-09-15',83),('N2-93-a1','262.45','Cancelled','2020-06-08',280),('N2-93-d1','749.89','In progress','2021-08-06',381),('O2-03-f1','778.85','Cancelled','2020-09-23',235),('O2-13-e1','488.9','In progress','2020-05-15',236),('O2-13-i1','151.64','Shipped','2021-03-22',266),('O2-13-s1','150.04','Shipped','2020-04-17',91),('O2-23-a1','403.87','Delayed','2021-03-27',20),('O2-23-s1','482.51','In progress','2020-03-21',240),('O2-23-x1','589.46','In progress','2020-09-20',132),('O2-33-p1','693.33','Shipped','2021-02-01',138),('O2-33-v1','87.15','In progress','2020-01-14',223),('O2-43-u1','184.51','Delayed','2020-09-27',428),('O2-53-a1','158.8','Delayed','2020-08-28',372),('O2-53-d1','156.56','Delayed','2021-07-04',279),('O2-53-o1','337.57','In progress','2020-11-30',272),('O2-53-t1','434.33','Shipped','2020-08-21',154),('O2-53-y1','571.04','In progress','2020-05-05',28),('O2-73-e1','357.93','Delayed','2020-11-20',281),('O2-73-f1','759.12','In progress','2021-02-13',406),('O2-83-d1','785.22','Delayed','2020-04-04',410),('O2-83-t1','118.11','Shipped','2020-10-12',279),('O2-93-c1','727.42','Delayed','2020-06-26',362),('O2-93-f1','368.06','Shipped','2020-07-13',14),('O2-93-q1','454.58','Shipped','2020-03-04',309),('P2-03-k1','27.57','Shipped','2021-05-14',8),('P2-03-n1','642.34','Shipped','2021-09-10',25),('P2-03-p1','269.31','Delayed','2020-09-21',126),('P2-03-s1','400.17','Cancelled','2020-08-16',254),('P2-13-z1','330.56','In progress','2021-04-30',167),('P2-23-g1','794.14','Cancelled','2020-01-09',72),('P2-23-r1','93.45','Cancelled','2021-10-19',380),('P2-23-s1','352.46','Shipped','2020-06-17',23),('P2-33-c1','184.84','Cancelled','2020-08-16',454),('P2-33-k1','392.45','In progress','2021-08-29',22),('P2-43-j1','352.96','Delayed','2021-05-08',29),('P2-53-c1','136.14','Delayed','2020-10-19',135),('P2-53-d1','188.4','Cancelled','2021-10-24',76),('P2-53-e1','634.49','Shipped','2021-02-21',304),('P2-73-c1','794.56','In progress','2020-04-13',397),('P2-73-f1','219.07','In progress','2021-10-12',2),('P2-73-l1','42.86','Shipped','2020-12-29',432),('P2-73-l2','42.86','Shipped','2020-05-31',103),('P2-83-i1','100.83','Cancelled','2020-03-21',89),('P2-83-u1','128.98','Delayed','2020-06-05',170),('P2-93-l1','408.6','Delayed','2020-10-10',271),('P2-93-r1','470.2','Delayed','2021-05-22',408),('P2-93-y1','397.05','Cancelled','2021-05-17',312),('P2-93-z1','191.83','In progress','2020-01-12',305),('Q2-03-e1','270.04','In progress','2021-10-30',350),('Q2-13-r1','589.3','In progress','2020-07-25',336),('Q2-13-y1','674.94','Shipped','2020-03-02',413),('Q2-23-a1','10.27','Delayed','2021-07-13',20),('Q2-23-d1','236.39','Delayed','2020-06-18',76),('Q2-23-e1','202.86','In progress','2021-08-14',312),('Q2-43-a1','359.4','Cancelled','2020-10-14',116),('Q2-43-d1','224.3','In progress','2020-08-24',204),('Q2-53-b1','447.98','In progress','2021-09-07',255),('Q2-53-l1','288.16','In progress','2020-05-09',369),('Q2-53-n1','144.77','Cancelled','2021-09-30',294),('Q2-53-y1','367.3','In progress','2020-12-29',148),('Q2-93-d1','172.22','Cancelled','2021-01-20',410),('Q2-93-l1','558.93','Delayed','2021-02-28',332),('R2-03-i1','45.88','In progress','2020-08-19',164),('R2-03-v1','567.72','In progress','2020-01-08',447),('R2-03-y1','584.63','In progress','2020-12-30',20),('R2-13-z1','213.59','In progress','2021-10-24',268),('R2-23-b1','559.45','In progress','2020-10-06',434),('R2-23-m1','148.91','Cancelled','2021-05-26',360),('R2-23-s1','727.71','Shipped','2021-03-30',296),('R2-33-i1','294.28','Delayed','2020-06-29',316),('R2-33-l1','76.7','Delayed','2021-02-05',163),('R2-33-s1','523.69','Delayed','2020-01-06',230),('R2-33-u1','567.16','In progress','2020-01-23',451),('R2-43-t1','522.9','Cancelled','2020-10-30',384),('R2-53-z1','608.5','In progress','2020-09-29',81),('R2-63-o1','178.84','Cancelled','2021-09-13',369),('R2-93-f1','480.45','Cancelled','2021-04-24',187),('R2-93-u1','200.32','In progress','2020-02-29',133),('S2-03-p1','322.87','Shipped','2020-02-20',319),('S2-13-z1','195.11','Shipped','2020-07-17',112),('S2-23-t1','71.94','Cancelled','2021-02-16',320),('S2-23-x1','142.19','In progress','2021-01-26',202),('S2-33-e1','238.87','Cancelled','2020-07-31',101),('S2-33-i1','31.53','Cancelled','2021-02-24',270),('S2-33-q1','207.28','In progress','2020-02-27',46),('S2-33-t1','116.19','Cancelled','2020-03-22',418),('S2-53-x1','292.2','Delayed','2020-07-31',369),('S2-73-c1','113.16','Shipped','2021-03-17',461),('S2-73-g1','215.67','Delayed','2021-07-26',412),('S2-73-h1','674.89','Delayed','2021-03-05',23),('S2-73-p1','609.2','In progress','2021-05-27',229),('S2-83-m1','512.41','In progress','2020-05-06',272),('S2-93-h1','580.85','In progress','2021-03-09',59),('S2-93-k1','443.76','Delayed','2020-12-17',75),('S2-93-s1','609.54','In progress','2020-10-25',339),('S2-93-u1','637.64','Cancelled','2021-05-09',318),('S2-93-y1','225.47','Cancelled','2021-08-30',150),('T2-03-d1','110.9','Shipped','2021-07-07',401),('T2-23-h1','71.94','Cancelled','2021-05-26',240),('T2-23-o1','743.37','Cancelled','2020-02-29',265),('T2-33-t1','722.71','Delayed','2020-08-15',239),('T2-33-w1','71.94','Cancelled','2021-05-02',408),('T2-43-a1','81.86','Delayed','2020-06-30',121),('T2-43-d1','704.54','In progress','2020-01-28',438),('T2-43-q1','138.77','Delayed','2020-12-23',208),('T2-43-v1','337.93','Delayed','2021-05-28',182),('T2-53-b1','564.19','In progress','2021-07-28',134),('T2-63-w1','388.18','Shipped','2020-05-18',96),('T2-93-g1','715.5','Delayed','2020-11-29',108),('U2-03-l1','720.45','Shipped','2020-03-02',68),('U2-23-a1','437.9','Delayed','2021-04-25',388),('U2-23-m1','233.16','Shipped','2020-12-29',9),('U2-53-m1','497.95','Shipped','2021-04-25',13),('U2-53-r1','248.7','Cancelled','2021-11-15',462),('U2-73-a1','184.33','In progress','2020-10-07',413),('U2-73-v1','779.67','Cancelled','2020-09-17',20),('U2-73-x1','584.82','Shipped','2021-01-19',274),('U2-73-y1','773.94','Delayed','2021-03-18',194),('U2-83-e1','162.32','In progress','2020-04-24',147),('U2-83-o1','122.6','Delayed','2021-06-19',189),('U2-93-g1','235.44','Shipped','2020-08-04',271),('U2-93-q1','66.56','Cancelled','2021-10-28',436),('U2-93-u1','172.69','Shipped','2021-09-20',257),('V2-13-c1','595.13','Shipped','2021-01-13',172),('V2-23-s1','741.21','Shipped','2020-11-15',137),('V2-33-d1','442.09','Delayed','2020-02-03',166),('V2-33-h1','111.66','Shipped','2021-04-21',103),('V2-33-x1','323.15','Shipped','2021-09-06',360),('V2-43-i1','663.65','Cancelled','2021-04-17',199),('V2-43-s1','270.56','Delayed','2020-05-27',384),('V2-73-c1','197.33','Delayed','2020-08-14',450),('V2-73-d1','175.58','Shipped','2021-03-20',111),('V2-83-j1','589.26','In progress','2021-08-08',301),('V2-83-n1','524.96','In progress','2020-01-27',357),('V2-83-v1','384.6','Cancelled','2020-01-08',9),('V2-93-e1','356.79','Delayed','2020-04-26',146),('W2-13-p1','783.76','Shipped','2021-10-28',112),('W2-23-f1','198.5','Delayed','2020-03-13',402),('W2-33-w1','219.64','Cancelled','2020-02-23',407),('W2-43-j1','13.66','Delayed','2020-04-02',448),('W2-43-v1','99.69','In progress','2021-07-26',379),('W2-53-v1','517.76','Cancelled','2020-06-17',356),('W2-73-b1','176.95','Shipped','2020-11-08',66),('W2-73-p1','167.92','In progress','2021-06-10',51),('W2-83-h1','432.01','Cancelled','2020-03-29',390),('W2-93-g1','694.2','Cancelled','2021-11-09',444),('W2-93-r1','263.33','Shipped','2021-01-14',123),('X2-03-c1','201.72','Delayed','2020-11-04',348),('X2-13-j1','528.29','Delayed','2020-01-10',247),('X2-13-s1','770.53','Delayed','2021-08-16',222),('X2-13-t1','275.92','Cancelled','2020-01-31',202),('X2-13-w1','157.89','Shipped','2020-06-15',395),('X2-13-z1','405.16','Delayed','2020-06-13',426),('X2-23-e1','505.7','Shipped','2020-05-25',326),('X2-23-q1','633.71','Shipped','2021-07-28',36),('X2-23-s1','664.45','Shipped','2021-07-04',298),('X2-23-t1','632.83','Delayed','2021-04-05',392),('X2-33-a1','524.46','In progress','2020-01-19',273),('X2-33-t1','642.77','In progress','2020-10-08',8),('X2-43-e1','498.22','In progress','2021-07-28',382),('X2-43-g1','287.95','Delayed','2020-12-24',324),('X2-53-g1','50.27','Shipped','2021-10-12',203),('X2-53-n1','588','Delayed','2020-09-23',253),('X2-53-v1','569.97','Cancelled','2020-09-05',408),('X2-63-a1','243.43','Shipped','2020-05-30',48),('X2-63-s1','727.25','Shipped','2020-06-03',326),('X2-73-f1','625.58','Delayed','2021-01-23',458),('X2-73-q1','58.08','Delayed','2020-01-31',146),('X2-73-x1','309.49','Delayed','2021-10-31',374),('X2-83-c1','322.26','Shipped','2020-11-04',172),('X2-83-j1','595.96','In progress','2021-09-10',46),('X2-83-l1','320.47','Cancelled','2020-06-10',31),('X2-83-n1','781.89','Delayed','2020-08-17',314),('Y2-03-e1','622.78','Delayed','2021-05-10',271),('Y2-03-i1','99.39','In progress','2021-04-13',26),('Y2-03-k1','789.45','Delayed','2020-05-02',36),('Y2-03-o1','423.78','Delayed','2021-07-29',118),('Y2-33-j1','495','Shipped','2021-08-14',172),('Y2-43-g1','30.5','Shipped','2020-06-21',44),('Y2-43-v1','462.3','Delayed','2020-05-14',332),('Y2-43-x1','610.62','In progress','2021-05-10',38),('Y2-53-e1','67.28','Cancelled','2021-04-14',145),('Y2-53-q1','187','In progress','2020-04-03',138),('Y2-63-d1','681.37','Cancelled','2020-01-15',124),('Y2-63-m1','278.67','Cancelled','2021-01-03',84),('Y2-63-u1','593.86','In progress','2021-09-15',181),('Y2-73-p1','364.48','Shipped','2021-05-07',5),('Y2-73-z1','144.83','Cancelled','2021-01-17',148),('Y2-93-h1','401.64','Cancelled','2020-03-17',214),('Y2-93-m1','626.25','Shipped','2020-09-02',332),('Y2-93-u1','88.36','In progress','2021-05-17',191),('Y2-93-y1','167.43','Delayed','2020-12-29',330),('Z2-03-f1','32.08','Delayed','2021-03-31',150),('Z2-13-b1','77.15','Delayed','2020-03-07',436),('Z2-13-w1','466.8','Cancelled','2020-03-17',333),('Z2-13-x1','387.76','In progress','2021-07-31',300),('Z2-23-g1','486.12','Cancelled','2020-06-27',254),('Z2-23-t1','766.01','Delayed','2020-07-26',374),('Z2-43-c1','505.01','Cancelled','2021-11-04',279),('Z2-43-h1','737.73','Cancelled','2020-12-27',129),('Z2-43-p1','22.61','In progress','2020-02-28',263),('Z2-43-r1','219.94','Cancelled','2020-04-03',130),('Z2-43-r10','219.94','Cancelled','2020-05-30',363),('Z2-43-r4','219.94','Cancelled','2021-02-10',168),('Z2-63-l1','334.52','In progress','2020-09-30',453),('Z2-63-q1','491.56','In progress','2020-11-17',101),('Z2-73-b1','437.18','In progress','2020-12-20',280),('Z2-73-d1','581.72','Cancelled','2020-06-03',315),('Z2-83-b1','796.03','Delayed','2021-02-05',66),('Z2-83-q1','575.54','Delayed','2021-01-25',317);
/*!40000 ALTER TABLE `orders` ENABLE KEYS */;
UNLOCK TABLES;
/*!40103 SET TIME_ZONE=@OLD_TIME_ZONE */;

/*!40101 SET SQL_MODE=@OLD_SQL_MODE */;
/*!40014 SET FOREIGN_KEY_CHECKS=@OLD_FOREIGN_KEY_CHECKS */;
/*!40014 SET UNIQUE_CHECKS=@OLD_UNIQUE_CHECKS */;
/*!40101 SET CHARACTER_SET_CLIENT=@OLD_CHARACTER_SET_CLIENT */;
/*!40101 SET CHARACTER_SET_RESULTS=@OLD_CHARACTER_SET_RESULTS */;
/*!40101 SET COLLATION_CONNECTION=@OLD_COLLATION_CONNECTION */;
/*!40111 SET SQL_NOTES=@OLD_SQL_NOTES */;

/*!40101 SET @OLD_CHARACTER_SET_CLIENT=@@CHARACTER_SET_CLIENT */;
/*!40101 SET @OLD_CHARACTER_SET_RESULTS=@@CHARACTER_SET_RESULTS */;
/*!40101 SET @OLD_COLLATION_CONNECTION=@@COLLATION_CONNECTION */;
/*!50503 SET NAMES utf8 */;
/*!40103 SET @OLD_TIME_ZONE=@@TIME_ZONE */;
/*!40103 SET TIME_ZONE='+00:00' */;
/*!40014 SET @OLD_UNIQUE_CHECKS=@@UNIQUE_CHECKS, UNIQUE_CHECKS=0 */;
/*!40014 SET @OLD_FOREIGN_KEY_CHECKS=@@FOREIGN_KEY_CHECKS, FOREIGN_KEY_CHECKS=0 */;
/*!40101 SET @OLD_SQL_MODE=@@SQL_MODE, SQL_MODE='NO_AUTO_VALUE_ON_ZERO' */;
/*!40111 SET @OLD_SQL_NOTES=@@SQL_NOTES, SQL_NOTES=0 */;

--
-- Table structure for table `orderdetails`
--

DROP TABLE IF EXISTS `orderdetails`;
/*!40101 SET @saved_cs_client     = @@character_set_client */;
/*!50503 SET character_set_client = utf8mb4 */;
CREATE TABLE `orderdetails` (
  `orderId` varchar(10) NOT NULL,
  `productID` varchar(10) NOT NULL,
  `orderLineNum` int DEFAULT NULL,
  `qtyOrdered` int DEFAULT NULL,
  `pricePerUnit` decimal(10,2) DEFAULT NULL,
  PRIMARY KEY (`orderId`,`productID`),
  KEY `productID` (`productID`),
  CONSTRAINT `orderdetails_ibfk_1` FOREIGN KEY (`orderId`) REFERENCES `orders` (`orderId`),
  CONSTRAINT `orderdetails_ibfk_2` FOREIGN KEY (`productID`) REFERENCES `products` (`productId`)
) ENGINE=InnoDB DEFAULT CHARSET=utf8mb4 COLLATE=utf8mb4_0900_ai_ci;
/*!40101 SET character_set_client = @saved_cs_client */;

--
-- Dumping data for table `orderdetails`
--

LOCK TABLES `orderdetails` WRITE;
/*!40000 ALTER TABLE `orderdetails` DISABLE KEYS */;
INSERT INTO `orderdetails` VALUES ('A2-23-o1','L3-73-l1',10,16,19.72),('A2-23-r1','N3-23-v1',9,1,23.45),('A2-33-j1','G3-83-d1',13,11,34.97),('A2-33-s1','F3-33-f1',13,7,28.23),('A2-33-v1','P3-03-n1',2,17,10.69),('A2-43-b1','V3-83-t1',3,8,17.41),('A2-43-m1','C3-63-r1',11,1,7.28),('A2-53-i1','A3-03-q1',1,8,21.54),('A2-53-o1','J3-53-b1',10,7,28.30),('A2-53-u1','Q3-83-r1',8,2,2.23),('A2-63-c1','N3-83-z1',13,6,7.47),('A2-63-m1','I3-43-y1',2,9,3.13),('A2-73-d1','J3-73-w1',13,4,20.01),('A2-73-l1','F3-83-w1',18,13,15.18),('A2-73-m1','U3-03-w1',1,1,37.93),('B2-03-i1','Y3-93-p1',16,2,31.70),('B2-03-j1','R3-73-o1',2,3,36.74),('B2-03-s1','D3-53-b1',10,1,9.32),('B2-13-r1','F3-13-t1',11,8,28.20),('B2-13-x1','M3-03-s1',2,2,28.78),('B2-23-t1','E3-53-j1',11,10,36.59),('B2-43-j1','V3-33-e1',13,14,24.97),('B2-43-u1','J3-73-g1',13,13,3.37),('B2-73-a1','X3-23-i1',19,14,11.41),('B2-73-b1','C3-43-h1',4,6,17.09),('B2-73-e1','R3-33-d1',17,9,27.64),('B2-73-x1','D3-23-h1',5,1,20.34),('B2-83-b1','U3-43-z1',4,20,26.01),('B2-83-u1','T3-83-l1',7,14,27.43),('B2-93-t1','F3-73-x1',5,14,25.92),('C2-03-d1','P3-33-v1',12,17,8.14),('C2-03-e1','B3-23-m1',5,5,25.40),('C2-03-e1','H3-63-b1',3,13,31.16),('C2-03-e1','K3-63-d1',2,5,35.89),('C2-03-e1','M3-63-d1',4,17,23.02),('C2-03-e1','S3-23-n1',1,7,29.93),('C2-03-e1','S3-93-k1',10,10,31.80),('C2-03-e1','U3-13-x1',8,18,22.14),('C2-03-e1','U3-23-s1',7,17,3.81),('C2-03-e1','U3-63-e1',9,19,28.82),('C2-03-e1','Y3-83-b1',11,1,34.81),('C2-03-e1','Y3-93-k1',6,10,12.03),('C2-03-v1','O3-33-l1',11,8,17.51),('C2-13-s1','C3-13-b1',9,18,14.97),('C2-13-y1','M3-23-n1',10,12,11.11),('C2-23-i1','Q3-43-e1',13,5,9.39),('C2-23-o1','A3-53-n1',13,13,35.07),('C2-33-b1','N3-13-h1',18,10,34.43),('C2-53-a1','Q3-23-y1',12,13,30.48),('C2-63-b1','A3-43-o1',14,6,31.66),('C2-63-i1','W3-53-n1',18,11,10.52),('C2-63-x1','C3-23-d1',12,5,29.00),('C2-63-x1','V3-13-o1',4,1,4.61),('C2-63-z1','R3-03-z1',16,2,11.70),('C2-73-e1','C3-73-f1',5,19,22.88),('C2-83-f1','K3-03-i1',14,14,36.29),('C2-83-l1','X3-83-h1',11,20,11.80),('C2-83-n1','E3-33-c1',4,6,35.86),('C2-93-g1','V3-63-b1',3,2,35.38),('C2-93-p1','B3-83-m1',20,1,35.89),('D2-03-h1','S3-13-z1',19,5,19.87),('D2-13-g1','L3-93-s1',9,16,34.55),('D2-23-e1','P3-63-j1',2,6,37.97),('D2-23-x1','U3-63-t1',19,14,30.30),('D2-33-l1','H3-63-u1',5,5,36.53),('D2-33-r1','W3-83-d1',5,3,31.88),('D2-43-f1','D3-23-b1',8,17,20.74),('D2-43-n1','Y3-73-a1',5,13,11.02),('D2-43-y1','M3-13-i1',12,7,17.21),('D2-53-l1','H3-93-u1',18,5,1.61),('D2-53-p1','P3-73-k1',15,1,5.75),('D2-63-j1','N3-43-z1',2,6,32.02),('D2-63-y1','S3-43-u1',6,7,28.21),('D2-73-o1','X3-33-h1',6,13,38.97),('D2-83-o1','I3-83-r1',4,9,2.58),('D2-83-w1','V3-93-h1',17,15,35.03),('D2-93-i1','T3-63-t1',18,5,5.63),('D2-93-t1','C3-43-n1',11,11,16.14),('E2-03-i1','Y3-63-d1',14,15,6.66),('E2-03-u1','E3-83-c1',16,10,8.30),('E2-13-a1','N3-43-i1',3,3,39.48),('E2-13-b1','B3-13-e1',4,4,24.30),('E2-13-b1','W3-63-t1',2,9,17.36),('E2-13-d1','Z3-03-h1',12,14,29.10),('E2-13-k1','Q3-73-a1',4,8,1.36),('E2-13-z1','M3-73-f1',1,7,21.25),('E2-23-d1','E3-53-e1',17,14,13.31),('E2-23-e1','O3-33-v1',8,11,5.72),('E2-23-e1','U3-13-q1',17,4,9.86),('E2-23-u1','R3-33-x1',6,6,35.71),('E2-33-n1','K3-83-b1',16,6,27.65),('E2-33-w1','F3-43-a1',13,16,1.76),('E2-33-w1','T3-03-w1',5,15,9.68),('E2-43-d1','M3-13-g1',4,11,15.00),('E2-43-m1','L3-33-g1',17,14,7.46),('E2-43-s1','V3-83-a1',10,5,39.21),('E2-53-a1','E3-73-x1',5,11,6.22),('E2-53-c1','V3-83-l1',12,17,2.80),('E2-53-j1','B3-53-o1',10,4,4.82),('E2-53-t1','K3-83-c1',7,6,1.60),('E2-63-b1','K3-33-m1',11,7,27.37),('E2-63-h1','N3-63-d1',8,15,15.38),('E2-73-a1','N3-83-v1',14,20,16.86),('E2-73-e1','J3-63-b1',10,10,31.70),('E2-73-r1','M3-03-o1',13,7,20.07),('E2-73-w1','O3-93-q1',11,2,18.39),('E2-83-m1','A3-13-u1',10,2,12.57),('E2-83-r1','W3-63-j1',18,9,16.66),('F2-03-i1','H3-13-u1',4,20,17.53),('F2-03-y1','B3-73-v1',15,14,11.32),('F2-13-i1','W3-23-l1',14,10,29.86),('F2-13-p1','M3-53-b1',5,16,19.38),('F2-13-w1','C3-43-o1',15,13,18.90),('F2-13-x1','H3-53-m1',14,20,15.07),('F2-23-f1','L3-73-x1',18,4,11.91),('F2-33-x1','Q3-53-n1',11,10,14.37),('F2-43-b1','S3-73-j1',8,20,24.78),('F2-43-i1','K3-23-t1',16,3,6.39),('F2-53-y1','H3-63-t1',19,12,20.63),('F2-63-v1','N3-93-x1',17,19,37.57),('F2-63-v1','V3-93-a1',18,12,38.97),('F2-63-w1','I3-43-d1',1,19,32.61),('F2-73-g1','G3-63-w1',15,6,26.71),('F2-73-v1','O3-33-r1',14,4,26.46),('F2-83-d1','Q3-43-g1',8,7,11.26),('F2-93-d1','A3-03-x1',19,20,6.90),('G2-03-h1','W3-03-x1',7,6,26.98),('G2-03-j1','D3-63-s1',4,10,11.81),('G2-03-m1','B3-63-s1',20,13,19.36),('G2-03-t1','J3-53-l1',7,12,30.28),('G2-03-y1','M3-73-u1',7,5,14.85),('G2-13-b1','F3-73-c1',14,16,22.69),('G2-13-c1','I3-13-n1',13,1,16.32),('G2-13-j1','J3-63-b1',19,19,2.00),('G2-13-j1','W3-63-k1',18,18,14.44),('G2-13-p1','Q3-03-b1',9,19,25.01),('G2-13-y1','O3-13-m1',4,5,16.73),('G2-13-z1','V3-53-u1',17,16,7.53),('G2-23-g1','C3-33-e1',3,19,15.15),('G2-33-l1','F3-83-f1',12,5,34.36),('G2-43-e1','M3-83-f1',20,8,14.75),('G2-43-i1','B3-13-j1',16,13,29.44),('G2-43-o1','Q3-53-x1',19,16,12.43),('G2-43-y1','G3-03-j1',12,14,14.48),('G2-53-u1','T3-53-u1',14,19,32.78),('G2-63-e1','N3-03-m1',13,14,21.14),('G2-63-i1','Z3-63-x1',13,6,37.57),('G2-63-w1','F3-23-b1',1,11,8.61),('G2-73-k1','I3-73-n1',7,14,24.28),('G2-83-f1','D3-03-p1',19,17,37.83),('G2-83-n1','P3-63-f1',20,1,3.53),('G2-83-p1','W3-43-s1',2,18,6.03),('G2-93-k1','R3-23-j1',2,15,18.66),('G2-93-k1','X3-53-g1',7,18,4.05),('H2-03-f1','J3-93-w1',9,12,35.09),('H2-13-a1','S3-83-r1',4,20,13.94),('H2-13-g1','Z3-73-p1',8,1,15.30),('H2-13-o1','E3-63-u1',12,5,27.72),('H2-23-g1','P3-03-n1',17,13,28.03),('H2-23-g1','W3-73-h1',11,15,32.68),('H2-23-u1','S3-03-p1',6,2,12.28),('H2-23-z1','X3-43-s1',5,9,12.63),('H2-43-c1','O3-93-w1',12,12,15.26),('H2-43-k1','S3-03-s1',9,20,5.05),('H2-63-a1','H3-83-l1',17,7,17.49),('H2-63-b1','G3-13-o1',8,20,39.86),('H2-63-g1','U3-13-d1',18,10,11.81),('H2-63-j1','O3-43-n1',7,10,32.93),('H2-93-g1','E3-63-j1',17,4,11.13),('H2-93-y1','F3-23-l1',15,9,28.09),('I2-03-w1','R3-13-i1',6,18,11.87),('I2-13-g1','L3-53-s1',19,2,11.60),('I2-13-t1','R3-83-g1',1,2,38.15),('I2-23-z1','N3-23-n1',18,8,37.02),('I2-33-b1','U3-03-n1',15,4,21.72),('I2-33-f1','K3-03-k1',4,2,34.92),('I2-53-o1','K3-23-m1',11,14,29.55),('I2-83-j1','F3-63-i1',17,6,35.09),('I2-83-t1','Z3-13-r1',12,5,15.49),('I2-83-z1','G3-03-y1',19,16,3.16),('I2-93-c1','Y3-93-c1',19,6,16.21),('I2-93-g1','X3-53-s1',11,18,5.44),('I2-93-j1','P3-43-s1',12,13,33.63),('I2-93-z1','B3-83-r1',10,10,24.33),('J2-03-d1','U3-73-x1',12,15,25.18),('J2-03-n1','P3-73-h1',1,19,16.85),('J2-13-m1','Y3-23-p1',14,8,19.71),('J2-13-v1','T3-23-d1',15,2,30.92),('J2-23-b1','B3-83-i1',7,1,26.72),('J2-23-j1','Q3-13-d1',2,13,12.76),('J2-43-d1','O3-63-r1',3,11,15.39),('J2-43-n1','B3-63-y1',15,9,32.13),('J2-43-q1','G3-83-a1',15,5,25.82),('J2-53-c1','J3-83-w1',18,9,10.00),('J2-53-e1','K3-23-j1',18,2,12.97),('J2-53-l1','U3-53-y1',14,3,8.51),('J2-53-z1','Y3-43-a1',14,2,39.78),('J2-63-i1','D3-63-s1',1,5,10.92),('J2-73-p1','Z3-43-r1',11,1,13.60),('J2-73-t1','F3-53-m1',19,15,23.19),('J2-83-k1','U3-73-k1',17,2,29.23),('K2-03-y1','Y3-23-l1',1,11,21.38),('K2-13-h1','J3-43-l1',15,14,37.80),('K2-13-k1','M3-23-q1',2,7,30.69),('K2-13-n1','Z3-33-p1',5,4,11.01),('K2-13-y1','H3-23-t1',1,8,32.91),('K2-23-b1','O3-43-d1',10,18,15.93),('K2-33-r1','N3-93-p1',15,1,13.57),('K2-43-f1','X3-43-q1',8,8,29.58),('K2-53-k1','F3-23-c1',12,10,21.48),('K2-73-h1','M3-03-e1',2,10,39.59),('K2-73-i1','C3-23-i1',19,12,12.47),('K2-73-s1','K3-53-j1',11,14,24.23),('K2-83-c1','O3-83-v1',4,2,36.27),('K2-83-k1','H3-93-w1',14,6,29.36),('K2-93-u1','R3-03-a1',10,18,31.00),('K2-93-y1','P3-43-b1',14,11,6.91),('K2-93-y1','Z3-33-g1',5,15,10.79),('L2-13-d1','R3-73-r1',15,5,5.27),('L2-13-u1','E3-03-q1',18,15,2.60),('L2-13-z1','F3-53-x1',16,5,20.16),('L2-13-z1','S3-43-w1',8,14,13.50),('L2-23-j1','F3-73-o1',8,17,23.82),('L2-53-l1','W3-63-o1',1,11,11.69),('L2-63-h1','H3-73-o1',1,4,20.21),('L2-63-k1','C3-73-s1',7,18,39.81),('L2-63-q1','A3-43-c1',13,11,19.64),('L2-73-c1','O3-63-y1',6,13,1.22),('L2-83-c1','F3-93-w1',16,13,7.50),('L2-83-d1','F3-73-t1',12,7,11.69),('L2-83-x1','M3-03-m1',4,13,6.07),('L2-93-m1','L3-33-v1',8,4,13.89),('L2-93-u1','W3-63-w1',16,13,38.68),('M2-03-d1','V3-83-z1',15,14,14.53),('M2-03-g1','J3-33-c1',2,9,8.35),('M2-03-i1','T3-63-m1',20,17,31.87),('M2-13-u1','M3-63-f1',3,10,31.62),('M2-33-k1','D3-53-s1',5,9,22.46),('M2-33-k1','Z3-63-m1',2,9,16.31),('M2-33-q1','A3-13-s1',7,17,11.45),('M2-43-g1','J3-63-k1',15,14,31.45),('M2-43-h1','D3-13-x1',1,6,4.98),('M2-53-k1','K3-63-h1',2,12,34.08),('M2-63-f1','T3-33-q1',1,10,11.12),('M2-63-p1','A3-73-n1',3,12,4.04),('M2-93-k1','T3-23-w1',7,9,36.66),('M2-93-u1','Y3-53-t1',8,19,35.99),('M2-93-y1','Q3-53-c1',16,10,20.47),('N2-03-w1','Z3-03-x1',19,18,26.72),('N2-13-o1','S3-83-s1',8,18,23.93),('N2-13-s1','P3-43-a1',20,19,9.35),('N2-13-s1','T3-73-f1',20,20,5.86),('N2-13-w1','G3-13-n1',7,17,6.52),('N2-13-w1','K3-43-v1',11,12,33.17),('N2-13-z1','W3-43-x1',14,4,13.78),('N2-23-t1','M3-93-r1',19,12,7.35),('N2-33-l1','J3-03-t1',12,19,35.49),('N2-33-n1','G3-33-j1',11,1,7.56),('N2-63-b1','D3-73-h1',11,1,6.94),('N2-63-e1','O3-63-x1',4,19,9.25),('N2-73-p1','E3-63-p1',10,7,39.89),('N2-73-x1','J3-23-w1',4,18,10.75),('N2-83-h1','A3-93-x1',16,14,34.24),('N2-83-y1','V3-93-o1',17,8,36.21),('N2-83-z1','N3-83-l1',2,18,28.11),('N2-93-a1','G3-33-b1',19,13,29.28),('N2-93-d1','L3-63-r1',7,16,10.80),('O2-03-f1','E3-13-v1',10,14,9.84),('O2-13-e1','L3-23-l1',17,7,29.55),('O2-13-i1','G3-23-r1',2,15,6.33),('O2-13-s1','H3-23-h1',12,7,10.60),('O2-23-a1','M3-53-v1',7,17,27.32),('O2-23-s1','B3-43-r1',16,4,5.52),('O2-23-x1','I3-93-h1',19,3,4.89),('O2-33-p1','G3-03-x1',3,11,8.09),('O2-33-v1','C3-73-d1',2,8,15.21),('O2-43-u1','S3-33-c1',19,5,5.59),('O2-53-a1','K3-43-p1',18,13,18.77),('O2-53-d1','V3-63-m1',11,16,32.22),('O2-53-o1','O3-13-r1',12,9,8.10),('O2-53-t1','N3-13-a1',2,8,33.62),('O2-53-y1','R3-43-r1',13,18,30.61),('O2-73-e1','U3-53-k1',12,19,25.49),('O2-73-f1','U3-23-a1',13,7,13.39),('O2-83-d1','R3-33-e1',1,12,1.70),('O2-83-t1','L3-03-e1',15,8,12.57),('O2-93-c1','P3-83-q1',4,20,34.93),('O2-93-f1','U3-03-p1',13,12,6.34),('O2-93-q1','R3-93-w1',7,12,16.34),('P2-03-k1','E3-53-o1',15,10,7.98),('P2-03-n1','M3-23-w1',17,18,38.02),('P2-03-p1','E3-93-c1',14,9,26.96),('P2-03-s1','I3-23-a1',12,20,25.46),('P2-13-z1','L3-93-t1',11,8,14.19),('P2-23-g1','F3-83-m1',5,13,26.38),('P2-23-r1','V3-53-k1',12,10,25.55),('P2-23-s1','A3-93-j1',1,10,5.99),('P2-23-s1','E3-73-s1',3,18,32.20),('P2-23-s1','H3-03-u1',8,6,11.67),('P2-23-s1','H3-73-a1',5,10,21.75),('P2-23-s1','K3-83-f1',6,1,6.29),('P2-23-s1','M3-53-e1',11,9,33.45),('P2-23-s1','M3-73-c1',12,6,34.62),('P2-23-s1','N3-33-r1',14,2,35.09),('P2-23-s1','O3-63-e1',4,19,38.84),('P2-23-s1','P3-93-o1',2,17,26.09),('P2-23-s1','S3-53-p1',13,13,28.82),('P2-23-s1','S3-73-n1',10,13,21.47),('P2-23-s1','X3-03-s1',7,2,30.11),('P2-23-s1','X3-43-e1',9,14,26.07),('P2-33-c1','V3-93-o1',19,19,30.18),('P2-33-k1','U3-13-e1',4,4,35.30),('P2-43-j1','F3-83-e1',5,8,37.65),('P2-53-c1','U3-23-n1',6,7,30.28),('P2-53-d1','F3-13-r1',3,18,34.81),('P2-53-e1','M3-53-q1',12,7,26.61),('P2-73-c1','P3-83-c1',3,10,17.94),('P2-73-f1','U3-73-i1',3,3,38.72),('P2-73-l1','C3-73-v1',8,2,10.16),('P2-73-l1','V3-13-t1',3,2,32.70),('P2-83-i1','D3-93-c1',9,12,32.65),('P2-83-u1','C3-83-b1',11,19,12.96),('P2-93-l1','L3-13-m1',18,1,35.60),('P2-93-r1','L3-83-c1',16,9,21.38),('P2-93-y1','I3-13-r1',16,7,22.20),('P2-93-z1','J3-43-j1',9,16,11.68),('Q2-03-e1','S3-63-s1',17,2,23.70),('Q2-13-r1','H3-63-r1',7,12,36.54),('Q2-13-y1','O3-63-w1',12,16,10.63),('Q2-23-a1','P3-63-u1',7,7,33.27),('Q2-23-d1','G3-93-c1',6,11,33.72),('Q2-23-e1','V3-83-u1',7,19,28.34),('Q2-43-a1','Y3-73-u1',15,19,18.94),('Q2-43-d1','M3-63-p1',13,9,4.42),('Q2-53-b1','D3-23-j1',19,18,36.98),('Q2-53-b1','L3-73-o1',10,17,31.29),('Q2-53-l1','N3-53-g1',20,19,34.67),('Q2-53-n1','P3-33-p1',17,17,19.22),('Q2-53-y1','K3-13-l1',19,20,12.18),('Q2-93-d1','D3-63-s1',6,11,20.41),('Q2-93-l1','H3-33-w1',10,19,12.28),('R2-03-i1','X3-13-y1',6,17,38.85),('R2-03-v1','M3-13-y1',15,16,39.07),('R2-03-y1','N3-93-z1',7,20,14.81),('R2-13-z1','I3-83-v1',19,1,3.12),('R2-23-b1','Q3-13-v1',16,8,7.40),('R2-23-m1','H3-63-f1',19,14,3.31),('R2-23-s1','A3-73-p1',4,9,25.87),('R2-33-i1','Z3-53-o1',17,5,9.49),('R2-33-l1','U3-53-u1',10,1,22.52),('R2-33-s1','J3-03-j1',3,4,33.95),('R2-33-u1','X3-13-m1',6,9,7.98),('R2-43-t1','E3-43-o1',11,20,2.32),('R2-53-z1','A3-13-c1',7,19,2.03),('R2-63-o1','U3-53-r1',18,7,3.91),('R2-93-f1','F3-83-r1',12,14,34.34),('R2-93-u1','X3-93-i1',6,9,4.61),('S2-03-p1','G3-83-l1',18,19,4.82),('S2-13-z1','M3-53-g1',13,8,25.61),('S2-23-t1','G3-73-f1',12,3,13.61),('S2-23-x1','T3-83-a1',2,10,34.14),('S2-33-e1','P3-03-d1',16,15,12.51),('S2-33-i1','O3-43-c1',1,19,23.48),('S2-33-q1','Q3-73-z1',15,8,25.62),('S2-33-t1','J3-03-r1',17,4,24.94),('S2-53-x1','K3-03-k1',20,2,8.67),('S2-73-c1','A3-53-c1',2,14,23.49),('S2-73-g1','V3-33-r1',5,19,7.45),('S2-73-h1','U3-73-x1',2,11,12.20),('S2-73-p1','C3-43-e1',11,7,33.94),('S2-83-m1','B3-63-b1',10,19,36.60),('S2-93-h1','K3-53-x1',5,10,7.19),('S2-93-k1','G3-03-l1',8,14,7.75),('S2-93-s1','H3-93-c1',6,8,14.14),('S2-93-u1','P3-43-o1',7,13,14.72),('S2-93-y1','R3-03-n1',20,15,16.64),('T2-03-d1','J3-13-f1',10,11,1.09),('T2-23-h1','O3-83-b1',15,3,28.17),('T2-23-o1','C3-33-d1',7,2,21.72),('T2-33-t1','E3-53-w1',8,8,35.72),('T2-33-w1','V3-73-o1',20,3,30.16),('T2-43-a1','M3-43-g1',16,12,20.70),('T2-43-d1','L3-63-q1',12,10,36.60),('T2-43-q1','P3-33-l1',13,4,12.00),('T2-43-v1','S3-83-l1',17,18,11.60),('T2-53-b1','G3-83-v1',9,5,30.85),('T2-63-w1','D3-03-c1',9,15,2.41),('T2-93-g1','Y3-73-v1',16,9,39.06),('U2-03-l1','M3-93-x1',8,14,35.44),('U2-23-a1','J3-43-b1',11,2,27.18),('U2-23-m1','C3-33-u1',6,5,24.00),('U2-53-m1','G3-23-k1',10,9,14.88),('U2-53-r1','D3-23-t1',14,3,29.78),('U2-73-a1','A3-93-b1',12,5,7.26),('U2-73-v1','B3-63-e1',2,1,29.70),('U2-73-x1','Q3-13-v1',9,14,3.06),('U2-73-y1','M3-73-q1',20,8,31.27),('U2-83-e1','Z3-63-w1',14,6,18.51),('U2-83-o1','T3-73-x1',11,17,20.99),('U2-93-g1','C3-83-m1',18,2,22.25),('U2-93-q1','Q3-93-s1',2,4,17.32),('U2-93-u1','W3-13-x1',19,8,21.97),('V2-13-c1','Z3-23-z1',17,16,38.96),('V2-23-s1','V3-93-k1',16,15,10.65),('V2-33-d1','F3-13-z1',13,3,16.77),('V2-33-h1','H3-33-h1',2,15,29.79),('V2-33-x1','P3-33-g1',8,1,12.91),('V2-43-i1','X3-73-l1',4,14,28.22),('V2-43-s1','M3-43-i1',16,1,13.64),('V2-73-c1','B3-33-m1',16,16,32.71),('V2-73-d1','E3-43-v1',7,8,35.04),('V2-83-j1','X3-73-w1',18,3,35.70),('V2-83-n1','T3-13-v1',4,5,10.78),('V2-83-v1','R3-73-u1',11,9,30.83),('V2-93-e1','O3-13-p1',18,1,30.06),('W2-13-p1','E3-93-l1',2,17,19.40),('W2-23-f1','R3-43-j1',9,8,19.29),('W2-33-w1','X3-73-n1',11,6,22.45),('W2-43-j1','A3-23-i1',9,12,1.48),('W2-43-v1','L3-13-o1',9,10,33.18),('W2-53-v1','Z3-63-a1',17,20,25.43),('W2-73-b1','G3-63-h1',17,6,18.47),('W2-73-p1','E3-83-p1',7,18,2.83),('W2-83-h1','W3-43-z1',14,15,33.86),('W2-93-g1','T3-33-w1',16,10,7.84),('W2-93-r1','N3-33-k1',15,14,32.46),('X2-03-c1','X3-33-v1',8,7,25.53),('X2-13-j1','B3-43-e1',12,8,32.63),('X2-13-s1','O3-73-c1',19,14,33.41),('X2-13-t1','F3-03-a1',2,17,4.09),('X2-13-w1','B3-63-k1',18,17,32.53),('X2-13-z1','X3-93-h1',12,19,31.40),('X2-23-e1','V3-93-p1',18,1,20.52),('X2-23-q1','A3-63-d1',13,4,37.02),('X2-23-s1','C3-53-k1',17,14,9.89),('X2-23-t1','V3-03-j1',12,17,35.17),('X2-33-a1','E3-33-g1',10,10,4.31),('X2-33-t1','G3-93-x1',12,5,25.25),('X2-43-e1','C3-53-r1',3,15,38.67),('X2-43-g1','Z3-03-s1',2,6,3.11),('X2-53-g1','I3-13-b1',13,1,8.65),('X2-53-n1','G3-43-s1',6,13,6.29),('X2-53-v1','W3-93-i1',7,20,17.42),('X2-63-a1','Z3-33-e1',10,6,32.30),('X2-63-s1','N3-93-e1',13,6,3.96),('X2-73-f1','X3-33-v1',2,15,23.63),('X2-73-q1','W3-13-m1',5,11,14.72),('X2-73-x1','I3-03-r1',6,7,23.93),('X2-83-c1','G3-63-w1',6,14,9.39),('X2-83-j1','G3-13-n1',12,1,35.80),('X2-83-l1','D3-83-w1',8,19,20.63),('X2-83-n1','U3-33-e1',15,7,6.33),('Y2-03-e1','V3-93-a1',10,3,35.55),('Y2-03-i1','V3-93-f1',6,4,1.90),('Y2-03-k1','U3-63-d1',8,16,11.98),('Y2-03-o1','F3-53-l1',1,1,34.12),('Y2-33-j1','I3-73-c1',16,13,28.49),('Y2-43-g1','Y3-03-i1',1,16,6.25),('Y2-43-v1','F3-13-f1',11,6,20.35),('Y2-43-x1','H3-03-n1',14,20,25.97),('Y2-53-e1','A3-53-w1',14,9,18.26),('Y2-53-q1','L3-93-s1',8,2,2.82),('Y2-63-d1','M3-93-m1',20,10,24.20),('Y2-63-m1','N3-03-s1',13,13,15.37),('Y2-63-u1','D3-13-d1',13,8,16.47),('Y2-73-p1','G3-93-l1',3,11,25.63),('Y2-73-z1','O3-93-u1',17,9,38.55),('Y2-93-h1','J3-03-o1',18,16,36.33),('Y2-93-m1','A3-23-l1',7,17,31.24),('Y2-93-u1','Q3-73-y1',4,1,33.62),('Y2-93-y1','T3-23-c1',18,8,38.31),('Z2-03-f1','I3-93-b1',15,15,32.08),('Z2-13-b1','E3-73-m1',3,13,15.16),('Z2-13-w1','H3-13-t1',13,12,4.37),('Z2-13-x1','U3-63-z1',11,16,20.84),('Z2-23-g1','V3-43-c1',17,18,17.68),('Z2-23-t1','E3-73-x1',19,3,24.33),('Z2-43-c1','F3-33-o1',3,5,33.56),('Z2-43-h1','V3-53-u1',6,18,4.43),('Z2-43-p1','B3-03-r1',20,3,19.31),('Z2-43-r1','A3-53-c1',9,5,20.42),('Z2-43-r1','D3-73-n1',2,6,17.31),('Z2-43-r1','G3-33-g1',10,6,4.91),('Z2-43-r1','H3-93-r1',1,9,11.34),('Z2-43-r1','K3-03-z1',7,13,34.56),('Z2-43-r1','P3-03-s1',8,17,11.81),('Z2-43-r1','P3-53-x1',3,13,35.02),('Z2-43-r1','Q3-83-b1',4,2,20.63),('Z2-43-r1','T3-93-q1',6,5,32.30),('Z2-43-r1','Z3-83-s1',5,7,31.64),('Z2-63-l1','S3-63-l1',2,5,34.33),('Z2-63-q1','Q3-73-n1',15,18,39.00),('Z2-73-b1','I3-93-e1',6,19,18.40),('Z2-73-d1','I3-63-g1',5,1,10.88),('Z2-83-b1','J3-33-e1',15,16,18.14),('Z2-83-q1','S3-83-f1',5,9,39.18);
/*!40000 ALTER TABLE `orderdetails` ENABLE KEYS */;
UNLOCK TABLES;
/*!40103 SET TIME_ZONE=@OLD_TIME_ZONE */;

/*!40101 SET SQL_MODE=@OLD_SQL_MODE */;
/*!40014 SET FOREIGN_KEY_CHECKS=@OLD_FOREIGN_KEY_CHECKS */;
/*!40014 SET UNIQUE_CHECKS=@OLD_UNIQUE_CHECKS */;
/*!40101 SET CHARACTER_SET_CLIENT=@OLD_CHARACTER_SET_CLIENT */;
/*!40101 SET CHARACTER_SET_RESULTS=@OLD_CHARACTER_SET_RESULTS */;
/*!40101 SET COLLATION_CONNECTION=@OLD_COLLATION_CONNECTION */;
/*!40111 SET SQL_NOTES=@OLD_SQL_NOTES */;

/*!40101 SET @OLD_CHARACTER_SET_CLIENT=@@CHARACTER_SET_CLIENT */;
/*!40101 SET @OLD_CHARACTER_SET_RESULTS=@@CHARACTER_SET_RESULTS */;
/*!40101 SET @OLD_COLLATION_CONNECTION=@@COLLATION_CONNECTION */;
/*!50503 SET NAMES utf8 */;
/*!40103 SET @OLD_TIME_ZONE=@@TIME_ZONE */;
/*!40103 SET TIME_ZONE='+00:00' */;
/*!40014 SET @OLD_UNIQUE_CHECKS=@@UNIQUE_CHECKS, UNIQUE_CHECKS=0 */;
/*!40014 SET @OLD_FOREIGN_KEY_CHECKS=@@FOREIGN_KEY_CHECKS, FOREIGN_KEY_CHECKS=0 */;
/*!40101 SET @OLD_SQL_MODE=@@SQL_MODE, SQL_MODE='NO_AUTO_VALUE_ON_ZERO' */;
/*!40111 SET @OLD_SQL_NOTES=@@SQL_NOTES, SQL_NOTES=0 */;

--
-- Table structure for table `employees`
--

DROP TABLE IF EXISTS `employees`;
/*!40101 SET @saved_cs_client     = @@character_set_client */;
/*!50503 SET character_set_client = utf8mb4 */;
CREATE TABLE `employees` (
  `employeeId` int NOT NULL,
  `jobId` varchar(10) NOT NULL,
  `firstName` varchar(45) DEFAULT NULL,
  `lastName` varchar(45) DEFAULT NULL,
  `gender` varchar(20) DEFAULT NULL,
  `salariedInd` tinyint(1) DEFAULT NULL,
  `hourlyRate` decimal(10,2) DEFAULT NULL,
  `city` varchar(50) DEFAULT NULL,
  `countryCode` int DEFAULT NULL,
  `warehouseId` int DEFAULT NULL,
  PRIMARY KEY (`employeeId`),
  KEY `jobId` (`jobId`),
  KEY `countryCode` (`countryCode`),
  KEY `warehouseId` (`warehouseId`),
  CONSTRAINT `employees_ibfk_1` FOREIGN KEY (`jobId`) REFERENCES `positions` (`Job_id`),
  CONSTRAINT `employees_ibfk_2` FOREIGN KEY (`countryCode`) REFERENCES `country` (`countryCode`),
  CONSTRAINT `employees_ibfk_3` FOREIGN KEY (`warehouseId`) REFERENCES `warehouse` (`warehouseId`)
) ENGINE=InnoDB DEFAULT CHARSET=utf8mb4 COLLATE=utf8mb4_0900_ai_ci;
/*!40101 SET character_set_client = @saved_cs_client */;

--
-- Dumping data for table `employees`
--

LOCK TABLES `employees` WRITE;
/*!40000 ALTER TABLE `employees` DISABLE KEYS */;
INSERT INTO `employees` VALUES (1,'R3-09','Johnna','Iveans','Female',0,22.35,'Damietta',9,4),(2,'T2-12','Sophey','Handscomb','Agender',1,19.39,'Kadudampit',13,2),(3,'D1-03','Turner','Sposito','Male',1,23.41,'Plateliai',16,4),(4,'P2-07','Wilona','Andrusyak','Bigender',1,16.62,'Mompos',7,3),(5,'P3-06','Merrill','Schade','Polygender',1,18.58,'Pila',27,3),(6,'D1-03','Catrina','Willimott','Polygender',1,16.60,'Kandhkot',24,3),(7,'I1-04','Daryle','Hassell','Agender',1,20.34,'Sidrolandia',3,3),(8,'D1-03','Kaycee','Papachristophorou','Male',0,22.42,'Denpasar',13,1),(9,'S1-10','Bernete','Lease','Female',1,17.97,'Karvia',11,1),(10,'I3-04','Stearn','Kitchen','Polygender',0,15.18,'Saint-Quentin',12,4),(11,'D2-03','Lenee','Hallard','Polygender',1,22.23,'Emalgolin Mongolzuxiang',6,2),(12,'R1-09','Erick','Snape','Bigender',1,25.36,'Lyeskawka',1,1),(13,'S1-11','Jeniffer','D Orsay','Male',0,25.33,'Strangnas',32,1),(14,'R3-09','Coralie','Fitzroy','Female',0,19.94,'Monrovia',15,3),(15,'T3-12','Mariette','Deniset','Genderfluid',0,23.41,'Dongming Chengguanzhen',6,4),(16,'D1-03','Tresa','Thairs','Genderqueer',0,19.84,'Toulon',12,4),(17,'D1-03','Berry','Causey','Female',1,24.68,'San Jeronimo',26,2),(18,'S2-10','Lyndy','Frodsam','Genderqueer',0,16.92,'Villeurbanne',12,1),(19,'S2-10','Arlan','McNicol','Genderqueer',0,20.91,'Shibukawa',14,2),(20,'C3-02','Kahlil','Stenet','Male',1,22.02,'Jince',8,2),(21,'T1-12','Rowan','Sokale','Female',1,20.43,'Sibulan',27,1),(22,'T2-12','Duncan','Ledrane','Agender',0,18.78,'Polyarnyy',30,1),(23,'T2-12','Easter','Lucken','Genderfluid',0,25.10,'Bern',33,2),(24,'C3-02','Hubert','Wherton','Non-binary',0,16.43,'Baishui',6,1),(25,'I1-04','Shae','Skingley','Female',0,19.25,'Baniyas',34,1),(26,'P3-05','Arch','Nockells','Male',0,16.22,'Zhuhong',6,3),(27,'D2-03','Marmaduke','Chretien','Bigender',1,19.68,'Beiguoyuan',6,1),(28,'A3-01','Nevil','McMeekin','Bigender',1,15.20,'Golubac',31,4),(29,'S1-11','Myra','Bysaker','Female',0,17.00,'Murcia',27,4),(30,'S3-11','Mandel','Tebbutt','Non-binary',1,18.23,'Caacupe',25,1),(31,'C2-02','Brynne','Limeburn','Agender',1,20.13,'Gucheng',6,3),(32,'S3-11','Jyoti','McQuirter','Polygender',0,25.18,'La Belgica',2,2),(33,'I3-04','Luciana','Ierland','Genderqueer',0,16.74,'Nanzhao Chengguanzhen',6,3),(34,'R2-09','Beatrice','Abramowitch','Agender',0,21.77,'Cote-Saint-Luc',5,4),(35,'C3-02','Skip','Goodley','Genderfluid',1,18.63,'Nassjo',32,2),(36,'S2-10','Hersh','Burston','Genderfluid',0,21.43,'Agbani',23,2),(37,'S3-11','Vikki','Coots','Genderqueer',0,22.79,'Lalauigan',27,2),(38,'A1-01','Jade','Abbess','Genderfluid',1,23.31,'Neyagawa',14,2),(39,'R2-09','Manon','De Domenici','Female',0,22.05,'Wohyn',28,4),(40,'S3-10','Louise','Roche','Male',1,19.21,'Vitoria do Mearim',3,4),(41,'P2-06','Ranique','Merkle','Male',1,19.87,'Rzgow',28,2),(42,'A2-01','Nero','Georgiades','Agender',1,24.90,'Corbeil-Essonnes',12,4),(43,'S2-10','Kipper','Ashling','Genderqueer',0,17.41,'Varmdo',32,1),(44,'T3-12','Lars','Spacie','Genderqueer',0,19.16,'Yujiao',6,1),(45,'P2-07','Roy','Doxey','Genderfluid',1,22.25,'Mesto',8,1),(46,'S1-10','Dael','Sills','Genderqueer',1,21.42,'Quzi',6,4),(47,'R3-09','Kale','Hymus','Genderfluid',1,25.21,'Xixiang',6,2),(48,'P3-06','Max','Boldt','Non-binary',1,19.27,'Oldziyt',19,2),(49,'D2-03','August','Mollett','Genderfluid',1,25.56,'Ambovombe',17,3),(50,'S1-10','Melloney','Alti','Non-binary',0,19.54,'Cangkringan',13,1),(51,'P3-07','Nada','Dongall','Genderqueer',1,23.66,'Banjar Batanpoh',13,1),(52,'T2-12','Alvan','Bredbury','Bigender',0,18.32,'Panitian',27,4),(53,'R3-08','Tait','Stoile','Female',1,15.32,'Mogocha',30,3),(54,'R1-08','Bertha','Mines','Non-binary',1,19.50,'Funga',13,2),(55,'D3-03','Glynn','Ronchka','Genderfluid',0,17.63,'Mpongwe',41,4),(56,'C3-02','Jeanette','Robichon','Genderqueer',1,22.32,'Tayuan',6,2),(57,'S1-10','Tiebold','Bore','Male',0,20.19,'Guanghou',6,4),(58,'P2-06','Robinette','Harnwell','Male',0,16.60,'Maurole',13,3),(59,'R1-09','Audry','D Ambrogio','Genderfluid',1,17.37,'Ndom',4,1),(60,'P1-06','Tierney','Oty','Female',1,21.38,'Prislonica',31,4),(61,'S2-11','Estele','Pietruschka','Male',1,16.71,'Arboga',32,3),(62,'T2-12','Salvatore','Hess','Bigender',0,15.74,'Fanzeres',29,1),(63,'R2-08','Evonne','Carbert','Female',0,25.70,'Jindui',6,4),(64,'R2-09','Dyane','Stammers','Genderfluid',1,23.59,'Xinfa',6,4),(65,'S1-11','Roberto','Philipeau','Agender',1,21.67,'Rzgow',28,4),(66,'C3-02','Reginauld','Antoniazzi','Bigender',0,18.80,'Pantaibesar',13,2),(67,'D1-03','Jerry','Planks','Genderfluid',0,19.58,'Smoldzino',28,4),(68,'T3-12','Iorgos','Snalum','Male',0,25.22,'Danderyd',32,1),(69,'P1-07','Bartholomew','Gowlett','Male',0,16.52,'Shenji',6,4),(70,'D1-03','Yevette','Oldmeadow','Polygender',1,24.43,'Sarzedo',3,2),(71,'C3-02','Emyle','Avey','Agender',0,25.22,'Ad Dimnah',40,3),(72,'T2-12','Lesley','Tindley','Genderfluid',0,15.56,'Shekou',6,1),(73,'D2-03','Angelika','Schooley','Genderfluid',0,19.71,'Tolyatti',30,1),(74,'R3-09','Nannie','Druhan','Polygender',1,15.00,'Yongan',6,2),(75,'A1-01','Doralyn','Bovingdon','Non-binary',1,18.79,'An Lao',39,4),(76,'D3-03','Orsola','McGinny','Non-binary',1,22.44,'Novosil',30,4),(77,'P2-07','Roxy','Braden','Agender',1,20.10,'Jinggan',6,2),(78,'P2-05','Olenka','Randal','Polygender',1,17.52,'Thanatpin',20,3),(79,'A3-01','Doretta','Bedingfield','Female',0,16.17,'Nimes',12,3),(80,'D2-03','Tannie','Giggie','Male',1,25.86,'Prigi',13,4),(81,'S1-10','Ilyse','Kaley','Female',0,17.64,'Arapuey',38,1),(82,'R3-08','Yolanthe','Midghall','Polygender',0,16.41,'Vila Real de Santo Antonio',29,2),(83,'P2-06','Kyle','Fellibrand','Non-binary',0,19.15,'Yasenevo',30,3),(84,'R2-09','Lorine','Scandrett','Non-binary',1,23.40,'Otaclio Costa',3,3),(85,'T2-12','Naoma','Cheng','Polygender',1,20.36,'Labuhan Deli',13,2),(86,'S1-11','Marysa','Videan','Polygender',0,16.99,'Mungwi',41,3),(87,'P1-07','Thedric','Motto','Bigender',1,22.24,'Krajan Craken',13,1),(88,'C1-02','Oswald','Ivakin','Non-binary',0,17.12,'Ciudad Arce',10,1),(89,'A2-01','Joela','Schout','Female',0,19.03,'Voyinka',36,3),(90,'C3-02','Arlene','Wackett','Polygender',0,21.70,'Mahanoro',17,2),(91,'S2-10','Danell','South','Bigender',0,18.55,'Hetou',6,1),(92,'S2-10','Nixie','Potzold','Polygender',1,25.39,'Katwijk',21,2),(93,'T3-12','Lynnelle','Bowgen','Male',1,16.24,'Nouakchott',18,2),(94,'P2-06','Pier','Bravey','Male',0,18.86,'Nong Bun Nak',35,3),(95,'C1-02','Huberto','Corington','Genderqueer',1,22.08,'Asuncion',25,2),(96,'A2-01','Maury','Banford','Agender',0,24.74,'Celadna',8,4),(97,'S1-10','Harrison','Gautrey','Genderfluid',0,20.11,'Linshe',6,2),(98,'P2-06','Dorothee','Tollett','Genderfluid',0,17.08,'Seattle',37,2),(99,'P3-05','Keeley','Coopland','Polygender',0,23.31,'Padangbai',13,2),(100,'S2-10','Dorey','Primmer','Female',1,18.99,'Comalapa',22,2);
/*!40000 ALTER TABLE `employees` ENABLE KEYS */;
UNLOCK TABLES;
/*!40103 SET TIME_ZONE=@OLD_TIME_ZONE */;

/*!40101 SET SQL_MODE=@OLD_SQL_MODE */;
/*!40014 SET FOREIGN_KEY_CHECKS=@OLD_FOREIGN_KEY_CHECKS */;
/*!40014 SET UNIQUE_CHECKS=@OLD_UNIQUE_CHECKS */;
/*!40101 SET CHARACTER_SET_CLIENT=@OLD_CHARACTER_SET_CLIENT */;
/*!40101 SET CHARACTER_SET_RESULTS=@OLD_CHARACTER_SET_RESULTS */;
/*!40101 SET COLLATION_CONNECTION=@OLD_COLLATION_CONNECTION */;
/*!40111 SET SQL_NOTES=@OLD_SQL_NOTES */;

/*!40101 SET @OLD_CHARACTER_SET_CLIENT=@@CHARACTER_SET_CLIENT */;
/*!40101 SET @OLD_CHARACTER_SET_RESULTS=@@CHARACTER_SET_RESULTS */;
/*!40101 SET @OLD_COLLATION_CONNECTION=@@COLLATION_CONNECTION */;
/*!50503 SET NAMES utf8 */;
/*!40103 SET @OLD_TIME_ZONE=@@TIME_ZONE */;
/*!40103 SET TIME_ZONE='+00:00' */;
/*!40014 SET @OLD_UNIQUE_CHECKS=@@UNIQUE_CHECKS, UNIQUE_CHECKS=0 */;
/*!40014 SET @OLD_FOREIGN_KEY_CHECKS=@@FOREIGN_KEY_CHECKS, FOREIGN_KEY_CHECKS=0 */;
/*!40101 SET @OLD_SQL_MODE=@@SQL_MODE, SQL_MODE='NO_AUTO_VALUE_ON_ZERO' */;
/*!40111 SET @OLD_SQL_NOTES=@@SQL_NOTES, SQL_NOTES=0 */;

--
-- Table structure for table `customers`
--

DROP TABLE IF EXISTS `customers`;
/*!40101 SET @saved_cs_client     = @@character_set_client */;
/*!50503 SET character_set_client = utf8mb4 */;
CREATE TABLE `customers` (
  `customerId` int NOT NULL,
  `custFirstName` varchar(45) DEFAULT NULL,
  `custLastName` varchar(45) DEFAULT NULL,
  `custEmail` varchar(45) DEFAULT NULL,
  `custAddress` varchar(100) DEFAULT NULL,
  `city` varchar(50) DEFAULT NULL,
  `countryCode` int DEFAULT NULL,
  `postalCode` varchar(15) DEFAULT NULL,
  PRIMARY KEY (`customerId`),
  KEY `countryCode` (`countryCode`),
  CONSTRAINT `customers_ibfk_1` FOREIGN KEY (`countryCode`) REFERENCES `country` (`countryCode`)
) ENGINE=InnoDB DEFAULT CHARSET=utf8mb4 COLLATE=utf8mb4_0900_ai_ci;
/*!40101 SET character_set_client = @saved_cs_client */;

--
-- Dumping data for table `customers`
--

LOCK TABLES `customers` WRITE;
/*!40000 ALTER TABLE `customers` DISABLE KEYS */;
INSERT INTO `customers` VALUES (1,'Shaine','Normanvill','snormanvill0@weibo.com','5181 Arapahoe Place','Maintirano',2,''),(2,'Abey','Torricina','atorricinae@comsenz.com','8087 Pierstorff Court','Lingda',15,'94723'),(3,'Ranique','Mannakee','rmannakeep@va.gov','379 Springs Alley','Hikari',38,'840-0033'),(4,'Terri','Franken','dblennerhassettu@mysql.com','4377 Grasskamp Avenue','Laval',14,'53021 CEDEX 9'),(5,'Shalne','Bodega','sbodega13@vkontakte.ru','19423 Forster Road','Cigoong',29,''),(6,'Oberon','Eykelhof','oeykelhof15@geocities.com','191 Morrow Way','Washington',15,'20337'),(7,'Stewart','Jamary','sjamary18@goo.gl','37 Parkside Place','Gandong',36,''),(8,'Petronilla','Spring','pspring19@sun.com','797 Lunder Trail','San Nicolas de los Arroyos',20,'2900'),(9,'Maddalena','Goning','mgoning1a@house.gov','528 Comanche Crossing','Marintoc',21,'5401'),(10,'Melodee','Barensky','mbarensky1b@taobao.com','48 Sullivan Lane','Qozonketkan',39,''),(11,'Kimmi','Scurman','kscurman1c@dion.ne.jp','896 Red Cloud Junction','Louveira',22,'13290-000'),(12,'Brocky','Trimming','btrimming1d@photobucket.com','425 7th Road','Pregonero',3,''),(13,'Fiorenze','Hamprecht','fhamprecht1e@slate.com','23 Mccormick Lane','Cikiruh Wetan',9,''),(14,'Orsola','Parkins','oparkins1f@yellowpages.com','79702 Fuller Lane','Niono',10,''),(15,'Karolina','Hallgarth','khallgarth1g@booking.com','62063 Rusk Trail','Bailizhou',7,''),(16,'Felike','Donnellan','fdonnellan1h@zimbio.com','8 Lerdahl Avenue','Bunisari',18,''),(17,'Yvor','Viner','yviner1i@godaddy.com','862 Cottonwood Trail','Gengcheng',32,''),(18,'Luca','Paeckmeyer','lpaeckmeyer1j@pcworld.com','62167 Sunnyside Parkway','Xamba',38,''),(19,'Tootsie','Haresnaip','tharesnaip1k@cisco.com','039 Springs Point','Thaon-les-Vosges',35,'88154 CEDEX'),(20,'Cynthia','Sleith','csleith1l@theglobeandmail.com','38 Oakridge Park','Doume',38,''),(21,'Blondy','Manvelle','bmanvelle1m@google.com.hk','3085 Shasta Point','Alor Setar',40,'5720'),(22,'Saxon','Pearman','spearman1n@miibeian.gov.cn','590 Old Gate Alley','Isla Verde',35,'8146'),(23,'Debera','Sedgeman','dsedgeman1o@accuweather.com','45691 Scofield Plaza','Livani',8,''),(24,'Vito','Castelluzzi','vcastelluzzi1p@quantcast.com','1553 La Follette Pass','Nueva Esperanza',5,'29216'),(25,'Gilli','Barcke','gbarcke1q@free.fr','2 Crest Line Terrace','Rancasadang',33,''),(26,'Stanislaw','Hiseman','shiseman1r@soup.io','59222 Jackson Lane','Nobo',22,''),(27,'Feliza','Addington','faddington1s@netvibes.com','088 Crescent Oaks Lane','New Brunswick',16,'8922'),(28,'Claudia','Chopping','cchopping1t@europa.eu','5167 Mitchell Hill','Ala',19,''),(29,'Maureene','Good','mgood1u@fastcompany.com','49 Basil Hill','Gantang',22,''),(30,'Carson','Fryatt','cfryatt1v@example.com','249 Kennedy Circle','Nanpiao',6,''),(31,'Anallise','Branchflower','abranchflower1w@pen.io','2958 Pierstorff Avenue','Bebedouro',10,'14700-000'),(32,'Reina','Figge','rfigge1x@mtv.com','722 Onsgard Park','Nabari',22,'509-4122'),(33,'Zita','Wollrauch','zwollrauch1y@example.com','732 Barnett Plaza','Swords',18,'K67'),(34,'Murial','Glastonbury','mglastonbury1z@indiatimes.com','95148 Rockefeller Lane','Jindayris',27,''),(35,'Paul','Arnout','parnout20@japanpost.jp','1432 Hoffman Trail','Posto Fiscal Rolim de Moura',17,'97755-000'),(36,'Isabeau','Oxtaby','ioxtaby21@ca.gov','11045 Corben Park','Tampakan',3,'9507'),(37,'Renata','Leavold','rleavold22@boston.com','546 Grim Drive','Bang Ban',5,'13250'),(38,'Charleen','McPeeters','cmcpeeters23@hibu.com','32383 Saint Paul Center','Jiefang',1,''),(39,'Norine','Shallo','nshallo24@china.com.cn','14910 Memorial Terrace','Aso',38,'986-0705'),(40,'Jocko','Askwith','jaskwith25@unicef.org','55 Scoville Drive','Hukou',28,''),(41,'Iorgo','Fould','ifould26@bandcamp.com','9457 Sauthoff Road','Stockholm',6,'101 22'),(42,'Adelle','Ewins','aewins27@moonfruit.com','7811 Lunder Center','Dobroste',5,'1225'),(43,'Maryl','Gentile','mgentile28@alexa.com','6433 Larry Drive','Kurdzhali',26,'6710'),(44,'Lilias','Gatward','lgatward29@weebly.com','42416 Main Park','Jianghai',3,''),(45,'Terra','Cretney','tcretney2a@buzzfeed.com','0 Paget Way','Quimbaya',13,'634027'),(46,'Reinold','Penman','rpenman2b@intel.com','22086 Lindbergh Lane','Songkar B',12,''),(47,'Freedman','Rodrigues','frodrigues2c@cnn.com','9 Hovde Trail','Semalang',21,''),(48,'Juieta','Gallahar','jgallahar2d@google.fr','236 Helena Circle','Sumenep',16,''),(49,'Annalee','Devanny','adevanny2e@trellian.com','9866 Crowley Pass','Estancia Velha',4,'93600-000'),(50,'Michell','Shear','mshear2f@usnews.com','47 Kensington Hill','Isla Pucu',11,''),(51,'Holly','Hallum','hhallum2g@free.fr','8 Johnson Park','Tramandai',23,'95590-000'),(52,'Nissy','Trimby','ntrimby2h@utexas.edu','9 6th Alley','Yangjiao',35,''),(53,'Margy','Ferriere','mferriere2i@npr.org','371 Amoth Hill','Mzuzu',2,''),(54,'Dyanna','Weine','dweine2j@economist.com','5168 Mallard Point','Charlotte',36,'28299'),(55,'Ezekiel','Holleworth','eholleworth2k@4shared.com','53518 Vernon Plaza','Aguelmous',10,''),(56,'Dean','Sizeland','dsizeland2l@yandex.ru','89028 Weeping Birch Road','Fukuma',3,'811-3522'),(57,'Even','Speers','espeers2m@mail.ru','588 Novick Hill','Vitebsk',21,''),(58,'Guinevere','Hollyman','ghollyman2n@merriam-webster.com','1076 6th Hill','Lom Kao',31,'67120'),(59,'Saw','Stollenhof','sstollenhof2o@geocities.jp','99 Brown Center','Colomi',12,''),(60,'Faunie','Rydzynski','frydzynski2p@diigo.com','675 Morningstar Plaza','Mgandu',3,''),(61,'Morly','Guisot','mguisot2q@boston.com','50 Northwestern Court','Pingshan',4,''),(62,'Tabbitha','Burleton','tburleton2r@economist.com','084 Corben Junction','Zhangting',9,''),(63,'Stanly','Ferrero','sferrero2s@imageshack.us','34298 Carioca Drive','Burum',35,''),(64,'Krystyna','Rankling','krankling2t@goo.gl','8 Washington Alley','Sokol',34,'162139'),(65,'Dewain','Robart','drobart2u@ustream.tv','831 Sherman Hill','Ovidiopol',8,''),(66,'Barney','Hyde','bhyde2v@foxnews.com','23185 Green Ridge Court','Wushan',30,''),(67,'Merla','Fairrie','mfairrie2w@mozilla.org','5 Reindahl Alley','Kragan',11,''),(68,'Laurel','Graine','lgraine2x@ftc.gov','3 Waubesa Crossing','Bissen',6,'L-7794'),(69,'Samuel','Divver','sdivver2y@wsj.com','3398 8th Crossing','El Aguacate',22,'40687'),(70,'Raquela','Zolini','rzolini2z@creativecommons.org','23 Corben Junction','Esso',11,'684350'),(71,'Wylma','Hercock','whercock30@sourceforge.net','5 Hauk Junction','San Jose del Guaviare',32,'950009'),(72,'Humbert','Whittlesee','hwhittlesee31@parallels.com','45891 John Wall Center','Pakel',13,''),(73,'Reidar','Thowless','rthowless32@homestead.com','3838 Bellgrove Road','Jedlnia-Letnisko',27,'26-630'),(74,'Steven','Matis','smatis33@icio.us','56505 Vahlen Drive','Onojo',21,'818-0138'),(75,'Sterling','Twyning','stwyning34@t.co','63 Raven Avenue','Qingshi',41,''),(76,'Jayne','Guyver','jguyver35@pinterest.com','1 Corry Parkway','Monching',27,'7006'),(77,'Micheal','Merchant','mmerchant36@ycombinator.com','18659 Pleasure Drive','Guadalupe',6,'33538'),(78,'Blancha','Lawranson','blawranson37@hibu.com','79890 East Point','Bibirevo',9,'301262'),(79,'Torry','Whittington','twhittington38@cbc.ca','25584 Green Ridge Center','San Agustin',7,'418077'),(80,'Kellie','Furmston','kfurmston39@census.gov','18190 Golf View Avenue','Santo Nino',24,'6711'),(81,'Allie','Martinat','amartinat3a@jigsy.com','33 Southridge Pass','Strasbourg',27,'67200'),(82,'Whitby','Hyde-Chambers','whydechambers3b@squarespace.com','2 Prairie Rose Crossing','Kobenhavn',37,'1718'),(83,'Ed','Antoniewski','eantoniewski3c@liveinternet.ru','72002 Moulton Road','Dorval',15,'H9S'),(84,'Trev','Livock','tlivock3d@histats.com','39487 South Drive','Nioro',15,''),(85,'Joanne','McTerrelly','jmcterrelly3e@chicagotribune.com','6136 Manitowish Pass','Nantes',36,'44966 CEDEX 9'),(86,'Gavra','Themann','gthemann3f@4shared.com','5 Lien Junction','Kunduz',11,''),(87,'Kevin','Laphorn','klaphorn3g@reuters.com','658 Sage Parkway','Tagakpan',33,'8427'),(88,'Ilario','Dinwoodie','idinwoodie3h@goo.gl','604 American Ash Road','Mushie',38,''),(89,'Crissy','Greenhowe','cgreenhowe3i@answers.com','1 Prairie Rose Way','Zumiao',28,''),(90,'Nappie','Whapples','nwhapples3j@google.ru','36147 Shasta Junction','Wudangshan',5,''),(91,'Kit','Cogswell','kcogswell3k@51.la','3 Mariners Cove Point','Fukayacho',21,'370-0418'),(92,'Dulcia','Zink','dzink3l@auda.org.au','75212 Vernon Alley','Changtang',18,''),(93,'Jana','Ruddiforth','jruddiforth3m@clickbank.net','55 3rd Parkway','Terang',32,''),(94,'Eran','Eskriet','eeskriet3n@latimes.com','30 Carpenter Avenue','Kalat',11,'88300'),(95,'Fidelia','Zamora','fzamora3o@ibm.com','86 Hermina Way','Bayawan',21,'4323'),(96,'Audi','Lambal','alambal3p@yellowpages.com','0 Talisman Crossing','Lamia',16,''),(97,'Denyse','Magnay','dmagnay3q@istockphoto.com','4596 Ronald Regan Plaza','Obroshyne',10,''),(98,'Lurline','Aveson','laveson3r@histats.com','88 Dakota Point','Ishem',3,''),(99,'Belle','Friett','bfriett3s@dropbox.com','820 Gateway Pass','Xiongbei',8,''),(100,'Mata','Pratt','mpratt3t@discovery.com','53184 Blackbird Place','Shahba',36,''),(101,'Georg','Nicely','gnicely3u@amazon.co.uk','73071 Schurz Lane','Shuangxi',35,''),(102,'Andrea','Messager','amessager3v@sciencedaily.com','55880 Comanche Way','Lacolle',2,'E5A'),(103,'Janith','Adamkiewicz','jadamkiewicz3w@jiathis.com','0 Spohn Circle','Invercargill',13,'9845'),(104,'Nevile','Ellison','nellison3x@prnewswire.com','48 American Place','Kungsor',40,'736 25'),(105,'Benjie','Bulpitt','bbulpitt3y@umich.edu','32 Delaware Place','Banjar Laing',1,''),(106,'Stanford','Almond','salmond3z@pagesperso-orange.fr','7 Thackeray Pass','Ringinrejo',10,''),(107,'Gusty','Younger','gyounger40@surveymonkey.com','9674 Derek Road','Guomaying',35,''),(108,'Darbie','Abelov','dabelov41@aol.com','0523 Meadow Vale Pass','Buensuseso',14,'2011'),(109,'Omero','Flitcroft','oflitcroft42@addtoany.com','1 Nelson Street','Lebel-sur-Quevillon',18,'N2A'),(110,'Drusilla','Rowbury','drowbury43@weather.com','8423 Hovde Place','Pingdi',13,''),(111,'Toddie','Coffey','tcoffey44@economist.com','00929 Moose Hill','Ouidah',37,''),(112,'Antoinette','Mowen','amowen45@pagesperso-orange.fr','8550 Rowland Plaza','Shangwuzhuang',15,''),(113,'Adara','Leadston','aleadston46@livejournal.com','75 Homewood Junction','Meikeng',40,''),(114,'Manon','Diggens','mdiggens47@apache.org','63 Hazelcrest Park','Tanguieta',40,''),(115,'Paulina','Cheater','pcheater48@quantcast.com','2 Golden Leaf Point','Alenquer',8,'68200-000'),(116,'Renae','Balstone','rbalstone49@berkeley.edu','62243 Monument Crossing','Gameleira',19,'55530-000'),(117,'Sam','Naul','snaul4a@woothemes.com','99283 Donald Alley','Tampocon',29,'6210'),(118,'Ash','Deer','adeer4b@studiopress.com','0 Melrose Trail','Yueyahe',40,''),(119,'Randy','Malyon','rmalyon4c@cisco.com','75 Melrose Junction','Liuyuan',3,''),(120,'Wiatt','Tabbernor','wtabbernor4d@bbc.co.uk','6985 Bunker Hill Way','Asahi',5,'989-2474'),(121,'Steve','O\' Dooley','sodooley4e@smh.com.au','467 Lake View Center','El Jem',10,''),(122,'Perl','Beekmann','pbeekmann4f@cpanel.net','7069 Toban Circle','Dipayal',10,''),(123,'Gabby','Gaymar','ggaymar4g@eepurl.com','8261 Di Loreto Circle','Santa Cruz Cabralia',26,'45807-000'),(124,'Berkeley','Caulcott','bcaulcott4h@nifty.com','092 Daystar Circle','Burgersdorp',20,'9744'),(125,'Lyndsey','Nollet','lnollet4i@sitemeter.com','1100 Hanson Center','Peabiru',25,'87250-000'),(126,'Halie','Gittose','hgittose4j@state.gov','9130 Heath Alley','Cincinnati',40,'45296'),(127,'Aubine','Burk','aburk4k@yellowbook.com','0 Northridge Pass','Agustin Codazzi',39,'202058'),(128,'Rollo','Bouch','rbouch4l@hc360.com','1 Melvin Drive','Jiuxian',18,''),(129,'Luce','Glasard','lglasard4m@ameblo.jp','89988 Magdeline Way','Xujiahe',1,''),(130,'Eda','Dicte','edicte4n@ow.ly','3 Eagle Crest Trail','Gandajika',11,''),(131,'Byron','Rickhuss','brickhuss4o@github.io','5 Doe Crossing Alley','Mlynary',41,'14-420'),(132,'Rickie','Bunn','rbunn4p@cornell.edu','8253 New Castle Terrace','Azacualpa',17,''),(133,'Wolfie','Trappe','wtrappe4q@blogspot.com','27209 Merry Center','Yuanguping',25,''),(134,'Salvidor','Guynemer','sguynemer4r@latimes.com','8376 Redwing Plaza','Burgersdorp',31,'9744'),(135,'Lenette','Rudolfer','lrudolfer4s@tripadvisor.com','2 Kings Place','Paranagua',26,'83200-000'),(136,'Micaela','Millberg','mmillberg4t@51.la','2 Monterey Parkway','Costa de Rios Frios',30,'3025-592'),(137,'Donavon','Falvey','dfalvey4u@blogger.com','50 Almo Parkway','Albacete',4,'2005'),(138,'Danyette','St. Ledger','dstledger4v@techcrunch.com','04 Harbort Plaza','Taiyang',31,''),(139,'Barret','Devaney','bdevaney4w@cargocollective.com','9002 Fallview Road','Jiuzhai',9,''),(140,'Sada','Pena','spena4x@amazonaws.com','04 Hazelcrest Way','Soko',24,''),(141,'Iolande','Capp','icapp4y@nih.gov','8484 Melrose Drive','Beselga',18,'3630-058'),(142,'Osgood','Clewarth','oclewarth4z@latimes.com','61 Saint Paul Drive','Metz',23,'57045 CEDEX 01'),(143,'Alyda','Horbath','ahorbath50@infoseek.co.jp','2 Montana Center','Hejiang',12,''),(144,'Shannon','Bethune','sbethune51@techcrunch.com','63 Sunfield Pass','Xilian',24,''),(145,'Bliss','Molnar','bmolnar52@nbcnews.com','3130 Moose Junction','Mawlaik',33,''),(146,'Dav','Rosewell','drosewell53@furl.net','465 Portage Avenue','Patarra',28,'10307'),(147,'Thomasina','Tyre','ttyre54@ifeng.com','5130 Valley Edge Drive','Jonava',22,'55014'),(148,'Nichole','Placidi','nplacidi55@businessweek.com','7 Heath Drive','Stara Ves nad Ondrejnici',10,'739 23'),(149,'Jefferson','Zanelli','jzanelli56@guardian.co.uk','85796 Bellgrove Parkway','Maisons-Alfort',32,'94704 CEDEX'),(150,'Antonietta','Jahndel','ajahndel57@posterous.com','8 Knutson Alley','Krasnyy Klyuch',15,'676058'),(151,'Alvera','Maleby','amaleby58@jimdo.com','761 High Crossing Park','Liquica',23,''),(152,'Blondell','Kenington','bkenington59@virginia.edu','64 Mockingbird Drive','Rumyantsevo',27,'143570'),(153,'Marji','Robertacci','mrobertacci5a@angelfire.com','6216 Steensland Parkway','Mayumba',38,''),(154,'Tommie','Roscam','troscam5b@qq.com','20 Fremont Terrace','Taiyangling',20,''),(155,'Gasper','Keatley','gkeatley5c@usnews.com','691 Graedel Plaza','Sok Kwu Wan',15,''),(156,'Raquel','Gabbotts','rgabbotts5d@wisc.edu','78 Kropf Way','Hobo',40,'413067'),(157,'Aldo','MacKaig','amackaig5e@weibo.com','86860 Corben Plaza','Tianhekou',24,''),(158,'Augusta','Castelyn','acastelyn5f@meetup.com','7 Mallard Drive','Marabahan',9,''),(159,'Kit','Helian','khelian5g@yale.edu','58 Doe Crossing Drive','Duran',12,'5813'),(160,'Korry','Lyard','klyard5h@cpanel.net','2 Killdeer Park','Xintun',32,''),(161,'Steward','Duffrie','sduffrie5i@liveinternet.ru','443 Oneill Street','Birmingham',34,'35263'),(162,'Nicola','Brumble','nbrumble5j@bbb.org','0834 Arkansas Point','Enhtal',30,''),(163,'Creighton','Ibanez','cibanez5k@ocn.ne.jp','2408 Washington Crossing','Belo Horizonte',18,'30000-000'),(164,'Andras','Garlette','agarlette5l@netvibes.com','0532 Bashford Court','El Retorno',22,'951017'),(165,'Leslie','Shelvey','lshelvey5m@aol.com','03 Warbler Park','Longwantun',5,''),(166,'Jobye','Eakle','jeakle5n@google.nl','5799 Johnson Park','Saint-Jouan-des-Guerets',16,'35435 CEDEX'),(167,'Claudette','Steers','csteers5o@abc.net.au','492 Warner Drive','Kopstal',41,'L-8191'),(168,'Reynold','Mitchelmore','rmitchelmore5p@people.com.cn','3 Lyons Place','Huanglong',19,''),(169,'Annabal','Ramas','aramas5q@yellowbook.com','4 Forster Place','Obrera',32,'96370'),(170,'Lorrie','Melesk','lmelesk5r@wix.com','95 Dakota Court','Imider',29,''),(171,'Ewell','Skeldon','eskeldon5s@ft.com','43 John Wall Lane','Pyongyang',6,''),(172,'Elnore','Dyson','edyson5t@china.com.cn','71135 Mosinee Terrace','Chichibu',29,'369-1872'),(173,'Mela','Lawrenceson','mlawrenceson5u@wufoo.com','58084 Graceland Place','Ratchaburi',27,'84180'),(174,'Jerry','Troppmann','jtroppmann5v@cbc.ca','91857 Holmberg Terrace','San Narciso',9,'4313'),(175,'Mabel','Probet','mprobet5w@discovery.com','594 Briar Crest Alley','Humpolec',21,'342 01'),(176,'Papagena','Barlow','pbarlow5x@cnn.com','0 Sugar Street','Sarpsborg',28,'1725'),(177,'Vivianne','Lowis','vlowis5y@geocities.jp','78611 Glacier Hill Point','Nueva Guadalupe',7,''),(178,'Alex','Simonson','asimonson5z@pen.io','0 School Plaza','Kharlu',19,'186806'),(179,'Ashton','Dicey','adicey60@foxnews.com','7 Manufacturers Terrace','Gombang',27,''),(180,'Flossy','Loney','floney61@edublogs.org','1159 Susan Court','Quinta',38,'4600-652'),(181,'Bunnie','Gierardi','bgierardi62@scientificamerican.com','92077 Texas Lane','Agboville',18,''),(182,'Ardra','Rudall','arudall63@paginegialle.it','1 Glacier Hill Crossing','Ban Mai',12,'80000'),(183,'Leupold','Hune','lhune64@flavors.me','6 Blackbird Trail','Sinegorskiy',27,'347014'),(184,'Mead','Lethieulier','mlethieulier65@shinystat.com','467 Redwing Road','Alem Paraiba',29,'36660-000'),(185,'Felike','Swadon','fswadon66@technorati.com','6023 Lake View Way','Paccha',29,''),(186,'Katlin','Walster','kwalster67@google.es','49 School Alley','Mulhouse',34,'68947 CEDEX 9'),(187,'Kathrine','Prickett','kprickett68@behance.net','20 Arrowood Plaza','Milove',2,''),(188,'Waverly','Texton','wtexton69@amazon.com','135 Warbler Junction','Ariquemes',35,'78930-000'),(189,'Andris','Gercke','agercke6a@free.fr','460 Nobel Road','Tutup',6,''),(190,'Marmaduke','Sines','msines6b@google.cn','065 Hagan Drive','Shatian',13,''),(191,'Cordie','Gwalter','cgwalter6c@google.co.uk','36354 Sachtjen Road','Oakland',28,'94627'),(192,'Aloin','Digan','adigan6d@jimdo.com','5 Grasskamp Park','Zwierzyn',12,'66-542'),(193,'Lindon','Whether','lwhether6e@newsvine.com','049 Forster Drive','Antwerpen',35,'2170'),(194,'Joell','Wright','jwright6f@shinystat.com','1 Alpine Point','Muladbucad',10,'1095'),(195,'Kessia','Yearsley','kyearsley6g@europa.eu','73 Rowland Lane','Jiayi',26,''),(196,'Willette','Carpe','wcarpe6h@chicagotribune.com','24090 Wayridge Junction','Tiantai Chengguanzhen',13,''),(197,'Giulietta','Fernely','gfernely6i@tripadvisor.com','57 Nova Drive','Cairima',16,''),(198,'Janean','Madner','jmadner6j@blinklist.com','5974 Corscot Lane','Sabac',33,''),(199,'Slade','Yatman','syatman6k@fema.gov','16629 Express Park','Jingu',31,''),(200,'Joshuah','Musto','jmusto6l@census.gov','92 Hayes Center','Gobo',39,'649-1537'),(201,'Felisha','Habbergham','fhabbergham6m@unc.edu','60 Goodland Drive','Taipingguan',36,''),(202,'Petrina','Teather','pteather6n@icio.us','2870 Lerdahl Lane','Qiaozhuang',24,''),(203,'Roddie','Pellew','rpellew6o@netlog.com','69 Corry Crossing','Nicola Town',1,''),(204,'Christabel','Hannah','channah6p@weibo.com','7 Loeprich Place','Santa Luzia',41,'58600-000'),(205,'Emmie','Hefforde','ehefforde6q@howstuffworks.com','1 Village Green Hill','Ban Nong Wua So',15,'21140'),(206,'Aile','Penticoot','apenticoot6r@usnews.com','39857 Nova Way','Xinheng',16,''),(207,'Archambault','Rosellini','arosellini6s@about.com','65 Ryan Street','Shazi',28,''),(208,'Farleigh','McSharry','fmcsharry6t@netvibes.com','5 Glacier Hill Road','Herceg-Novi',17,''),(209,'Angel','Ayllett','aayllett6u@slate.com','776 Arizona Parkway','Pananaw',27,'7402'),(210,'Zared','Sankey','zsankey6v@timesonline.co.uk','991 Vermont Street','Presidente Venceslau',14,'19400-000'),(211,'Iona','Lowles','ilowles6w@patch.com','381 Del Sol Road','Muqui',24,''),(212,'Dotty','Playhill','dplayhill6x@slashdot.org','9 Kinsman Parkway','Tarumizu',31,'861-0133'),(213,'Mersey','Kleinmintz','mkleinmintz6y@hc360.com','6714 Weeping Birch Crossing','Higashine',34,'999-3776'),(214,'Tiler','Sheals','tsheals6z@nifty.com','47554 Manley Plaza','Virden',41,'J5V'),(215,'Gery','Nosworthy','gnosworthy70@npr.org','6844 Brown Plaza','Kuala Lumpur',8,'53100'),(216,'Ettore','Dallewater','edallewater71@sogou.com','53 Birchwood Park','Union',24,'2529'),(217,'Karl','Horsley','khorsley72@gravatar.com','6 Northridge Terrace','Dipayal',32,''),(218,'Micky','Ivankin','mivankin73@examiner.com','44421 Old Gate Park','Monte Mor',24,'13190-000'),(219,'Conrado','Mardle','cmardle74@howstuffworks.com','43496 Carioca Circle','Mogzon',29,'613594'),(220,'Alie','Brunel','abrunel75@paypal.com','06457 Jenna Parkway','Fuhai',7,''),(221,'Nona','Diwell','ndiwell76@1und1.de','680 Meadow Vale Street','Boca Raton',31,'33487'),(222,'Phelia','Rimington','primington77@wisc.edu','010 Heffernan Court','Dili',24,''),(223,'Jules','Lumley','jlumley78@msn.com','9979 Jenna Park','Jarfalla',35,'176 76'),(224,'Tim','Bensusan','tbensusan79@boston.com','1405 4th Circle','Brive-la-Gaillarde',27,'19318 CEDEX'),(225,'Danell','Bollard','dbollard7a@cnbc.com','86 7th Way','Jinchuan',8,''),(226,'Tiena','Semark','tsemark7b@studiopress.com','666 Dawn Avenue','Malimaneek',2,''),(227,'Ruth','McNee','rmcnee7c@com.com','01 Laurel Park','Yuhuang',17,''),(228,'Siana','Edmands','sedmands7d@pen.io','67155 Springs Road','Pervomaysk',18,'307350'),(229,'Ferrel','Deyes','fdeyes7e@angelfire.com','27 Scott Point','San Jacinto',18,'5417'),(230,'Daveen','Glandon','dglandon7f@people.com.cn','61495 High Crossing Parkway','Pagarbatu',5,''),(231,'Alina','Fennelly','afennelly7g@meetup.com','381 Sherman Alley','Quba',23,''),(232,'Shaun','Emmitt','semmitt7h@timesonline.co.uk','0 Briar Crest Place','Kto Milia',12,''),(233,'Grover','Brasier','gbrasier7i@cnet.com','11669 Vera Court','Freetown',37,''),(234,'Aime','Rathbourne','arathbourne7j@friendfeed.com','776 South Hill','Xinshichang',24,''),(235,'Taber','McCallion','tmccallion7k@edublogs.org','34502 Village Hill','Barreiros',37,'4615-492'),(236,'Glenden','Musso','gmusso7l@ucoz.com','98521 Moland Junction','Carcavelos',16,'2775-398'),(237,'Brocky','Cordoba','bcordoba7m@toplist.cz','13 Pankratz Junction','Cibuah',19,''),(238,'Mitch','Gantley','mgantley7n@oakley.com','1431 Northfield Way','Phung',3,''),(239,'Bryana','Jeaneau','bjeaneau7o@studiopress.com','27 Merrick Drive','Zhlobin',19,''),(240,'Loraine','Amey','lamey7p@mapy.cz','75 Fairfield Parkway','Nueve de Julio',36,'3606'),(241,'Blinnie','McFater','bmcfater7q@google.com.br','46 Myrtle Park','Sirre',22,''),(242,'Janet','Folli','jfolli7r@flavors.me','676 Gina Way','Oliveira de Frades',11,'3680-077'),(243,'Lilllie','Gymlett','lgymlett7s@lycos.com','086 Express Road','Miribel',40,'26350'),(244,'Ravi','Serjent','rserjent7t@accuweather.com','3 Burrows Trail','Paranho',13,'4785-266'),(245,'Britteny','Varfalameev','bvarfalameev7u@bloglines.com','6 Sachtjen Center','Adam',18,''),(246,'Baxter','Delnevo','bdelnevo7v@paypal.com','23977 Dryden Hill','Chitcani',24,'MD-5727'),(247,'Terrye','Dunthorne','tdunthorne7w@europa.eu','90090 Sutherland Hill','Pinahan',7,'1100'),(248,'Aleece','Loosley','aloosley7x@unesco.org','44 Homewood Way','Progreso',17,''),(249,'Ly','Axcell','laxcell7y@usa.gov','6 Brown Terrace','Floriana',12,'FRN'),(250,'Nana','Godney','ngodney7z@mit.edu','4680 Novick Road','Arcueil',22,'94114 CEDEX'),(251,'Bay','Spivey','bspivey80@usda.gov','5 Hayes Avenue','Wasosz',7,'56-210'),(252,'Irita','Ridehalgh','iridehalgh81@pinterest.com','4763 Kedzie Plaza','Hengdian',13,''),(253,'Esmaria','MacGaughey','emacgaughey82@mysql.com','2 Mariners Cove Plaza','Guanfang',18,''),(254,'Theresina','Frew','tfrew83@ebay.co.uk','080 Farwell Court','Moluo',25,''),(255,'Hope','Culpan','hculpan84@1und1.de','690 Chive Road','Cuenca',13,''),(256,'Lorne','Lovat','llovat85@myspace.com','513 Birchwood Plaza','Novy Bor',12,'473 01'),(257,'Ginnie','Hegges','ghegges86@taobao.com','7130 Green Circle','Tayu',41,''),(258,'Dominga','Carpmile','dcarpmile87@cbslocal.com','3 Gale Park','Jiangcun',37,''),(259,'Georas','Munden','gmunden88@g.co','41 Londonderry Park','Newlands',15,'7700'),(260,'Charlot','Billingham','cbillingham89@elpais.com','18 Porter Hill','Diego de Almagro',6,''),(261,'Vivi','Egell','vegell8a@simplemachines.org','6 Surrey Road','Akarakar',2,''),(262,'Hertha','Kears','hkears8b@privacy.gov.au','261 Parkside Avenue','Evansville',13,'47732'),(263,'Berthe','Matuszyk','bmatuszyk8c@yahoo.co.jp','6 Grover Crossing','Potlot',11,''),(264,'Huntley','Kornousek','hkornousek8d@bloomberg.com','28 Clyde Gallagher Park','Taiping',7,''),(265,'Xena','Gossington','xgossington8e@altervista.org','34694 Old Shore Center','Francisco Madero',39,'30853'),(266,'Vasili','Oakeshott','voakeshott8f@nifty.com','593 Caliangt Road','Huizhai',31,''),(267,'Ramsey','Harrington','rharrington8g@360.cn','659 West Lane','Bantacan',40,'8110'),(268,'Harp','Tylor','htylor8h@t.co','21978 Sunbrook Pass','Chunxi',19,''),(269,'Grenville','Jozefiak','gjozefiak8i@lycos.com','22 Darwin Court','Lady Frere',36,'5419'),(270,'Barty','Powe','bpowe8j@census.gov','90 Roxbury Way','Velizy-Villacoublay',31,'78942 CEDEX'),(271,'Sal','Beardon','sbeardon8k@shareasale.com','57879 Cherokee Road','Ourinhos',13,'19900-000'),(272,'Marlee','Topham','mtopham8l@pagesperso-orange.fr','170 Mayfield Circle','Jijiga',26,''),(273,'Ricki','McCaighey','rmccaighey8m@discuz.net','89479 Crowley Drive','Batutulis',12,''),(274,'Rianon','Mollison','rmollison8n@tinypic.com','3 Monument Junction','Daguma',31,'1009'),(275,'Clywd','McGilvray','cmcgilvray8o@bandcamp.com','23952 Emmet Street','Uptar',17,'685918'),(276,'Lorry','Hayford','lhayford8p@elegantthemes.com','2734 Tennyson Lane','La Paz',37,''),(277,'Ellyn','Verillo','everillo8q@marketwatch.com','6791 Novick Crossing','Peroguarda',8,'7900-455'),(278,'Cindee','Callingham','ccallingham8r@time.com','5128 Dayton Drive','Qinggou',5,''),(279,'Ronnie','Izhak','rizhak8s@cisco.com','3 Birchwood Parkway','Tucuru',28,'16006'),(280,'Suzann','Digle','sdigle8t@symantec.com','8 Debs Court','Berck',10,'62604 CEDEX'),(281,'Cissy','Lipprose','clipprose8u@seesaa.net','867 Corscot Avenue','Washington',25,'20430'),(282,'Aylmer','Lough','alough8v@nsw.gov.au','336 Pennsylvania Parkway','Sanhe',8,''),(283,'Norean','Laherty','nlaherty8w@xing.com','52 Briar Crest Terrace','Puncakwangi',25,''),(284,'Brok','Astbery','bastbery8x@discovery.com','92123 Namekagon Plaza','Szamotuy',23,'64-500'),(285,'Ronald','Dewey','rdewey8y@cnn.com','777 Arrowood Junction','Gonabad',22,''),(286,'Ruby','Dyer','rdyer8z@examiner.com','0152 Main Avenue','Wattegama',1,'20810'),(287,'Stephine','Rittelmeyer','srittelmeyer90@clickbank.net','40210 Express Pass','Mangusu',18,'5503'),(288,'Armin','Cutridge','acutridge91@ovh.net','69 Pankratz Place','Yangzhong',30,''),(289,'Ethe','Elverstone','eelverstone92@tripadvisor.com','6 Reinke Way','Jesus Maria',29,'5223'),(290,'Micky','Tressler','mtressler93@squidoo.com','16810 Dapin Court','Breia',23,'4950-284'),(291,'Emelda','Ellicombe','eellicombe94@furl.net','7 Farragut Place','Jinping',9,''),(292,'Maudie','Glover','mglover95@cbc.ca','2856 Sugar Terrace','Besancon',37,'25045 CEDEX'),(293,'Loretta','Shirtliff','lshirtliff96@paginegialle.it','90 Burning Wood Terrace','Viangxai',1,''),(294,'Robbin','Barribal','rbarribal97@tripod.com','60 Kim Avenue','Jeremoabo',37,'48540-000'),(295,'Rodolphe','Sibray','rsibray98@github.com','71 Maple Trail','Pitanga',23,'85200-000'),(296,'Harry','Lightewood','hlightewood99@bluehost.com','2 Sauthoff Way','Marangani',20,''),(297,'Chance','Gun','cgun9a@blogs.com','8 Vernon Lane','La Plata',5,'416067'),(298,'Iseabal','Goldthorpe','igoldthorpe9b@about.me','98 Hermina Parkway','Sainte-Marthe-sur-le-Lac',18,'H9K'),(299,'Cirillo','Jecks','cjecks9c@trellian.com','87243 Bluejay Street','Kertahayu',13,''),(300,'Dionis','Rainford','drainford9d@mapy.cz','49655 Northport Pass','San Antonio',28,'43131'),(301,'Tracy','Osipenko','tosipenko9e@list-manage.com','843 Rutledge Hill','Vastra Frolunda',23,'426 52'),(302,'Jackie','Hobble','jhobble9f@techcrunch.com','86 Schurz Trail','Novomoskovsk',39,''),(303,'Rikki','Rendbaek','rrendbaek9g@boston.com','47742 Manley Court','Cran-Gevrier',11,'74964 CEDEX'),(304,'Laird','MacAne','lmacane9h@comcast.net','69 Schurz Way','Tangier',27,''),(305,'Rhea','Razoux','rrazoux9i@sciencedaily.com','49 Cambridge Place','Jiangna',1,''),(306,'Brendin','Swanson','bswanson9j@forbes.com','982 Carberry Center','Zaboli',23,''),(307,'Carlen','Abthorpe','cabthorpe9k@google.pl','13398 Amoth Way','Suqiaoxiang',39,''),(308,'Allina','Chretien','achretien9l@qq.com','770 Amoth Plaza','Kashima-shi',35,'314-0048'),(309,'Ben','Walworth','bwalworth9m@who.int','07 Dayton Road','Cizkovice',2,'411 12'),(310,'Wrennie','Rosenqvist','wrosenqvist9n@ovh.net','292 Arapahoe Center','Santo Aleixo',19,'7450-227'),(311,'Alanah','Klejna','aklejna9o@indiegogo.com','98106 Southridge Center','Hungju-dong',18,''),(312,'Brig','Faber','bfaber9p@shop-pro.jp','98 Clove Way','Gaizhou',11,''),(313,'Nanni','Goghin','ngoghin9q@blogger.com','5 Butternut Parkway','Gaoqiao',3,''),(314,'Archambault','Kemmons','akemmons9r@biglobe.ne.jp','12 Village Green Junction','Nanyuan',18,''),(315,'Ana','Michin','amichin9s@edublogs.org','9439 Lotheville Terrace','Arnhem',2,'6824'),(316,'Raimund','Dy','rdy9t@illinois.edu','14832 2nd Court','Noshiro',35,'921-8804'),(317,'Arlan','Meneux','ameneux9u@exblog.jp','3 Schiller Drive','Al Mansurah',17,''),(318,'Almeda','Carlos','acarlos9v@a8.net','20312 Debra Circle','Pore',7,'852058'),(319,'Egan','Ramm','eramm9w@ucoz.com','5 Arapahoe Place','Longtang',4,''),(320,'Harrie','Cescoti','hcescoti9x@shareasale.com','92872 Truax Alley','Ilam',15,''),(321,'Shermie','Brisbane','sbrisbane9y@ucla.edu','95 Merrick Terrace','Putukrejo',18,''),(322,'Shepard','Jedrzejczak','sjedrzejczak9z@soup.io','7 Homewood Park','Guandiping',28,''),(323,'Linea','Annear','lanneara0@google.it','8307 Declaration Hill','Nyuksenitsa',37,'161396'),(324,'Gilbertine','Minichi','gminichia1@salon.com','23877 6th Plaza','Orleans',20,'45922 CEDEX 9'),(325,'Lurette','Skippen','lskippena2@msu.edu','37314 Comanche Point','Huitong',31,''),(326,'Gelya','Rabson','grabsona3@ning.com','0 Cherokee Court','Kegums',5,''),(327,'Nollie','Legonidec','nlegonideca4@indiegogo.com','68296 Acker Hill','Kujang',7,''),(328,'Tandie','Cockroft','tcockrofta5@bbb.org','861 Cardinal Pass','Wangunjaya',22,''),(329,'Husain','Lankham','hlankhama6@disqus.com','63132 Sherman Alley','Emmen',20,'7824'),(330,'Twila','Richardeau','trichardeaua7@pcworld.com','248 Pawling Lane','Malaya Purga',30,'427820'),(331,'Dionis','Grimwood','dgrimwooda8@wix.com','373 Melvin Trail','Liuli',18,''),(332,'Eda','Lavallin','elavallina9@csmonitor.com','115 4th Hill','Zelenograd',26,'143912'),(333,'Isidoro','Olner','iolneraa@dell.com','2384 Westend Pass','Cornillon',12,''),(334,'Julie','Bowery','jboweryab@princeton.edu','03659 Green Street','Chaumont',36,'52011 CEDEX'),(335,'Jyoti','Cummins','jcumminsac@blog.com','116 Declaration Center','Buga',35,''),(336,'Ella','Carn','ecarnad@de.vu','53447 Spohn Crossing','Gandapura',23,''),(337,'Eleonore','Roseaman','eroseamanae@si.edu','307 Vidon Drive','Ayn al Arab',36,''),(338,'Zeke','Bradwell','zbradwellaf@apache.org','317 Green Parkway','Alexandroupoli',2,''),(339,'Fay','Robey','frobeyag@toplist.cz','781 Iowa Court','Porciuncula',21,'28390-000'),(340,'Carleen','Newbegin','cnewbeginah@webmd.com','63921 Emmet Parkway','Xojayli Shahri',16,''),(341,'Nadean','Ambrosoni','nambrosoniai@amazon.de','0021 Dexter Point','Zaprudnya',10,'141960'),(342,'Frankie','Sandeman','fsandemanaj@fema.gov','6884 Myrtle Drive','Omu Aran',37,''),(343,'Annalee','Aupol','aaupolak@nba.com','988 Spenser Avenue','Trakan Phut Phon',8,'90120'),(344,'Grover','MacAlpyne','gmacalpyneal@wsj.com','722 Golf Course Drive','Montijo',7,'2870-005'),(345,'Mattias','Lowing','mlowingam@netvibes.com','13 Kings Drive','Phatthalung',1,'73130'),(346,'Craggie','Nacey','cnaceyan@flavors.me','5647 La Follette Place','Cha anpu',23,''),(347,'Deck','Weine','dweineao@youku.com','8725 Donald Crossing','Santa Cruz de la Sierra',9,''),(348,'Clementine','Mabbot','cmabbotap@free.fr','26491 Dawn Point','Pinas',1,''),(349,'Mikey','Parrington','mparringtonaq@constantcontact.com','915 Charing Cross Drive','Philadelphia',24,'19191'),(350,'Reid','McAlindon','rmcalindonar@npr.org','68067 Anthes Park','Gamping Lor',22,''),(351,'Walliw','Synnot','wsynnotas@blogger.com','6967 Moulton Park','Vale de Figueira',8,'2000-715'),(352,'Missy','Noquet','mnoquetat@reverbnation.com','68 Old Shore Park','Gorgan',19,''),(353,'Yancy','Haggerwood','yhaggerwoodau@china.com.cn','72 Roth Terrace','Bulung ur',3,''),(354,'Johann','Isaak','jisaakav@dagondesign.com','5510 Anzinger Junction','Beishan',32,''),(355,'Pepi','Sherbrooke','psherbrookeaw@latimes.com','0692 Hoard Center','Guaira',1,'14790-000'),(356,'Fredrick','Ramey','frameyax@google.nl','53 Washington Plaza','Lardos',20,''),(357,'Marchelle','Bultitude','mbultitudeay@thetimes.co.uk','516 Swallow Center','Cengjia',8,''),(358,'Frankie','Gimert','fgimertaz@icq.com','92 Doe Crossing Circle','Shahe',41,''),(359,'Law','Custance','lcustanceb0@multiply.com','062 Glendale Court','Dallas',10,'75216'),(360,'Imogen','Tyrwhitt','ityrwhittb1@behance.net','93852 Sage Trail','Harstad',1,'9498'),(361,'Sharon','Galliard','sgalliardb2@cbc.ca','8028 Lunder Road','Dalun',37,''),(362,'Shaun','Beinisch','sbeinischb3@cnn.com','292 Wayridge Parkway','Duraykish',20,''),(363,'Jenn','Griffin','jgriffinb4@dedecms.com','328 Paget Way','San Luis',14,'8511'),(364,'Austina','Crose','acroseb5@apple.com','1 Scott Place','Wassu',21,''),(365,'Rob','Prestwich','rprestwichb6@lulu.com','71719 Erie Circle','Zurich',8,'8004'),(366,'Osmond','MacKellar','omackellarb7@privacy.gov.au','30 Menomonie Pass','Weicheng',26,''),(367,'Clarissa','O\'Leagham','coleaghamb8@xinhuanet.com','7722 Forest Center','Lanxi',14,''),(368,'Marven','Barcke','mbarckeb9@usatoday.com','5 Michigan Center','Ash Shihr',11,''),(369,'Nathalia','Gerault','ngeraultba@tinypic.com','632 Prairieview Court','Kraaifontein',5,'7571'),(370,'Marabel','Short','mshortbb@google.es','7 Glacier Hill Lane','Puerto Parra',10,'686008'),(371,'Nickie','Smallthwaite','nsmallthwaitebc@theguardian.com','40839 Warbler Hill','Chazon',21,'2675'),(372,'Alick','Train','atrainbd@vistaprint.com','01464 Basil Avenue','Sumberan',25,''),(373,'Ben','Plaschke','bplaschkebe@adobe.com','0119 East Parkway','Karaundi',15,'30001'),(374,'Korie','Brecon','kbreconbf@wp.com','4 Annamark Circle','Dinh Lap',30,''),(375,'Perren','Marquess','pmarquessbg@hostgator.com','78 Schiller Avenue','Tierra y Libertad',40,'27040'),(376,'Alwyn','Halgarth','ahalgarthbh@webmd.com','782 Charing Cross Drive','Boshkengash',29,''),(377,'Johan','Syres','jsyresbi@slideshare.net','62640 Basil Place','Kawm Hamadah',35,''),(378,'Harmonie','Sympson','hsympsonbj@statcounter.com','42 Oxford Pass','Al Jumum',38,''),(379,'Killian','Letts','klettsbk@wisc.edu','614 Pennsylvania Circle','Krajan Tekung',5,''),(380,'Georgetta','Barrott','gbarrottbl@xinhuanet.com','0295 Butterfield Parkway','Hilversum',9,'1209'),(381,'Zach','Lince','zlincebm@google.co.jp','0 Anderson Circle','Dahu',5,''),(382,'Dennie','Schroter','dschroterbn@multiply.com','13617 Bartelt Parkway','Vahdat',15,''),(383,'Eba','O\'Donovan','eodonovanbo@smh.com.au','4 Hanover Circle','Flandes',41,'733517'),(384,'Moll','Domeney','mdomeneybp@tuttocitta.it','47 Dixon Terrace','Azenha',35,'4620-875'),(385,'Gillan','Cometto','gcomettobq@csmonitor.com','43032 Boyd Crossing','Tugulym',29,'623650'),(386,'Georgeanne','Petrovykh','gpetrovykhbr@who.int','848 Kenwood Park','Vinha',21,'4820-005'),(387,'Clevie','Hayne','chaynebs@jimdo.com','2 Fair Oaks Court','Bystrzyca',15,'60-852'),(388,'Jozef','Trubshawe','jtrubshawebt@mayoclinic.com','7 Bay Road','Mgandu',35,''),(389,'Clyde','Seymour','cseymourbu@fotki.com','8460 Forest Dale Crossing','Geser',20,''),(390,'Sula','Mulcahy','smulcahybv@wordpress.org','493 Dayton Crossing','Nimes',1,'30935 CEDEX 9'),(391,'Devon','Scanlon','dscanlonbw@unicef.org','86075 Welch Court','Amagarapati',11,''),(392,'Dwayne','Paulack','dpaulackbx@arizona.edu','2452 Chive Center','Bang Len',12,'73130'),(393,'Modestine','Bartosiak','mbartosiakby@mozilla.org','84699 Fremont Circle','Petionville',13,''),(394,'Berri','Esch','beschbz@creativecommons.org','9172 Bowman Road','Governador Valadares',34,'35000-000'),(395,'Eugenia','Brimblecomb','ebrimblecombc0@usgs.gov','2404 Mallory Way','Basicao Coastal',22,'1267'),(396,'Gaspar','Moules','gmoulesc1@plala.or.jp','53519 Little Fleur Trail','Donggaocun',35,''),(397,'Brenden','Sandaver','bsandaverc2@washington.edu','51 Hooker Road','Krajan Suko Kidul',9,''),(398,'Courtenay','Doyle','cdoylec3@ebay.com','424 Loftsgordon Junction','Kandete',25,''),(399,'Ray','Hakes','rhakesc4@so-net.ne.jp','55913 Comanche Junction','Pho Thong',22,'14120'),(400,'Darrell','Lorden','dlordenc5@lulu.com','71 Fairfield Place','Huachos',19,''),(401,'Amandie','Khristoforov','akhristoforovc6@spiegel.de','8 Sugar Place','Dikirnis',20,''),(402,'Ray','Galer','rgalerc7@webs.com','8 Cambridge Parkway','Khlong Luang',41,'12120'),(403,'Lev','Cuffley','lcuffleyc8@rambler.ru','07 Pennsylvania Parkway','Sindangsari',17,''),(404,'Trev','Donati','tdonatic9@ifeng.com','170 Arrowood Point','Poste du Lac',19,''),(405,'Helen-elizabeth','Pedrozzi','hpedrozzica@omniture.com','7 Lake View Center','Rungkam',10,''),(406,'Norah','Jarman','njarmancb@feedburner.com','22257 Springs Avenue','Independencia',17,'89759'),(407,'Belva','Tschursch','btschurschcc@ameblo.jp','1032 Melby Center','Darkton',10,''),(408,'Sheffy','Ducham','sduchamcd@ovh.net','4 Sage Point','Tsaghkadzor',17,''),(409,'Alfred','Bradborne','abradbornece@liveinternet.ru','20105 Farmco Center','Zhoupi',18,''),(410,'Tedda','Sisey','tsiseycf@addtoany.com','070 Clemons Place','Tama',39,'5385'),(411,'Lurlene','Galbraith','lgalbraithcg@dagondesign.com','12 Manufacturers Terrace','Phalaborwa',38,'1396'),(412,'Corine','Christofides','cchristofidesch@artisteer.com','9323 Heath Avenue','Binagadi',33,''),(413,'Natale','Kellog','nkellogci@springer.com','43 Northview Park','Trollhattan',33,'461 91'),(414,'Rycca','Galpin','rgalpincj@lycos.com','0873 Oneill Street','Gotemba',17,'412-0048'),(415,'Karoly','Eich','keichck@cmu.edu','6774 Debra Trail','Emiliano Zapata',39,'86690'),(416,'Artemus','Jeandel','ajeandelcl@blogspot.com','726 Heffernan Street','Botao',8,'2422'),(417,'Kissie','Shillitto','kshillittocm@fema.gov','6657 Bay Park','Skaryszew',25,'26-640'),(418,'Reggie','Pauler','rpaulercn@harvard.edu','66202 Stoughton Hill','Pondoktelo',38,''),(419,'Hildagard','Kirwin','hkirwinco@pinterest.com','90431 Sunfield Drive','Bethanie',19,''),(420,'Hermon','Popham','hpophamcp@examiner.com','61 Arkansas Parkway','Cruz del Eje',37,'5280'),(421,'Daron','Kewish','dkewishcq@mashable.com','16540 Burrows Place','Banjarmasin',34,''),(422,'Jasun','Olanda','jolandacr@ed.gov','8300 Havey Park','Cansolungon',6,'7008'),(423,'Sargent','Tweede','stweedecs@geocities.com','528 Lakeland Drive','Barvinkove',19,''),(424,'Bartolomeo','Pawlett','bpawlettct@springer.com','07 Sunbrook Hill','Bitung',7,''),(425,'Sanford','Crus','scruscu@newyorker.com','989 Northridge Drive','Libog',21,'3905'),(426,'Araldo','Ianinotti','aianinotticv@infoseek.co.jp','2865 Sugar Lane','Quintela',39,'3640-170'),(427,'Zenia','Suter','zsutercw@ask.com','7 Talisman Avenue','Jorong Lauk',30,''),(428,'Hoyt','Tebbs','htebbscx@marketwatch.com','69391 Lindbergh Park','Parrita',23,'60901'),(429,'Rosette','Mor','rmorcy@comsenz.com','914 Arrowood Alley','Hamar',34,'2305'),(430,'Roosevelt','Meads','rmeadscz@google.ru','4 Welch Lane','Otsuki',13,'402-0056'),(431,'Maximilian','Cropton','mcroptond0@rakuten.co.jp','7488 Arapahoe Trail','Amper',17,''),(432,'Flss','Robins','frobinsd1@reuters.com','59493 Waxwing Avenue','Shengping',30,''),(433,'Maggie','Purchon','mpurchond2@youtube.com','21 Karstens Hill','Miroes',16,'3700-622'),(434,'Cindee','Currie','ccurried3@ezinearticles.com','7 Jay Way','Da an',17,''),(435,'Harli','Rupke','hrupked4@unesco.org','05630 Marquette Avenue','Maracana',25,'68710-000'),(436,'Sergio','Le Breton','slebretond5@exblog.jp','33168 Johnson Drive','Bayt Lid',17,''),(437,'Terrel','Baert','tbaertd6@ucla.edu','2 Katie Court','Pedro Miguel',9,'9900-425'),(438,'Lannie','McEntegart','lmcentegartd7@wired.com','93 John Wall Trail','Kuafeu',40,''),(439,'Lilias','Corgenvin','lcorgenvind8@mtv.com','08297 Golden Leaf Park','Zheleznodorozhnyy',13,'393925'),(440,'Sherman','Stemp','sstempd9@indiegogo.com','58498 Clyde Gallagher Place','Yangyu',2,''),(441,'Evelyn','Batchelder','ebatchelderda@godaddy.com','1 Orin Hill','Valencia',26,'6306'),(442,'De witt','Milksop','dmilksopdb@merriam-webster.com','74498 Kinsman Terrace','Leppavirta',3,'79101'),(443,'Penny','Laing','plaingdc@edublogs.org','0849 Hintze Point','Khuan Don',13,'48150'),(444,'Ealasaid','Annott','eannottdd@unblog.fr','4 Waubesa Crossing','Noyelles-sous-Lens',17,'62247 CEDEX'),(445,'Manon','Innocent','minnocentde@livejournal.com','24599 Anniversary Park','Mullsjo',6,'565 31'),(446,'Iago','Mycock','imycockdf@baidu.com','52364 Forest Run Junction','Caxito',4,''),(447,'Moira','Steet','msteetdg@oracle.com','57517 Eagan Trail','Yidu',7,''),(448,'Brigham','Lothlorien','blothloriendh@mashable.com','6247 Ronald Regan Point','Gislaved',37,'332 37'),(449,'Addison','Blannin','ablannindi@mlb.com','40 Pine View Crossing','Janowice',34,'33-115'),(450,'Graeme','Maas','gmaasdj@utexas.edu','0 Shasta Street','Rengo',11,''),(451,'Brewster','Carthew','bcarthewdk@edublogs.org','2388 Debra Trail','Jarry',35,'97188 CEDEX'),(452,'Delphinia','Jacobsohn','djacobsohndl@ycombinator.com','33 Caliangt Plaza','Serebryanyye Prudy',15,'142970'),(453,'Mildred','Mose','mmosedm@google.cn','660 Lyons Trail','Nanmo',11,''),(454,'Otto','Raffles','orafflesdn@woothemes.com','6314 Division Terrace','Syevyerodonetsk',32,''),(455,'Hortense','Cayser','hcayserdo@artisteer.com','233 Raven Point','Klyuchevsk',39,'623725'),(456,'Goldie','Kembrey','gkembreydp@google.co.uk','36 Calypso Alley','Sulitair',40,''),(457,'Krishnah','Besemer','kbesemerdq@japanpost.jp','5690 Park Meadow Avenue','Xinhui',34,''),(458,'Kira','Wildber','kwildberdr@opensource.org','0751 Stang Parkway','Selopuro',19,''),(459,'Hervey','Atley','hatleyds@hao123.com','2 Tennessee Lane','Kyosai',36,''),(460,'Twyla','Mitcheson','tmitchesondt@scientificamerican.com','62508 Monica Drive','Yujiao',36,''),(461,'Bobina','Lismer','blismerdu@omniture.com','8 Stephen Court','Palermo',39,'412008'),(462,'Vale','Mougenel','vmougeneldv@narod.ru','2 Delladonna Point','Kavieng',8,'');
/*!40000 ALTER TABLE `customers` ENABLE KEYS */;
UNLOCK TABLES;
/*!40103 SET TIME_ZONE=@OLD_TIME_ZONE */;

/*!40101 SET SQL_MODE=@OLD_SQL_MODE */;
/*!40014 SET FOREIGN_KEY_CHECKS=@OLD_FOREIGN_KEY_CHECKS */;
/*!40014 SET UNIQUE_CHECKS=@OLD_UNIQUE_CHECKS */;
/*!40101 SET CHARACTER_SET_CLIENT=@OLD_CHARACTER_SET_CLIENT */;
/*!40101 SET CHARACTER_SET_RESULTS=@OLD_CHARACTER_SET_RESULTS */;
/*!40101 SET COLLATION_CONNECTION=@OLD_COLLATION_CONNECTION */;
/*!40111 SET SQL_NOTES=@OLD_SQL_NOTES */;

/*!40101 SET @OLD_CHARACTER_SET_CLIENT=@@CHARACTER_SET_CLIENT */;
/*!40101 SET @OLD_CHARACTER_SET_RESULTS=@@CHARACTER_SET_RESULTS */;
/*!40101 SET @OLD_COLLATION_CONNECTION=@@COLLATION_CONNECTION */;
/*!50503 SET NAMES utf8 */;
/*!40103 SET @OLD_TIME_ZONE=@@TIME_ZONE */;
/*!40103 SET TIME_ZONE='+00:00' */;
/*!40014 SET @OLD_UNIQUE_CHECKS=@@UNIQUE_CHECKS, UNIQUE_CHECKS=0 */;
/*!40014 SET @OLD_FOREIGN_KEY_CHECKS=@@FOREIGN_KEY_CHECKS, FOREIGN_KEY_CHECKS=0 */;
/*!40101 SET @OLD_SQL_MODE=@@SQL_MODE, SQL_MODE='NO_AUTO_VALUE_ON_ZERO' */;
/*!40111 SET @OLD_SQL_NOTES=@@SQL_NOTES, SQL_NOTES=0 */;

--
-- Table structure for table `country`
--

DROP TABLE IF EXISTS `country`;
/*!40101 SET @saved_cs_client     = @@character_set_client */;
/*!50503 SET character_set_client = utf8mb4 */;
CREATE TABLE `country` (
  `countryCode` int NOT NULL,
  `name` varchar(50) DEFAULT NULL,
  PRIMARY KEY (`countryCode`)
) ENGINE=InnoDB DEFAULT CHARSET=utf8mb4 COLLATE=utf8mb4_0900_ai_ci;
/*!40101 SET character_set_client = @saved_cs_client */;

--
-- Dumping data for table `country`
--

LOCK TABLES `country` WRITE;
/*!40000 ALTER TABLE `country` DISABLE KEYS */;
INSERT INTO `country` VALUES (1,'Belarus'),(2,'Bolivia'),(3,'Brazil'),(4,'Cameroon'),(5,'Canada'),(6,'China'),(7,'Colombia'),(8,'Czech Republic'),(9,'Egypt'),(10,'El Salvador'),(11,'Finland'),(12,'France'),(13,'Indonesia'),(14,'Japan'),(15,'Liberia'),(16,'Lithuania'),(17,'Madagascar'),(18,'Mauritania'),(19,'Mongolia'),(20,'Myanmar'),(21,'Netherlands'),(22,'Nicaragua'),(23,'Nigeria'),(24,'Pakistan'),(25,'Paraguay'),(26,'Peru'),(27,'Philippines'),(28,'Poland'),(29,'Portugal'),(30,'Russia'),(31,'Serbia'),(32,'Sweden'),(33,'Switzerland'),(34,'Syria'),(35,'Thailand'),(36,'Ukraine'),(37,'United States'),(38,'Venezuela'),(39,'Vietnam'),(40,'Yemen'),(41,'Zambia');
/*!40000 ALTER TABLE `country` ENABLE KEYS */;
UNLOCK TABLES;
/*!40103 SET TIME_ZONE=@OLD_TIME_ZONE */;

/*!40101 SET SQL_MODE=@OLD_SQL_MODE */;
/*!40014 SET FOREIGN_KEY_CHECKS=@OLD_FOREIGN_KEY_CHECKS */;
/*!40014 SET UNIQUE_CHECKS=@OLD_UNIQUE_CHECKS */;
/*!40101 SET CHARACTER_SET_CLIENT=@OLD_CHARACTER_SET_CLIENT */;
/*!40101 SET CHARACTER_SET_RESULTS=@OLD_CHARACTER_SET_RESULTS */;
/*!40101 SET COLLATION_CONNECTION=@OLD_COLLATION_CONNECTION */;
/*!40111 SET SQL_NOTES=@OLD_SQL_NOTES */;


/*!40101 SET @OLD_CHARACTER_SET_CLIENT=@@CHARACTER_SET_CLIENT */;
/*!40101 SET @OLD_CHARACTER_SET_RESULTS=@@CHARACTER_SET_RESULTS */;
/*!40101 SET @OLD_COLLATION_CONNECTION=@@COLLATION_CONNECTION */;
/*!50503 SET NAMES utf8 */;
/*!40103 SET @OLD_TIME_ZONE=@@TIME_ZONE */;
/*!40103 SET TIME_ZONE='+00:00' */;
/*!40014 SET @OLD_UNIQUE_CHECKS=@@UNIQUE_CHECKS, UNIQUE_CHECKS=0 */;
/*!40014 SET @OLD_FOREIGN_KEY_CHECKS=@@FOREIGN_KEY_CHECKS, FOREIGN_KEY_CHECKS=0 */;
/*!40101 SET @OLD_SQL_MODE=@@SQL_MODE, SQL_MODE='NO_AUTO_VALUE_ON_ZERO' */;
/*!40111 SET @OLD_SQL_NOTES=@@SQL_NOTES, SQL_NOTES=0 */;

--
-- Table structure for table `benefits`
--

DROP TABLE IF EXISTS `benefits`;
/*!40101 SET @saved_cs_client     = @@character_set_client */;
/*!50503 SET character_set_client = utf8mb4 */;
CREATE TABLE `benefits` (
  `Job_Title` varchar(45) NOT NULL,
  `Job_Type` varchar(15) NOT NULL,
  `Roth_401k` tinyint(1) DEFAULT NULL,
  `HealthIns` varchar(15) DEFAULT NULL,
  `DentalIns` varchar(15) DEFAULT NULL,
  `VisionIns` varchar(15) DEFAULT NULL,
  PRIMARY KEY (`Job_Title`,`Job_Type`),
  CONSTRAINT `benefits_ibfk_1` FOREIGN KEY (`Job_Title`) REFERENCES `positions` (`Job_Title`)
) ENGINE=InnoDB DEFAULT CHARSET=utf8mb4 COLLATE=utf8mb4_0900_ai_ci;
/*!40101 SET character_set_client = @saved_cs_client */;

--
-- Dumping data for table `benefits`
--

LOCK TABLES `benefits` WRITE;
/*!40000 ALTER TABLE `benefits` DISABLE KEYS */;
INSERT INTO `benefits` VALUES ('Accountant','Full-Time',1,'Full','Full','Full'),('Accountant','Part-Time',0,'Partial','Partial','Partial'),('Accountant','Temporary',0,'Partial','Partial','Partial'),('Customer service representative','Full-Time',1,'Full','Full','Full'),('Customer service representative','Part-Time',1,'Partial','Partial','Partial'),('Customer service representative','Temporary',0,'None','None','None'),('Department manager','Full-Time',1,'Full','Full','Full'),('Department manager','Part-Time',0,'Partial','Partial','Partial'),('Department manager','Temporary',0,'Partial','Partial','Partial'),('Inventory manager','Full-Time',1,'Full','Full','Full'),('Inventory manager','Temporary',0,'Partial','None','None'),('Procurement specialist','Part-Time',0,'Partial','Partial','Partial'),('Procurement specialist','Temporary',0,'Partial','Partial','Partial'),('Product Manager','Full-Time',1,'Full','Full','Full'),('Product Manager','Part-Time',0,'Partial','Partial','Partial'),('Product Manager','Temporary',0,'Partial','Partial','Partial'),('Promotions coordinator','Full-Time',1,'Full','Full','Full'),('Promotions coordinator','Part-Time',0,'Partial','Partial','Partial'),('Promotions coordinator','Temporary',0,'Partial','Partial','Partial'),('Regional manager','Full-Time',1,'Full','Full','Full'),('Regional manager','Part-Time',0,'Partial','Partial','Partial'),('Regional manager','Temporary',0,'Partial','Partial','Partial'),('Retail marketing specialist','Full-Time',1,'Full','Full','Full'),('Retail marketing specialist','Part-Time',0,'Partial','Partial','Partial'),('Retail marketing specialist','Temporary',0,'Partial','Partial','Partial'),('Sales associate','Full-Time',1,'Full','Full','Full'),('Sales associate','Part-Time',1,'Partial','Partial','Partial'),('Sales associate','Temporary',0,'None','None','None'),('Store manager','Full-Time',1,'Full','Full','Full'),('Store manager','Part-Time',0,'Partial','Partial','Partial'),('Store manager','Temporary',0,'Partial','Partial','None'),('Team leader','Full-Time',1,'Full','Full','Full'),('Team leader','Part-Time',1,'Partial','Partial','Partial'),('Team leader','Temporary',0,'Partial','None','None');
/*!40000 ALTER TABLE `benefits` ENABLE KEYS */;
UNLOCK TABLES;
/*!40103 SET TIME_ZONE=@OLD_TIME_ZONE */;

/*!40101 SET SQL_MODE=@OLD_SQL_MODE */;
/*!40014 SET FOREIGN_KEY_CHECKS=@OLD_FOREIGN_KEY_CHECKS */;
/*!40014 SET UNIQUE_CHECKS=@OLD_UNIQUE_CHECKS */;
/*!40101 SET CHARACTER_SET_CLIENT=@OLD_CHARACTER_SET_CLIENT */;
/*!40101 SET CHARACTER_SET_RESULTS=@OLD_CHARACTER_SET_RESULTS */;
/*!40101 SET COLLATION_CONNECTION=@OLD_COLLATION_CONNECTION */;
/*!40111 SET SQL_NOTES=@OLD_SQL_NOTES */;



